click_id;search_id;user_id;app_id;click_date
1;2;782;10;2025-05-22
2;5;788;84;2025-04-18
3;8;147;37;2025-02-06
4;9;1478;30;2025-06-19
5;11;282;47;2025-04-29
6;12;1831;16;2025-04-21
7;14;1044;66;2025-05-22
8;16;728;76;2025-02-17
9;18;1184;90;2025-03-02
10;20;842;75;2025-05-30
11;21;752;9;2025-01-12
12;22;1164;57;2025-07-01
13;25;1496;79;2025-03-15
14;26;953;45;2025-01-22
15;27;1072;31;2025-01-24
16;30;1298;79;2025-05-30
17;31;640;90;2025-01-15
18;32;1851;70;2025-05-18
19;33;1595;49;2025-05-01
20;34;930;32;2025-05-03
21;39;1489;74;2025-03-08
22;40;126;38;2025-05-31
23;41;347;7;2025-01-16
24;42;1345;12;2025-06-09
25;43;56;55;2025-05-05
26;44;169;99;2025-05-11
27;48;1519;47;2025-06-06
28;50;1350;38;2025-04-05
29;55;1220;37;2025-05-09
30;57;488;97;2025-06-15
31;62;817;71;2025-03-21
32;65;538;69;2025-05-16
33;66;1783;50;2025-01-06
34;67;592;56;2025-04-10
35;68;1390;22;2025-05-16
36;69;1399;49;2025-01-26
37;72;1881;11;2025-03-29
38;74;523;8;2025-04-11
39;76;1206;70;2025-05-16
40;77;692;52;2025-03-24
41;81;213;86;2025-04-01
42;82;450;41;2025-03-06
43;84;1269;35;2025-01-17
44;85;1923;9;2025-06-20
45;87;1307;38;2025-02-01
46;90;1836;73;2025-06-30
47;91;378;40;2025-03-17
48;93;929;90;2025-04-21
49;95;332;29;2025-03-12
50;96;1592;45;2025-04-10
51;97;796;42;2025-01-16
52;100;1902;25;2025-06-08
53;103;1108;49;2025-02-27
54;104;1258;44;2025-04-24
55;109;1338;92;2025-01-11
56;110;1362;28;2025-03-12
57;111;311;50;2025-04-12
58;114;894;86;2025-01-18
59;118;683;79;2025-04-15
60;120;1095;72;2025-01-22
61;124;1354;1;2025-03-20
62;132;631;40;2025-05-19
63;134;76;19;2025-01-15
64;135;692;8;2025-04-15
65;136;243;94;2025-06-19
66;139;1518;25;2025-03-03
67;140;1895;14;2025-01-12
68;142;1340;79;2025-05-03
69;143;1858;45;2025-01-13
70;149;1019;27;2025-06-07
71;150;452;36;2025-02-21
72;152;824;63;2025-01-31
73;154;282;20;2025-02-26
74;155;1566;77;2025-06-02
75;157;248;46;2025-02-06
76;158;1552;28;2025-02-14
77;159;1427;8;2025-05-23
78;161;1896;84;2025-01-13
79;162;274;90;2025-06-11
80;164;33;14;2025-01-22
81;165;14;56;2025-02-17
82;167;1335;22;2025-03-15
83;168;853;21;2025-06-27
84;170;1311;47;2025-05-16
85;172;1922;23;2025-06-08
86;174;369;51;2025-06-07
87;175;1947;9;2025-06-12
88;180;742;94;2025-05-12
89;181;450;39;2025-06-10
90;183;109;27;2025-01-30
91;184;1632;26;2025-06-26
92;188;1321;54;2025-03-15
93;190;685;55;2025-04-28
94;192;1895;75;2025-02-16
95;194;1055;64;2025-01-20
96;196;1214;72;2025-03-26
97;199;1596;60;2025-03-27
98;204;112;48;2025-02-09
99;206;365;18;2025-04-07
100;207;280;59;2025-02-19
101;208;1295;22;2025-03-12
102;209;415;79;2025-02-03
103;211;575;94;2025-01-31
104;212;1745;100;2025-04-29
105;214;451;1;2025-06-06
106;216;1184;65;2025-03-02
107;220;30;38;2025-03-05
108;221;508;98;2025-04-23
109;222;1187;81;2025-06-03
110;223;1938;82;2025-05-29
111;224;1840;43;2025-04-17
112;225;91;99;2025-05-01
113;227;872;87;2025-04-13
114;228;982;90;2025-04-27
115;231;1499;64;2025-02-26
116;232;272;93;2025-03-17
117;234;983;60;2025-02-12
118;236;1531;12;2025-01-08
119;238;1581;77;2025-07-01
120;239;831;97;2025-04-07
121;243;682;81;2025-01-09
122;244;608;85;2025-03-12
123;250;228;45;2025-04-04
124;255;284;18;2025-03-05
125;258;430;17;2025-03-24
126;260;1394;71;2025-03-12
127;261;112;39;2025-04-08
128;262;708;99;2025-05-05
129;263;1027;37;2025-02-03
130;264;963;27;2025-06-24
131;268;1827;7;2025-01-24
132;270;591;97;2025-01-29
133;272;1428;14;2025-05-10
134;276;971;91;2025-04-19
135;278;388;67;2025-01-06
136;279;1786;87;2025-05-15
137;280;1321;95;2025-04-17
138;281;1186;3;2025-06-19
139;282;1324;3;2025-05-07
140;284;912;12;2025-03-21
141;285;1162;81;2025-03-21
142;286;352;73;2025-02-28
143;289;724;43;2025-04-27
144;291;1893;43;2025-05-18
145;294;488;58;2025-01-12
146;300;764;4;2025-05-21
147;301;1998;86;2025-05-18
148;303;829;98;2025-02-08
149;305;320;70;2025-05-21
150;308;1835;77;2025-05-28
151;312;1844;21;2025-02-06
152;313;1389;8;2025-02-01
153;314;631;80;2025-04-13
154;316;732;85;2025-03-25
155;318;400;87;2025-05-17
156;321;1740;3;2025-06-25
157;323;808;16;2025-05-06
158;324;651;92;2025-06-04
159;325;1048;10;2025-06-22
160;326;740;80;2025-02-08
161;327;1467;76;2025-04-07
162;330;631;100;2025-05-25
163;331;180;34;2025-04-26
164;332;1519;25;2025-04-26
165;333;592;82;2025-04-21
166;334;1493;27;2025-02-06
167;335;1712;66;2025-06-05
168;338;687;94;2025-06-03
169;343;1455;67;2025-02-05
170;348;1516;30;2025-02-27
171;353;368;13;2025-06-27
172;354;1321;36;2025-01-08
173;356;1988;86;2025-06-04
174;359;1779;65;2025-06-11
175;361;1676;32;2025-04-08
176;365;655;66;2025-06-29
177;366;278;87;2025-02-11
178;367;109;7;2025-04-05
179;369;594;7;2025-05-17
180;370;1309;38;2025-05-14
181;372;1227;41;2025-05-20
182;377;1687;33;2025-01-06
183;378;281;15;2025-03-14
184;382;453;80;2025-05-26
185;383;1257;91;2025-05-19
186;384;1460;38;2025-06-29
187;385;1549;98;2025-04-17
188;386;944;91;2025-01-30
189;393;1525;64;2025-02-28
190;394;264;33;2025-06-26
191;395;465;8;2025-02-03
192;397;871;22;2025-01-21
193;400;68;29;2025-06-01
194;403;136;65;2025-06-20
195;405;1885;81;2025-02-23
196;409;1944;54;2025-04-02
197;410;722;37;2025-05-10
198;411;1600;12;2025-03-04
199;413;203;7;2025-01-05
200;414;1084;66;2025-02-19
201;417;1994;59;2025-02-26
202;418;1886;37;2025-05-04
203;420;901;28;2025-02-17
204;421;1710;74;2025-04-08
205;422;869;90;2025-05-12
206;424;1560;82;2025-02-01
207;425;955;35;2025-05-15
208;427;1444;89;2025-05-25
209;428;1479;76;2025-01-22
210;430;789;68;2025-04-28
211;434;1752;86;2025-02-20
212;437;27;46;2025-06-23
213;438;216;19;2025-04-25
214;440;294;63;2025-04-14
215;442;1519;17;2025-01-19
216;443;745;47;2025-03-29
217;444;411;33;2025-04-16
218;445;252;34;2025-04-20
219;446;1486;37;2025-03-14
220;447;1567;54;2025-06-03
221;449;975;67;2025-04-14
222;452;251;18;2025-05-08
223;457;784;41;2025-06-23
224;461;1540;11;2025-05-08
225;463;602;10;2025-05-06
226;465;704;100;2025-05-21
227;468;922;34;2025-04-09
228;469;907;28;2025-01-11
229;470;68;17;2025-05-25
230;472;337;16;2025-04-22
231;473;276;20;2025-04-10
232;474;999;22;2025-05-27
233;477;963;27;2025-05-26
234;479;115;13;2025-03-09
235;480;1014;18;2025-04-07
236;481;1264;59;2025-03-14
237;482;657;39;2025-01-08
238;484;1715;62;2025-03-31
239;486;1568;55;2025-04-08
240;487;200;77;2025-04-01
241;492;235;48;2025-02-13
242;493;41;1;2025-03-27
243;494;77;68;2025-06-18
244;496;1055;46;2025-03-12
245;502;1018;12;2025-06-22
246;506;1736;13;2025-05-20
247;507;439;67;2025-03-10
248;513;1641;16;2025-05-02
249;516;1688;72;2025-05-10
250;517;1647;91;2025-04-23
251;518;1359;18;2025-03-24
252;519;410;33;2025-04-13
253;520;515;76;2025-05-14
254;523;1441;40;2025-02-17
255;524;1182;73;2025-02-26
256;525;1354;13;2025-03-12
257;526;1920;81;2025-06-07
258;527;1747;73;2025-05-27
259;529;411;19;2025-04-30
260;534;547;4;2025-06-17
261;538;394;15;2025-03-05
262;539;1633;18;2025-04-30
263;541;865;67;2025-02-23
264;543;60;22;2025-03-14
265;544;1349;65;2025-02-15
266;548;1233;18;2025-01-17
267;550;1376;64;2025-04-14
268;553;1911;77;2025-05-14
269;554;1361;39;2025-05-15
270;558;1705;98;2025-04-10
271;560;447;80;2025-01-29
272;561;359;5;2025-03-13
273;562;901;75;2025-03-09
274;564;1005;70;2025-04-06
275;565;1433;100;2025-03-25
276;566;1118;65;2025-05-04
277;567;1399;55;2025-03-14
278;568;1802;8;2025-04-03
279;570;44;48;2025-01-10
280;571;1724;3;2025-06-26
281;572;1879;50;2025-03-06
282;573;1132;17;2025-03-21
283;574;1309;18;2025-06-26
284;576;1757;4;2025-04-10
285;577;17;50;2025-03-08
286;579;610;40;2025-02-11
287;582;562;83;2025-05-06
288;585;1689;82;2025-06-28
289;589;929;10;2025-01-15
290;590;1314;7;2025-06-11
291;591;909;76;2025-01-01
292;593;626;25;2025-05-29
293;595;512;15;2025-06-16
294;596;1563;85;2025-06-04
295;599;534;97;2025-06-27
296;600;1215;20;2025-03-15
297;601;407;57;2025-04-17
298;602;753;50;2025-04-12
299;607;1996;20;2025-02-22
300;608;537;37;2025-01-14
301;609;822;97;2025-04-22
302;611;183;29;2025-02-13
303;612;1940;12;2025-02-01
304;613;29;77;2025-04-22
305;614;1584;44;2025-06-22
306;615;1013;96;2025-02-28
307;616;1462;27;2025-02-19
308;617;1938;33;2025-03-16
309;618;1529;50;2025-04-10
310;620;1229;90;2025-03-15
311;621;1489;64;2025-04-19
312;624;483;46;2025-04-27
313;627;22;97;2025-02-04
314;629;815;55;2025-04-10
315;631;525;37;2025-01-27
316;632;1141;7;2025-01-15
317;633;682;62;2025-05-01
318;637;1270;89;2025-03-21
319;638;809;97;2025-02-05
320;641;348;14;2025-05-08
321;642;1906;45;2025-05-01
322;644;1455;73;2025-04-23
323;645;291;12;2025-01-30
324;649;1849;24;2025-06-07
325;650;1699;45;2025-05-13
326;652;647;82;2025-02-09
327;656;964;71;2025-02-11
328;659;905;92;2025-05-26
329;660;994;46;2025-05-09
330;663;1779;42;2025-02-17
331;665;1685;98;2025-05-27
332;666;1825;73;2025-02-26
333;667;1196;18;2025-05-16
334;672;583;99;2025-04-12
335;673;766;68;2025-01-28
336;675;60;66;2025-04-29
337;677;1287;87;2025-06-04
338;678;1348;89;2025-03-27
339;681;1941;62;2025-02-03
340;683;580;98;2025-01-17
341;684;1524;68;2025-05-21
342;686;190;57;2025-03-09
343;690;584;14;2025-02-02
344;695;1050;10;2025-05-08
345;699;1661;22;2025-06-07
346;700;382;14;2025-06-11
347;708;305;10;2025-06-27
348;710;1072;8;2025-03-18
349;711;1165;24;2025-05-22
350;713;221;10;2025-04-19
351;715;1354;37;2025-03-07
352;717;168;14;2025-01-07
353;719;1611;73;2025-04-13
354;720;93;85;2025-04-17
355;721;1796;64;2025-03-23
356;723;922;73;2025-03-11
357;724;700;91;2025-02-26
358;728;809;10;2025-01-04
359;729;352;25;2025-04-28
360;732;621;80;2025-06-08
361;733;739;34;2025-03-20
362;737;1988;90;2025-01-07
363;738;429;82;2025-06-16
364;742;304;79;2025-04-19
365;743;45;53;2025-02-12
366;744;1849;3;2025-06-30
367;748;1167;7;2025-01-14
368;750;1292;9;2025-04-19
369;751;1738;48;2025-05-31
370;754;996;10;2025-06-03
371;755;1485;13;2025-06-23
372;757;1463;32;2025-05-17
373;758;39;64;2025-05-28
374;760;549;20;2025-05-02
375;761;240;15;2025-06-09
376;764;331;79;2025-02-19
377;765;962;96;2025-04-23
378;766;476;10;2025-02-28
379;772;1638;49;2025-06-10
380;773;425;67;2025-06-27
381;775;989;15;2025-02-15
382;777;1008;100;2025-04-18
383;778;1932;23;2025-03-21
384;779;481;20;2025-05-24
385;780;97;49;2025-04-03
386;786;465;56;2025-05-25
387;787;459;9;2025-03-09
388;788;697;20;2025-01-13
389;789;1578;39;2025-03-12
390;790;1836;42;2025-06-26
391;794;1972;92;2025-01-28
392;800;1492;68;2025-04-24
393;801;1561;60;2025-05-09
394;804;1678;22;2025-02-02
395;805;1738;33;2025-04-25
396;807;503;32;2025-03-30
397;808;588;15;2025-02-15
398;809;175;42;2025-04-07
399;811;1290;16;2025-02-10
400;813;1613;20;2025-02-05
401;814;1643;89;2025-04-16
402;817;741;14;2025-04-26
403;818;299;55;2025-05-15
404;820;693;40;2025-04-15
405;822;126;96;2025-01-11
406;824;119;25;2025-03-19
407;825;859;39;2025-06-26
408;826;1436;5;2025-03-21
409;828;17;51;2025-05-17
410;830;828;73;2025-06-15
411;831;421;21;2025-06-11
412;833;906;84;2025-06-17
413;838;438;92;2025-05-12
414;839;1131;54;2025-05-15
415;849;929;60;2025-03-04
416;851;1464;82;2025-06-03
417;852;479;26;2025-03-19
418;853;583;65;2025-06-24
419;856;672;60;2025-05-30
420;857;395;100;2025-04-27
421;860;189;42;2025-04-20
422;863;757;64;2025-04-15
423;866;1197;55;2025-06-14
424;867;868;81;2025-06-27
425;869;1688;94;2025-02-06
426;871;1457;13;2025-02-04
427;872;1983;54;2025-05-17
428;876;1888;26;2025-06-06
429;878;248;28;2025-05-27
430;880;314;43;2025-04-08
431;881;625;45;2025-03-20
432;882;603;21;2025-01-08
433;890;635;82;2025-04-26
434;896;1775;26;2025-01-23
435;898;1278;51;2025-04-10
436;900;1108;47;2025-06-23
437;901;1823;2;2025-03-13
438;904;1291;11;2025-05-25
439;909;1069;46;2025-05-02
440;911;1349;10;2025-02-16
441;912;1971;60;2025-03-14
442;914;1700;74;2025-04-24
443;915;174;77;2025-06-06
444;917;93;48;2025-01-07
445;921;187;48;2025-01-26
446;922;1110;78;2025-03-17
447;924;1574;83;2025-02-11
448;926;347;2;2025-06-07
449;927;1969;63;2025-02-16
450;928;56;2;2025-03-20
451;929;799;51;2025-03-25
452;930;292;58;2025-03-26
453;931;529;25;2025-02-02
454;932;107;82;2025-03-05
455;933;1541;26;2025-05-31
456;936;1945;29;2025-03-12
457;938;1133;32;2025-01-17
458;940;1298;30;2025-01-07
459;945;1164;35;2025-04-25
460;946;172;38;2025-02-22
461;948;1107;49;2025-03-06
462;950;926;49;2025-01-01
463;951;1665;26;2025-06-10
464;956;436;64;2025-05-12
465;958;1514;70;2025-05-27
466;960;810;40;2025-02-05
467;961;1485;37;2025-03-15
468;962;1799;32;2025-02-25
469;964;1811;44;2025-06-12
470;967;432;21;2025-06-05
471;968;673;78;2025-06-28
472;972;1139;37;2025-04-12
473;973;1103;38;2025-06-16
474;976;253;3;2025-04-07
475;977;1695;82;2025-04-04
476;979;18;98;2025-04-30
477;980;759;42;2025-04-25
478;981;20;73;2025-01-08
479;983;1888;45;2025-02-20
480;986;1012;17;2025-01-12
481;987;575;23;2025-06-30
482;988;1448;44;2025-02-23
483;991;1166;96;2025-05-09
484;993;1352;45;2025-06-24
485;994;1398;26;2025-05-27
486;995;360;85;2025-05-31
487;997;532;89;2025-02-28
488;998;1805;63;2025-03-14
489;1000;1389;46;2025-06-07
490;1001;518;68;2025-04-29
491;1004;886;13;2025-03-14
492;1006;1015;45;2025-05-13
493;1007;1555;86;2025-02-27
494;1008;97;26;2025-04-19
495;1009;1091;38;2025-03-24
496;1011;686;12;2025-05-28
497;1012;1655;40;2025-02-28
498;1013;1413;64;2025-01-22
499;1014;1879;59;2025-02-20
500;1015;337;88;2025-03-23
501;1016;129;90;2025-01-10
502;1022;1627;99;2025-01-19
503;1023;1589;21;2025-06-10
504;1025;915;55;2025-02-02
505;1026;176;100;2025-01-09
506;1028;134;99;2025-01-16
507;1029;1883;77;2025-01-17
508;1030;618;71;2025-06-11
509;1035;1541;89;2025-03-02
510;1036;1771;14;2025-06-19
511;1037;1278;85;2025-04-28
512;1039;1803;76;2025-06-09
513;1042;1060;50;2025-06-01
514;1044;26;83;2025-01-18
515;1051;262;11;2025-05-31
516;1052;893;74;2025-06-16
517;1053;1545;99;2025-03-21
518;1054;1196;49;2025-02-09
519;1056;1236;4;2025-03-16
520;1057;756;17;2025-05-13
521;1059;487;89;2025-05-26
522;1063;700;22;2025-06-20
523;1068;333;85;2025-04-27
524;1069;1795;46;2025-05-08
525;1070;450;89;2025-06-13
526;1073;985;80;2025-04-09
527;1075;1692;86;2025-04-04
528;1079;399;26;2025-04-03
529;1080;90;83;2025-02-21
530;1086;43;38;2025-04-08
531;1088;1918;54;2025-03-22
532;1090;1658;13;2025-06-21
533;1091;351;52;2025-06-09
534;1092;1806;23;2025-01-18
535;1093;243;32;2025-02-05
536;1094;1628;6;2025-02-20
537;1095;1091;46;2025-06-28
538;1098;1563;8;2025-06-01
539;1100;1618;44;2025-03-25
540;1101;507;49;2025-06-12
541;1102;1630;50;2025-02-04
542;1104;1815;66;2025-02-24
543;1106;1620;7;2025-01-18
544;1108;1539;45;2025-04-08
545;1109;1022;50;2025-04-30
546;1110;367;14;2025-04-08
547;1112;971;87;2025-05-30
548;1113;822;97;2025-06-17
549;1114;75;56;2025-02-28
550;1115;1833;27;2025-04-27
551;1118;1821;1;2025-05-27
552;1121;1540;66;2025-03-18
553;1122;911;81;2025-04-01
554;1129;368;73;2025-03-01
555;1132;1726;14;2025-05-14
556;1135;243;53;2025-04-04
557;1136;79;68;2025-02-21
558;1137;684;47;2025-06-23
559;1138;675;2;2025-03-19
560;1141;1752;57;2025-03-10
561;1144;1938;17;2025-05-30
562;1146;1340;17;2025-02-10
563;1148;465;66;2025-05-02
564;1151;1480;56;2025-03-30
565;1153;1733;63;2025-04-20
566;1154;1578;11;2025-02-25
567;1156;62;38;2025-02-07
568;1157;1183;31;2025-03-21
569;1158;1932;96;2025-05-09
570;1160;462;24;2025-04-20
571;1161;1405;32;2025-06-27
572;1162;1102;48;2025-03-25
573;1163;1203;67;2025-05-26
574;1164;1609;97;2025-02-06
575;1166;1290;50;2025-06-05
576;1168;419;61;2025-01-17
577;1170;973;89;2025-03-26
578;1171;1167;69;2025-06-13
579;1174;1133;16;2025-01-09
580;1176;55;26;2025-02-21
581;1177;143;92;2025-03-15
582;1178;422;76;2025-03-17
583;1181;1062;58;2025-02-14
584;1183;322;90;2025-02-04
585;1184;1099;33;2025-05-05
586;1185;1522;66;2025-04-11
587;1186;1957;72;2025-02-05
588;1187;1783;98;2025-03-21
589;1193;913;6;2025-04-14
590;1194;1239;99;2025-05-15
591;1195;674;27;2025-05-07
592;1197;81;7;2025-03-17
593;1199;1435;89;2025-04-12
594;1203;788;63;2025-06-29
595;1204;1165;63;2025-04-11
596;1205;1431;12;2025-03-03
597;1206;1814;31;2025-03-14
598;1211;756;12;2025-01-27
599;1212;1034;100;2025-04-16
600;1214;425;94;2025-01-14
601;1217;704;49;2025-02-20
602;1218;813;21;2025-01-05
603;1225;1718;49;2025-06-06
604;1227;255;33;2025-04-12
605;1229;1564;95;2025-06-25
606;1231;734;61;2025-02-25
607;1236;1357;2;2025-04-10
608;1239;100;95;2025-02-21
609;1240;1903;97;2025-04-08
610;1241;1862;95;2025-02-23
611;1242;188;63;2025-04-18
612;1247;344;86;2025-01-12
613;1248;852;51;2025-01-29
614;1251;425;65;2025-04-13
615;1252;1923;66;2025-02-01
616;1255;31;71;2025-06-19
617;1257;436;65;2025-02-28
618;1259;1278;94;2025-01-13
619;1260;138;75;2025-04-17
620;1261;618;38;2025-05-10
621;1262;209;78;2025-05-27
622;1263;352;83;2025-01-27
623;1264;1229;49;2025-06-13
624;1270;920;3;2025-05-13
625;1275;1551;18;2025-06-09
626;1278;414;55;2025-04-09
627;1282;570;3;2025-06-14
628;1283;1612;50;2025-05-15
629;1284;1622;30;2025-06-15
630;1287;497;13;2025-05-20
631;1289;1426;57;2025-06-06
632;1290;1788;13;2025-05-14
633;1291;659;23;2025-04-26
634;1292;1290;48;2025-01-18
635;1293;1782;32;2025-01-20
636;1296;258;89;2025-02-14
637;1302;510;92;2025-03-17
638;1303;1181;39;2025-06-13
639;1304;413;55;2025-05-06
640;1305;164;9;2025-04-12
641;1308;1249;49;2025-02-09
642;1309;1679;82;2025-01-06
643;1310;1561;81;2025-04-21
644;1311;1750;9;2025-03-19
645;1314;780;95;2025-03-20
646;1319;317;83;2025-01-04
647;1322;1926;9;2025-04-06
648;1325;838;99;2025-02-02
649;1327;398;7;2025-03-07
650;1329;1453;87;2025-06-13
651;1330;1411;52;2025-06-30
652;1331;119;32;2025-04-20
653;1333;979;27;2025-04-04
654;1335;1364;9;2025-03-09
655;1337;302;66;2025-03-07
656;1340;240;10;2025-06-15
657;1342;1447;85;2025-01-23
658;1344;340;19;2025-03-08
659;1346;1982;14;2025-06-19
660;1347;1816;35;2025-06-02
661;1349;224;44;2025-03-30
662;1354;199;73;2025-06-29
663;1355;856;29;2025-04-17
664;1356;1341;8;2025-04-23
665;1362;412;83;2025-02-18
666;1363;1658;79;2025-03-09
667;1364;1848;62;2025-04-23
668;1365;1284;62;2025-01-28
669;1367;601;89;2025-04-09
670;1369;701;65;2025-05-31
671;1370;481;99;2025-05-05
672;1371;1378;48;2025-01-05
673;1373;1363;87;2025-01-12
674;1374;199;9;2025-05-16
675;1380;1397;49;2025-03-24
676;1382;1363;97;2025-04-08
677;1384;1789;22;2025-01-28
678;1385;7;55;2025-06-28
679;1387;1233;24;2025-05-17
680;1391;847;2;2025-01-01
681;1393;1298;82;2025-01-12
682;1394;1986;37;2025-06-24
683;1396;993;73;2025-06-07
684;1398;877;98;2025-06-20
685;1399;1756;83;2025-04-11
686;1401;1459;84;2025-05-16
687;1402;1795;35;2025-05-12
688;1405;1705;93;2025-05-02
689;1406;345;49;2025-02-01
690;1408;499;61;2025-02-13
691;1410;891;47;2025-02-12
692;1413;1473;48;2025-06-21
693;1414;976;91;2025-06-22
694;1417;1630;75;2025-02-27
695;1418;1909;54;2025-06-04
696;1419;133;65;2025-04-07
697;1420;1865;20;2025-06-17
698;1421;1316;59;2025-04-23
699;1422;1656;10;2025-02-27
700;1423;531;51;2025-03-17
701;1426;1525;98;2025-05-27
702;1429;1510;95;2025-03-23
703;1431;389;37;2025-04-21
704;1432;655;55;2025-06-24
705;1433;1913;85;2025-05-15
706;1434;1360;55;2025-06-01
707;1435;455;72;2025-04-12
708;1438;1715;9;2025-05-08
709;1439;1393;33;2025-02-08
710;1444;1737;81;2025-05-04
711;1446;597;78;2025-01-17
712;1452;1123;79;2025-03-28
713;1453;866;26;2025-04-02
714;1454;1552;58;2025-04-12
715;1456;579;93;2025-06-30
716;1459;1541;66;2025-01-14
717;1461;1341;93;2025-05-29
718;1463;989;49;2025-02-08
719;1464;430;19;2025-02-20
720;1465;1506;63;2025-04-05
721;1469;1724;63;2025-01-15
722;1471;368;15;2025-02-02
723;1473;889;67;2025-06-11
724;1476;813;26;2025-03-19
725;1478;1337;100;2025-06-29
726;1480;1772;51;2025-03-13
727;1481;1296;93;2025-04-05
728;1482;24;81;2025-01-31
729;1483;170;12;2025-05-06
730;1484;1314;57;2025-02-28
731;1486;1173;100;2025-03-14
732;1490;1171;78;2025-01-27
733;1491;667;9;2025-05-20
734;1492;379;84;2025-07-01
735;1493;41;56;2025-05-25
736;1497;1462;47;2025-02-23
737;1499;1766;86;2025-06-28
738;1500;369;33;2025-05-23
739;1501;916;8;2025-02-03
740;1502;81;20;2025-05-29
741;1505;174;50;2025-05-11
742;1506;612;69;2025-05-21
743;1508;1;69;2025-03-19
744;1510;1350;19;2025-04-26
745;1511;287;52;2025-05-06
746;1514;1103;60;2025-02-24
747;1517;76;98;2025-02-06
748;1521;264;60;2025-04-19
749;1524;1851;30;2025-04-15
750;1529;1428;75;2025-04-08
751;1532;648;88;2025-04-10
752;1538;1863;3;2025-03-12
753;1539;300;35;2025-03-14
754;1540;21;65;2025-04-08
755;1542;1950;78;2025-02-02
756;1543;360;29;2025-03-21
757;1545;1084;49;2025-06-30
758;1547;556;92;2025-01-26
759;1548;1837;93;2025-02-15
760;1550;707;19;2025-05-22
761;1551;1218;90;2025-05-04
762;1552;1214;49;2025-03-10
763;1555;776;31;2025-03-10
764;1557;1389;64;2025-04-18
765;1558;1448;100;2025-02-17
766;1561;1951;54;2025-05-16
767;1562;1929;89;2025-03-21
768;1564;833;69;2025-01-26
769;1565;1300;41;2025-01-20
770;1566;1495;31;2025-01-26
771;1567;339;77;2025-01-17
772;1568;174;56;2025-05-24
773;1570;1971;98;2025-06-23
774;1571;1042;1;2025-05-03
775;1572;1020;79;2025-06-27
776;1575;1263;45;2025-01-04
777;1576;1463;75;2025-07-01
778;1577;1095;19;2025-03-05
779;1578;1514;46;2025-06-26
780;1579;1248;28;2025-06-05
781;1580;919;39;2025-06-24
782;1583;1720;99;2025-05-12
783;1584;724;100;2025-04-21
784;1588;1743;77;2025-03-16
785;1589;613;7;2025-03-17
786;1591;1512;75;2025-04-12
787;1593;1056;2;2025-04-30
788;1596;1261;48;2025-03-28
789;1597;612;56;2025-01-28
790;1598;11;15;2025-02-19
791;1602;1054;6;2025-04-18
792;1605;964;25;2025-04-06
793;1610;287;36;2025-04-23
794;1611;12;57;2025-02-22
795;1615;329;65;2025-05-05
796;1617;863;100;2025-05-23
797;1618;1015;37;2025-03-25
798;1619;1539;10;2025-05-11
799;1620;1487;42;2025-02-04
800;1623;1025;14;2025-06-27
801;1624;485;84;2025-06-24
802;1625;1700;90;2025-04-22
803;1629;1559;34;2025-03-07
804;1631;383;35;2025-03-14
805;1634;1681;55;2025-02-21
806;1636;1496;80;2025-06-06
807;1641;1903;66;2025-04-21
808;1642;37;61;2025-02-21
809;1643;187;49;2025-04-08
810;1644;835;94;2025-03-20
811;1646;689;1;2025-05-05
812;1648;1319;81;2025-03-20
813;1650;575;13;2025-04-18
814;1656;883;51;2025-03-08
815;1657;1943;49;2025-04-05
816;1661;739;45;2025-06-02
817;1662;1084;66;2025-04-07
818;1665;1817;63;2025-02-05
819;1667;85;61;2025-06-19
820;1669;1444;13;2025-01-28
821;1670;154;35;2025-06-08
822;1671;703;73;2025-05-04
823;1672;1559;25;2025-05-18
824;1674;262;99;2025-04-20
825;1678;139;16;2025-04-18
826;1679;1073;55;2025-01-07
827;1680;342;98;2025-03-13
828;1681;1427;87;2025-03-18
829;1682;94;11;2025-01-16
830;1683;1627;81;2025-04-14
831;1684;1014;56;2025-05-14
832;1685;1990;87;2025-02-12
833;1686;897;58;2025-04-09
834;1689;377;29;2025-02-10
835;1690;1172;69;2025-06-01
836;1691;1427;34;2025-05-13
837;1693;531;69;2025-02-26
838;1694;607;50;2025-05-22
839;1697;598;57;2025-06-14
840;1700;510;52;2025-05-19
841;1701;238;98;2025-06-18
842;1702;712;85;2025-04-06
843;1704;1811;7;2025-03-11
844;1705;1479;72;2025-04-17
845;1709;450;15;2025-02-16
846;1710;525;48;2025-05-18
847;1713;528;88;2025-05-24
848;1717;914;14;2025-04-24
849;1720;941;92;2025-02-16
850;1723;578;37;2025-03-23
851;1726;143;86;2025-01-21
852;1730;1489;53;2025-06-04
853;1733;1564;15;2025-02-04
854;1734;509;1;2025-03-11
855;1736;1623;19;2025-01-29
856;1737;1111;69;2025-01-24
857;1738;415;41;2025-05-05
858;1739;1556;100;2025-04-26
859;1741;680;64;2025-02-10
860;1742;500;78;2025-05-22
861;1745;1690;85;2025-01-27
862;1746;1116;100;2025-01-27
863;1747;1048;72;2025-02-06
864;1749;465;49;2025-04-10
865;1752;788;83;2025-05-06
866;1754;209;40;2025-04-03
867;1757;1835;28;2025-06-06
868;1758;310;8;2025-04-22
869;1759;1087;27;2025-06-03
870;1760;372;47;2025-02-08
871;1762;1675;26;2025-04-01
872;1763;1793;14;2025-03-12
873;1765;756;65;2025-01-21
874;1766;1616;39;2025-02-09
875;1767;1593;74;2025-03-23
876;1768;303;96;2025-04-25
877;1769;1478;80;2025-01-20
878;1770;232;98;2025-04-21
879;1771;1966;90;2025-02-08
880;1774;654;70;2025-04-20
881;1780;1091;82;2025-03-02
882;1784;179;68;2025-04-04
883;1785;6;36;2025-01-05
884;1787;1962;62;2025-01-29
885;1789;1739;96;2025-03-18
886;1790;943;44;2025-05-23
887;1791;1991;74;2025-03-04
888;1792;432;65;2025-01-15
889;1794;1971;43;2025-04-07
890;1795;1502;5;2025-06-30
891;1796;1977;43;2025-04-07
892;1797;111;85;2025-06-19
893;1798;1192;48;2025-05-03
894;1800;62;40;2025-04-06
895;1801;290;9;2025-03-05
896;1803;1703;58;2025-02-08
897;1806;1431;78;2025-05-01
898;1807;843;42;2025-04-24
899;1809;228;45;2025-01-16
900;1810;1805;47;2025-06-05
901;1812;329;87;2025-04-12
902;1813;1706;39;2025-06-24
903;1814;1942;61;2025-05-22
904;1815;1457;55;2025-05-29
905;1816;1028;93;2025-03-02
906;1817;868;35;2025-03-11
907;1820;821;1;2025-01-16
908;1821;449;48;2025-02-18
909;1824;960;45;2025-03-22
910;1825;1337;46;2025-04-08
911;1826;338;89;2025-04-08
912;1827;1325;69;2025-02-19
913;1830;1595;5;2025-01-09
914;1831;491;51;2025-02-12
915;1836;1904;67;2025-03-05
916;1838;1157;70;2025-05-26
917;1844;1540;77;2025-04-04
918;1845;1995;3;2025-06-30
919;1847;835;33;2025-01-27
920;1848;1029;3;2025-01-09
921;1849;1203;86;2025-05-03
922;1850;1201;92;2025-03-18
923;1851;331;79;2025-06-26
924;1852;949;11;2025-06-12
925;1853;192;28;2025-02-25
926;1854;1654;64;2025-02-13
927;1856;1493;18;2025-06-17
928;1857;1072;27;2025-04-26
929;1858;1609;55;2025-03-30
930;1860;1753;27;2025-01-11
931;1862;428;6;2025-06-06
932;1864;1286;30;2025-01-26
933;1865;1649;19;2025-02-06
934;1866;1570;85;2025-05-22
935;1867;1777;27;2025-05-08
936;1870;140;27;2025-05-30
937;1871;745;25;2025-01-24
938;1873;529;87;2025-03-09
939;1874;1563;79;2025-06-18
940;1875;1893;19;2025-02-02
941;1876;1991;49;2025-05-05
942;1880;752;60;2025-06-10
943;1883;922;84;2025-06-26
944;1884;88;50;2025-06-15
945;1885;117;9;2025-07-01
946;1887;317;26;2025-03-17
947;1888;770;40;2025-05-28
948;1889;818;83;2025-02-27
949;1893;224;6;2025-02-16
950;1894;1499;70;2025-04-14
951;1896;823;25;2025-01-19
952;1897;650;47;2025-06-05
953;1903;1164;72;2025-06-05
954;1904;1586;42;2025-01-16
955;1906;970;63;2025-01-15
956;1907;434;35;2025-06-27
957;1908;867;46;2025-03-07
958;1909;1302;14;2025-01-22
959;1916;1833;25;2025-03-30
960;1917;1973;55;2025-02-13
961;1919;987;11;2025-05-20
962;1920;1411;22;2025-06-28
963;1922;1169;83;2025-01-05
964;1924;160;27;2025-06-09
965;1927;309;39;2025-02-08
966;1929;1623;43;2025-03-10
967;1933;75;73;2025-02-20
968;1940;1678;20;2025-06-30
969;1942;841;80;2025-04-01
970;1946;878;9;2025-02-16
971;1947;1133;26;2025-02-13
972;1950;581;3;2025-01-27
973;1956;1191;96;2025-06-21
974;1957;594;46;2025-02-25
975;1959;781;14;2025-02-20
976;1962;1860;28;2025-01-02
977;1963;1925;14;2025-03-01
978;1964;1040;75;2025-03-11
979;1966;1718;13;2025-06-23
980;1968;67;25;2025-01-07
981;1971;687;17;2025-05-27
982;1972;881;30;2025-05-25
983;1973;1994;96;2025-02-21
984;1974;1263;38;2025-01-15
985;1975;1642;61;2025-04-20
986;1976;264;5;2025-02-15
987;1977;826;80;2025-05-14
988;1978;325;57;2025-03-02
989;1986;57;23;2025-05-21
990;1988;784;23;2025-02-05
991;1990;491;46;2025-03-19
992;1991;397;88;2025-03-04
993;1992;1488;92;2025-03-09
994;1995;48;5;2025-01-28
995;1996;228;73;2025-06-03
996;1997;252;26;2025-02-08
997;1999;191;44;2025-05-08
998;2000;1730;72;2025-02-25
999;2001;801;82;2025-05-06
1000;2003;151;24;2025-06-10
1001;2004;157;37;2025-06-25
1002;2007;369;79;2025-01-05
1003;2012;1120;62;2025-02-12
1004;2014;395;73;2025-01-09
1005;2017;1776;68;2025-01-30
1006;2020;171;81;2025-03-12
1007;2021;561;88;2025-02-22
1008;2022;1953;16;2025-03-31
1009;2023;1451;85;2025-06-16
1010;2026;1889;38;2025-03-06
1011;2027;355;15;2025-06-26
1012;2029;211;98;2025-06-01
1013;2033;1222;27;2025-03-23
1014;2034;1276;61;2025-06-05
1015;2035;785;100;2025-02-23
1016;2037;1839;56;2025-04-28
1017;2038;343;69;2025-05-12
1018;2041;1947;9;2025-04-01
1019;2042;816;9;2025-01-30
1020;2045;503;97;2025-02-25
1021;2046;1346;79;2025-04-07
1022;2048;20;79;2025-06-27
1023;2051;1841;26;2025-05-24
1024;2052;136;46;2025-03-15
1025;2053;1233;85;2025-05-15
1026;2058;1666;74;2025-02-21
1027;2059;404;81;2025-05-09
1028;2067;1868;33;2025-03-14
1029;2068;269;34;2025-01-12
1030;2069;1835;43;2025-05-16
1031;2071;34;91;2025-05-03
1032;2072;195;55;2025-03-19
1033;2077;612;6;2025-05-09
1034;2078;1739;84;2025-04-08
1035;2083;1484;16;2025-02-28
1036;2085;1483;46;2025-05-18
1037;2087;1810;11;2025-01-31
1038;2088;99;35;2025-01-21
1039;2095;1305;24;2025-06-21
1040;2097;493;18;2025-05-04
1041;2102;1144;44;2025-06-18
1042;2105;124;38;2025-01-04
1043;2106;1374;69;2025-04-30
1044;2107;1677;91;2025-02-20
1045;2108;999;48;2025-03-31
1046;2109;428;74;2025-05-18
1047;2114;1878;81;2025-04-09
1048;2115;1997;56;2025-06-10
1049;2117;385;13;2025-03-15
1050;2119;630;20;2025-06-16
1051;2122;493;34;2025-04-28
1052;2126;1899;21;2025-01-22
1053;2130;109;56;2025-03-13
1054;2131;758;13;2025-01-15
1055;2132;1329;10;2025-04-19
1056;2133;398;84;2025-02-18
1057;2134;825;57;2025-06-02
1058;2135;566;45;2025-06-05
1059;2136;1011;77;2025-04-22
1060;2137;224;50;2025-06-15
1061;2138;510;83;2025-02-26
1062;2139;236;62;2025-01-11
1063;2141;135;48;2025-01-26
1064;2142;565;64;2025-06-08
1065;2143;1433;15;2025-04-12
1066;2144;805;30;2025-02-26
1067;2145;1504;24;2025-05-08
1068;2149;194;98;2025-05-10
1069;2151;1514;31;2025-06-26
1070;2153;1396;77;2025-02-13
1071;2159;1392;53;2025-06-04
1072;2160;722;12;2025-05-31
1073;2161;3;28;2025-03-05
1074;2164;1393;27;2025-03-02
1075;2168;927;10;2025-04-01
1076;2171;940;91;2025-04-02
1077;2172;617;12;2025-05-13
1078;2173;1587;54;2025-05-06
1079;2174;231;11;2025-06-27
1080;2176;841;24;2025-06-20
1081;2178;64;18;2025-05-29
1082;2182;222;24;2025-06-12
1083;2188;391;57;2025-05-30
1084;2189;1066;31;2025-06-08
1085;2190;252;23;2025-04-27
1086;2192;226;88;2025-05-09
1087;2193;1899;56;2025-05-01
1088;2194;1395;26;2025-05-16
1089;2197;998;36;2025-01-17
1090;2198;1638;34;2025-01-05
1091;2200;580;58;2025-02-02
1092;2201;109;52;2025-03-20
1093;2202;11;82;2025-04-01
1094;2206;1363;3;2025-02-11
1095;2207;1954;49;2025-03-13
1096;2209;1199;53;2025-03-17
1097;2210;449;20;2025-05-04
1098;2211;1911;52;2025-03-06
1099;2214;1885;63;2025-06-03
1100;2217;286;56;2025-03-07
1101;2219;409;81;2025-03-20
1102;2220;176;66;2025-05-27
1103;2222;376;12;2025-04-24
1104;2223;197;29;2025-05-15
1105;2224;906;100;2025-05-11
1106;2228;57;13;2025-01-08
1107;2229;1961;83;2025-01-24
1108;2231;1858;78;2025-03-06
1109;2232;1189;38;2025-04-08
1110;2233;261;13;2025-05-22
1111;2234;1844;40;2025-03-19
1112;2235;110;55;2025-02-02
1113;2241;200;89;2025-05-25
1114;2242;987;54;2025-01-18
1115;2246;1152;41;2025-02-06
1116;2247;458;40;2025-03-19
1117;2250;1409;9;2025-02-01
1118;2254;213;94;2025-01-08
1119;2256;801;77;2025-02-01
1120;2260;900;73;2025-02-01
1121;2261;886;91;2025-06-12
1122;2262;45;96;2025-02-07
1123;2267;1010;7;2025-06-20
1124;2268;564;4;2025-04-11
1125;2269;1429;30;2025-05-01
1126;2277;19;81;2025-04-02
1127;2279;715;20;2025-04-10
1128;2280;1051;27;2025-02-14
1129;2281;1344;71;2025-04-01
1130;2282;1344;74;2025-03-30
1131;2284;1608;14;2025-04-13
1132;2285;140;31;2025-04-09
1133;2288;1452;95;2025-06-19
1134;2290;1430;85;2025-06-01
1135;2292;1198;60;2025-04-15
1136;2296;1914;1;2025-03-26
1137;2298;216;17;2025-04-11
1138;2303;1293;39;2025-02-15
1139;2306;1306;59;2025-05-24
1140;2307;410;52;2025-03-06
1141;2309;586;9;2025-02-22
1142;2313;1289;73;2025-02-24
1143;2317;380;23;2025-05-10
1144;2319;1695;2;2025-05-09
1145;2321;1843;83;2025-02-05
1146;2328;1108;82;2025-01-07
1147;2330;800;25;2025-01-18
1148;2335;1267;44;2025-05-20
1149;2337;965;22;2025-06-18
1150;2338;62;76;2025-03-28
1151;2342;1893;67;2025-03-03
1152;2346;145;53;2025-06-03
1153;2352;462;8;2025-04-23
1154;2356;1246;84;2025-06-26
1155;2357;1401;17;2025-05-22
1156;2359;1569;2;2025-06-30
1157;2360;257;92;2025-07-01
1158;2361;875;5;2025-02-05
1159;2362;237;21;2025-01-31
1160;2363;1838;94;2025-04-06
1161;2365;895;42;2025-03-02
1162;2366;476;69;2025-05-31
1163;2368;1531;56;2025-05-26
1164;2369;94;67;2025-03-05
1165;2371;117;37;2025-04-24
1166;2373;644;65;2025-06-05
1167;2375;266;25;2025-04-12
1168;2379;1014;8;2025-02-26
1169;2393;482;37;2025-06-17
1170;2394;1566;25;2025-02-01
1171;2395;44;44;2025-01-11
1172;2400;1767;35;2025-04-09
1173;2404;108;30;2025-01-09
1174;2405;1110;49;2025-01-08
1175;2406;1864;58;2025-03-28
1176;2407;1890;75;2025-06-01
1177;2408;444;82;2025-03-31
1178;2413;950;12;2025-05-29
1179;2414;1473;79;2025-05-13
1180;2417;1859;86;2025-03-14
1181;2419;512;12;2025-03-17
1182;2423;514;1;2025-01-06
1183;2425;1354;67;2025-03-09
1184;2427;948;91;2025-04-23
1185;2430;1307;81;2025-02-25
1186;2432;1923;30;2025-03-12
1187;2433;1838;38;2025-05-23
1188;2434;644;60;2025-04-25
1189;2436;532;42;2025-02-04
1190;2437;466;39;2025-02-09
1191;2443;1134;93;2025-01-18
1192;2445;34;47;2025-05-19
1193;2446;1472;14;2025-06-05
1194;2447;481;86;2025-01-28
1195;2448;159;6;2025-04-24
1196;2449;232;100;2025-01-21
1197;2451;1169;1;2025-06-25
1198;2453;874;88;2025-02-08
1199;2454;51;94;2025-06-06
1200;2456;1998;89;2025-06-18
1201;2458;1274;83;2025-02-11
1202;2461;53;40;2025-06-07
1203;2468;1964;36;2025-05-26
1204;2470;1123;48;2025-05-19
1205;2471;1502;40;2025-05-17
1206;2473;968;29;2025-05-16
1207;2474;904;26;2025-03-12
1208;2476;1866;91;2025-03-28
1209;2477;498;1;2025-03-03
1210;2482;1036;90;2025-04-03
1211;2484;472;80;2025-04-18
1212;2485;471;8;2025-02-04
1213;2487;1591;68;2025-06-23
1214;2488;1198;57;2025-06-05
1215;2489;534;70;2025-03-30
1216;2494;1795;93;2025-01-06
1217;2495;342;40;2025-04-19
1218;2496;540;47;2025-05-03
1219;2497;1522;21;2025-02-03
1220;2498;1781;45;2025-04-22
1221;2501;1882;55;2025-04-20
1222;2502;726;54;2025-04-14
1223;2503;1428;59;2025-03-03
1224;2506;1247;64;2025-01-28
1225;2507;1480;89;2025-01-21
1226;2508;1513;44;2025-04-27
1227;2513;1877;76;2025-01-22
1228;2516;1330;93;2025-04-09
1229;2517;657;59;2025-02-16
1230;2518;1042;4;2025-03-15
1231;2522;1838;78;2025-05-31
1232;2524;662;7;2025-03-25
1233;2525;1551;65;2025-02-07
1234;2530;340;2;2025-03-16
1235;2531;561;19;2025-04-23
1236;2536;197;16;2025-05-24
1237;2538;57;31;2025-01-11
1238;2542;417;2;2025-05-28
1239;2543;874;32;2025-05-15
1240;2546;1883;40;2025-04-26
1241;2550;1646;39;2025-02-26
1242;2552;321;95;2025-03-27
1243;2553;566;46;2025-06-12
1244;2555;1592;95;2025-07-02
1245;2556;1409;42;2025-01-12
1246;2557;888;88;2025-07-01
1247;2560;1716;25;2025-06-13
1248;2562;281;77;2025-04-09
1249;2565;311;67;2025-02-18
1250;2569;1756;53;2025-01-03
1251;2571;1143;53;2025-02-25
1252;2572;1455;57;2025-01-12
1253;2575;1307;91;2025-05-05
1254;2576;1087;77;2025-03-19
1255;2584;507;35;2025-02-01
1256;2589;1231;82;2025-06-26
1257;2590;481;18;2025-03-17
1258;2591;549;21;2025-02-26
1259;2593;1152;47;2025-03-08
1260;2596;817;44;2025-01-14
1261;2597;550;21;2025-02-27
1262;2598;696;69;2025-03-20
1263;2606;1571;67;2025-01-19
1264;2609;407;74;2025-05-18
1265;2611;1642;60;2025-04-06
1266;2612;679;36;2025-02-27
1267;2613;1133;22;2025-01-04
1268;2614;74;36;2025-05-17
1269;2618;50;96;2025-06-11
1270;2621;1343;40;2025-02-03
1271;2622;1676;23;2025-01-23
1272;2623;157;56;2025-05-12
1273;2628;398;53;2025-03-23
1274;2629;1608;30;2025-04-19
1275;2630;1050;85;2025-03-21
1276;2631;562;40;2025-02-22
1277;2633;1181;84;2025-04-09
1278;2634;597;32;2025-01-24
1279;2638;501;77;2025-01-06
1280;2639;1018;77;2025-04-07
1281;2641;927;59;2025-05-30
1282;2643;1580;61;2025-04-27
1283;2646;295;93;2025-01-27
1284;2655;659;54;2025-06-03
1285;2656;833;77;2025-03-12
1286;2657;1414;12;2025-05-24
1287;2658;1628;45;2025-05-21
1288;2660;483;62;2025-05-01
1289;2661;1452;9;2025-05-12
1290;2665;1065;4;2025-02-13
1291;2666;405;76;2025-02-01
1292;2667;80;3;2025-05-07
1293;2670;818;10;2025-03-18
1294;2671;241;99;2025-03-18
1295;2673;661;48;2025-04-08
1296;2674;1155;21;2025-02-07
1297;2675;595;20;2025-06-25
1298;2676;419;15;2025-04-07
1299;2677;1064;73;2025-03-06
1300;2681;21;25;2025-04-18
1301;2682;368;96;2025-05-01
1302;2686;940;86;2025-01-26
1303;2687;126;86;2025-04-30
1304;2688;1218;94;2025-01-19
1305;2692;1197;83;2025-04-06
1306;2694;1150;47;2025-06-15
1307;2695;1351;79;2025-01-21
1308;2697;1497;70;2025-03-14
1309;2698;366;24;2025-05-26
1310;2699;210;98;2025-05-15
1311;2701;1179;84;2025-06-06
1312;2706;301;61;2025-02-14
1313;2708;160;45;2025-02-07
1314;2709;1048;96;2025-04-20
1315;2711;620;39;2025-02-01
1316;2712;494;90;2025-04-13
1317;2713;773;18;2025-07-01
1318;2715;1718;69;2025-03-25
1319;2716;1087;84;2025-06-06
1320;2719;1721;45;2025-05-24
1321;2720;905;67;2025-06-28
1322;2722;247;14;2025-04-22
1323;2724;52;51;2025-04-30
1324;2725;1579;81;2025-04-19
1325;2726;438;72;2025-05-25
1326;2728;767;57;2025-01-04
1327;2732;193;3;2025-03-06
1328;2733;1030;69;2025-06-06
1329;2737;1281;63;2025-05-29
1330;2744;1508;86;2025-02-05
1331;2747;1456;2;2025-03-23
1332;2749;1747;42;2025-06-18
1333;2751;1715;23;2025-02-13
1334;2753;1058;34;2025-06-21
1335;2754;826;69;2025-06-22
1336;2755;1372;41;2025-01-17
1337;2756;396;11;2025-02-07
1338;2757;1493;10;2025-01-24
1339;2760;1411;79;2025-04-17
1340;2762;561;7;2025-04-02
1341;2766;239;14;2025-02-18
1342;2767;1495;53;2025-02-17
1343;2769;1978;2;2025-02-15
1344;2770;1616;31;2025-02-27
1345;2771;1307;5;2025-04-28
1346;2774;636;89;2025-04-08
1347;2775;1446;40;2025-02-15
1348;2777;647;50;2025-02-28
1349;2778;1711;89;2025-03-13
1350;2785;1408;41;2025-01-10
1351;2786;1945;31;2025-04-09
1352;2787;319;24;2025-05-26
1353;2789;1324;16;2025-02-23
1354;2790;701;11;2025-05-24
1355;2791;1700;19;2025-01-24
1356;2794;65;93;2025-05-15
1357;2795;1349;88;2025-05-03
1358;2797;662;58;2025-05-27
1359;2798;774;38;2025-01-11
1360;2800;735;24;2025-02-10
1361;2802;690;17;2025-02-19
1362;2804;334;82;2025-05-20
1363;2805;382;75;2025-04-25
1364;2808;891;76;2025-05-04
1365;2811;692;67;2025-06-24
1366;2812;822;74;2025-01-12
1367;2816;821;61;2025-01-08
1368;2818;1889;7;2025-06-04
1369;2819;1977;39;2025-02-21
1370;2822;1988;70;2025-03-23
1371;2825;944;4;2025-06-20
1372;2826;303;68;2025-02-14
1373;2829;895;55;2025-03-05
1374;2830;316;43;2025-04-08
1375;2834;436;35;2025-06-22
1376;2836;498;32;2025-04-10
1377;2837;264;68;2025-02-06
1378;2838;819;18;2025-03-16
1379;2841;711;40;2025-06-23
1380;2842;1517;73;2025-01-07
1381;2844;1573;11;2025-04-05
1382;2845;742;24;2025-05-09
1383;2846;1686;13;2025-06-06
1384;2849;1024;50;2025-01-14
1385;2850;433;42;2025-04-23
1386;2854;793;30;2025-01-10
1387;2855;535;99;2025-02-17
1388;2857;1060;61;2025-05-01
1389;2858;1652;7;2025-03-30
1390;2859;1406;21;2025-06-19
1391;2860;1767;61;2025-01-04
1392;2861;330;60;2025-02-04
1393;2863;1406;55;2025-01-04
1394;2866;871;35;2025-06-14
1395;2867;238;100;2025-04-26
1396;2870;1991;30;2025-01-31
1397;2874;691;92;2025-03-09
1398;2876;1491;8;2025-04-24
1399;2877;100;44;2025-03-16
1400;2878;82;80;2025-05-07
1401;2880;1822;44;2025-06-27
1402;2882;692;20;2025-01-07
1403;2883;1112;12;2025-02-15
1404;2886;610;47;2025-06-04
1405;2890;194;27;2025-02-07
1406;2891;1297;16;2025-04-22
1407;2892;1829;100;2025-03-31
1408;2893;1991;85;2025-06-27
1409;2894;1265;8;2025-05-16
1410;2895;1166;80;2025-01-13
1411;2901;821;92;2025-02-18
1412;2902;1947;61;2025-06-18
1413;2905;1170;30;2025-03-19
1414;2906;1261;97;2025-05-21
1415;2910;1558;87;2025-03-12
1416;2911;1530;21;2025-03-13
1417;2913;817;93;2025-06-24
1418;2916;1602;55;2025-06-20
1419;2917;266;66;2025-03-10
1420;2921;453;45;2025-06-08
1421;2924;1220;49;2025-05-19
1422;2927;655;5;2025-04-24
1423;2928;311;10;2025-05-10
1424;2929;432;40;2025-06-28
1425;2930;349;1;2025-03-07
1426;2931;826;100;2025-06-20
1427;2936;623;32;2025-03-23
1428;2941;1567;64;2025-03-14
1429;2942;1140;80;2025-03-03
1430;2947;593;52;2025-02-12
1431;2949;837;96;2025-02-27
1432;2951;655;53;2025-06-11
1433;2952;217;43;2025-05-09
1434;2953;1097;10;2025-04-11
1435;2956;1692;88;2025-02-10
1436;2958;591;18;2025-05-17
1437;2959;1700;8;2025-04-30
1438;2960;1344;96;2025-06-24
1439;2961;1859;76;2025-04-09
1440;2963;841;99;2025-06-12
1441;2966;1031;50;2025-06-03
1442;2968;666;2;2025-03-05
1443;2969;341;69;2025-06-10
1444;2970;967;60;2025-04-06
1445;2973;1769;16;2025-02-12
1446;2974;938;6;2025-03-04
1447;2975;359;8;2025-02-23
1448;2976;661;68;2025-03-19
1449;2978;1183;92;2025-04-29
1450;2980;496;26;2025-04-29
1451;2981;1025;31;2025-06-05
1452;2982;1716;89;2025-02-11
1453;2984;15;51;2025-06-24
1454;2985;1387;60;2025-05-14
1455;2988;1810;36;2025-01-31
1456;2992;1663;99;2025-01-13
1457;2994;1289;39;2025-04-21
1458;2996;299;51;2025-05-31
1459;2999;696;79;2025-03-04
1460;3000;1630;92;2025-02-25
1461;3001;542;3;2025-03-26
1462;3005;605;98;2025-03-27
1463;3006;1613;58;2025-07-01
1464;3007;529;94;2025-03-12
1465;3008;1218;61;2025-02-05
1466;3010;54;24;2025-04-05
1467;3011;1155;93;2025-03-18
1468;3014;1461;55;2025-06-22
1469;3016;264;27;2025-06-07
1470;3017;599;43;2025-03-07
1471;3018;1305;36;2025-01-08
1472;3019;1743;52;2025-05-31
1473;3020;621;54;2025-05-31
1474;3021;25;90;2025-04-06
1475;3022;1477;3;2025-05-14
1476;3025;1319;49;2025-05-31
1477;3027;1072;78;2025-04-07
1478;3030;360;39;2025-04-10
1479;3032;461;8;2025-02-22
1480;3033;460;76;2025-03-15
1481;3037;1857;41;2025-05-17
1482;3038;1840;45;2025-02-23
1483;3042;1134;99;2025-05-19
1484;3043;1788;13;2025-01-17
1485;3044;915;66;2025-05-14
1486;3048;1413;86;2025-02-17
1487;3050;1131;50;2025-01-26
1488;3052;1856;14;2025-05-16
1489;3053;621;70;2025-02-23
1490;3054;467;47;2025-06-01
1491;3059;980;79;2025-04-24
1492;3060;171;52;2025-02-22
1493;3061;205;42;2025-06-01
1494;3062;441;61;2025-05-06
1495;3063;615;63;2025-01-05
1496;3064;1192;7;2025-01-30
1497;3065;1475;52;2025-06-14
1498;3066;399;93;2025-06-14
1499;3067;1259;24;2025-01-02
1500;3069;555;5;2025-06-13
1501;3070;362;50;2025-05-10
1502;3072;1949;41;2025-03-10
1503;3078;14;3;2025-05-12
1504;3079;964;56;2025-02-13
1505;3081;1379;47;2025-01-26
1506;3082;1896;13;2025-03-29
1507;3085;437;74;2025-05-09
1508;3089;1170;56;2025-03-25
1509;3090;321;72;2025-04-12
1510;3091;1610;64;2025-02-11
1511;3092;1250;26;2025-03-27
1512;3093;1960;15;2025-05-03
1513;3096;1911;81;2025-05-03
1514;3097;1914;75;2025-04-05
1515;3099;1489;85;2025-03-23
1516;3100;922;51;2025-04-21
1517;3101;1154;33;2025-04-18
1518;3107;1356;4;2025-03-18
1519;3112;1265;100;2025-04-24
1520;3114;153;2;2025-02-11
1521;3116;963;8;2025-06-20
1522;3119;769;52;2025-01-28
1523;3121;1102;96;2025-04-24
1524;3126;613;30;2025-02-22
1525;3129;1120;11;2025-05-25
1526;3132;1784;21;2025-04-04
1527;3135;467;27;2025-04-04
1528;3136;683;75;2025-06-25
1529;3138;1237;65;2025-02-05
1530;3140;812;85;2025-01-14
1531;3141;1704;63;2025-01-17
1532;3143;34;29;2025-04-23
1533;3144;66;7;2025-03-26
1534;3146;579;64;2025-03-28
1535;3147;1300;97;2025-01-21
1536;3148;1158;81;2025-05-25
1537;3149;1599;35;2025-05-19
1538;3151;1176;8;2025-06-06
1539;3154;954;31;2025-02-08
1540;3157;930;16;2025-06-28
1541;3160;14;2;2025-04-10
1542;3161;39;32;2025-03-01
1543;3163;531;85;2025-06-01
1544;3166;1896;20;2025-05-29
1545;3169;207;32;2025-05-19
1546;3170;1233;54;2025-02-03
1547;3171;1107;10;2025-01-20
1548;3175;556;74;2025-02-25
1549;3176;1582;89;2025-01-09
1550;3179;910;51;2025-04-09
1551;3181;818;63;2025-02-22
1552;3185;1871;60;2025-05-15
1553;3187;247;24;2025-06-06
1554;3192;230;67;2025-01-05
1555;3194;820;55;2025-04-01
1556;3200;1838;49;2025-01-13
1557;3201;289;79;2025-02-17
1558;3202;1157;94;2025-02-04
1559;3213;627;59;2025-06-11
1560;3216;680;77;2025-05-02
1561;3217;71;41;2025-04-17
1562;3219;1562;56;2025-05-16
1563;3220;348;86;2025-01-28
1564;3222;189;60;2025-01-18
1565;3223;231;53;2025-05-01
1566;3224;851;84;2025-04-25
1567;3225;276;61;2025-06-13
1568;3227;962;31;2025-02-03
1569;3228;662;37;2025-04-06
1570;3229;1960;86;2025-06-23
1571;3230;1468;64;2025-05-05
1572;3233;266;58;2025-02-27
1573;3237;512;52;2025-03-06
1574;3240;1210;59;2025-05-13
1575;3241;1183;32;2025-02-03
1576;3242;672;43;2025-04-08
1577;3255;1343;97;2025-03-29
1578;3256;691;97;2025-03-07
1579;3257;699;67;2025-05-23
1580;3258;935;88;2025-06-21
1581;3259;1754;94;2025-05-15
1582;3264;247;17;2025-03-17
1583;3267;1925;37;2025-05-10
1584;3269;400;11;2025-06-26
1585;3271;1503;59;2025-05-15
1586;3274;97;96;2025-04-04
1587;3275;1105;15;2025-06-29
1588;3276;1940;99;2025-02-12
1589;3277;767;68;2025-01-28
1590;3278;1394;75;2025-06-13
1591;3279;1300;26;2025-02-28
1592;3280;1727;93;2025-05-19
1593;3282;1758;54;2025-03-13
1594;3287;1;2;2025-03-08
1595;3289;639;86;2025-06-07
1596;3290;1217;92;2025-01-16
1597;3291;1547;13;2025-02-06
1598;3293;1566;58;2025-04-11
1599;3294;1611;80;2025-06-15
1600;3296;397;15;2025-03-31
1601;3297;145;43;2025-03-14
1602;3300;311;6;2025-04-25
1603;3306;1684;23;2025-05-19
1604;3307;1522;72;2025-04-29
1605;3309;1793;5;2025-01-11
1606;3311;1284;82;2025-04-20
1607;3312;1199;38;2025-06-27
1608;3314;461;91;2025-01-28
1609;3316;1772;45;2025-03-04
1610;3317;1781;11;2025-06-29
1611;3321;1312;76;2025-03-26
1612;3322;860;97;2025-04-03
1613;3324;1461;84;2025-03-05
1614;3325;1200;4;2025-02-28
1615;3326;1211;26;2025-06-20
1616;3330;1783;7;2025-01-12
1617;3332;1717;42;2025-05-28
1618;3334;739;84;2025-06-22
1619;3335;1453;73;2025-04-18
1620;3336;1670;30;2025-01-12
1621;3337;712;3;2025-04-29
1622;3343;1292;81;2025-01-26
1623;3345;1494;9;2025-03-07
1624;3347;1994;36;2025-03-14
1625;3349;939;75;2025-02-11
1626;3351;1328;45;2025-04-13
1627;3354;684;45;2025-06-09
1628;3357;1873;49;2025-06-13
1629;3360;415;94;2025-05-06
1630;3361;719;100;2025-04-23
1631;3362;1835;59;2025-02-10
1632;3363;1965;39;2025-03-26
1633;3365;1192;23;2025-05-11
1634;3370;192;67;2025-06-04
1635;3376;1168;3;2025-03-25
1636;3377;461;78;2025-01-11
1637;3380;1013;87;2025-06-29
1638;3385;990;75;2025-04-17
1639;3386;1140;71;2025-05-27
1640;3387;394;96;2025-02-17
1641;3388;1737;89;2025-05-31
1642;3389;819;38;2025-04-12
1643;3391;1632;99;2025-03-11
1644;3393;1844;4;2025-03-24
1645;3394;1107;31;2025-01-22
1646;3395;1963;28;2025-03-26
1647;3397;1186;15;2025-01-26
1648;3398;1879;12;2025-05-03
1649;3399;1097;16;2025-01-29
1650;3401;1475;63;2025-07-01
1651;3403;953;19;2025-05-30
1652;3406;1211;91;2025-01-18
1653;3408;1147;27;2025-05-25
1654;3409;1332;48;2025-03-30
1655;3410;977;22;2025-01-19
1656;3423;1459;58;2025-06-02
1657;3424;246;97;2025-06-08
1658;3428;1712;69;2025-01-10
1659;3429;1330;37;2025-02-01
1660;3432;1436;25;2025-04-16
1661;3433;781;63;2025-02-05
1662;3434;1736;56;2025-02-18
1663;3435;197;90;2025-04-03
1664;3437;1024;30;2025-02-17
1665;3439;465;18;2025-06-15
1666;3440;1297;56;2025-03-28
1667;3441;926;72;2025-05-17
1668;3442;528;66;2025-06-07
1669;3443;125;44;2025-01-17
1670;3444;1399;44;2025-01-25
1671;3449;768;79;2025-02-14
1672;3450;387;60;2025-05-09
1673;3452;1999;40;2025-01-25
1674;3453;1787;10;2025-06-03
1675;3454;767;76;2025-02-16
1676;3456;1733;89;2025-05-11
1677;3457;305;45;2025-01-08
1678;3458;1275;32;2025-05-20
1679;3459;1820;39;2025-03-22
1680;3462;1062;48;2025-01-26
1681;3465;1921;1;2025-06-20
1682;3468;1136;34;2025-03-29
1683;3469;505;70;2025-02-06
1684;3472;734;55;2025-05-04
1685;3473;1661;92;2025-01-26
1686;3474;1737;55;2025-01-24
1687;3475;1359;39;2025-05-15
1688;3477;1090;16;2025-04-12
1689;3479;412;61;2025-03-24
1690;3480;278;33;2025-02-22
1691;3482;892;45;2025-01-22
1692;3487;1579;97;2025-05-17
1693;3492;643;23;2025-05-17
1694;3498;760;5;2025-02-26
1695;3500;1828;81;2025-03-23
1696;3501;150;91;2025-05-09
1697;3502;424;19;2025-06-13
1698;3505;1844;11;2025-03-16
1699;3506;10;21;2025-06-19
1700;3511;505;41;2025-06-21
1701;3512;529;87;2025-06-24
1702;3513;1169;77;2025-02-24
1703;3515;1414;47;2025-04-18
1704;3520;1426;79;2025-02-04
1705;3524;376;5;2025-03-25
1706;3525;343;22;2025-06-25
1707;3526;1465;1;2025-03-16
1708;3527;1099;83;2025-03-14
1709;3528;1753;62;2025-03-10
1710;3529;223;14;2025-04-13
1711;3530;1686;49;2025-01-25
1712;3531;1137;38;2025-02-22
1713;3532;261;66;2025-01-12
1714;3534;229;74;2025-01-10
1715;3536;172;42;2025-03-03
1716;3538;898;24;2025-04-24
1717;3543;1943;74;2025-03-31
1718;3545;718;89;2025-02-22
1719;3548;1036;57;2025-02-27
1720;3549;377;75;2025-03-27
1721;3550;1348;38;2025-01-09
1722;3552;1728;17;2025-06-06
1723;3553;1083;87;2025-05-25
1724;3556;229;78;2025-04-17
1725;3557;1061;36;2025-01-07
1726;3559;759;30;2025-02-08
1727;3560;1847;73;2025-06-27
1728;3565;73;40;2025-05-22
1729;3571;1005;80;2025-03-08
1730;3573;1883;63;2025-04-27
1731;3575;296;86;2025-06-15
1732;3576;1498;6;2025-04-11
1733;3579;1650;83;2025-02-08
1734;3581;1456;47;2025-02-28
1735;3582;824;29;2025-06-11
1736;3584;863;61;2025-04-28
1737;3585;1503;2;2025-04-25
1738;3587;745;42;2025-03-27
1739;3591;1165;32;2025-06-18
1740;3596;805;15;2025-05-01
1741;3597;223;19;2025-06-16
1742;3598;927;90;2025-06-11
1743;3601;1823;33;2025-06-20
1744;3603;370;19;2025-01-09
1745;3605;1163;75;2025-03-12
1746;3606;1528;27;2025-02-09
1747;3607;1314;50;2025-05-29
1748;3608;1602;16;2025-02-09
1749;3609;843;28;2025-05-01
1750;3611;648;98;2025-06-08
1751;3612;1087;12;2025-06-25
1752;3616;1908;53;2025-02-21
1753;3618;630;35;2025-04-03
1754;3619;1277;45;2025-05-31
1755;3623;328;66;2025-02-13
1756;3627;1288;84;2025-07-01
1757;3628;576;42;2025-01-30
1758;3631;1803;31;2025-05-03
1759;3634;1410;83;2025-04-23
1760;3635;1198;78;2025-02-18
1761;3636;917;77;2025-05-06
1762;3637;1939;37;2025-04-01
1763;3638;1814;68;2025-01-22
1764;3640;363;1;2025-06-10
1765;3642;228;70;2025-06-12
1766;3645;33;25;2025-06-01
1767;3646;856;76;2025-04-04
1768;3647;1744;50;2025-02-20
1769;3648;1052;90;2025-05-14
1770;3650;653;1;2025-01-15
1771;3653;887;56;2025-01-12
1772;3654;559;15;2025-06-18
1773;3655;165;15;2025-05-22
1774;3657;22;49;2025-01-06
1775;3658;620;42;2025-02-23
1776;3659;1853;4;2025-04-10
1777;3660;796;28;2025-06-29
1778;3661;1377;75;2025-06-29
1779;3662;769;46;2025-04-06
1780;3665;1932;47;2025-03-10
1781;3666;1132;94;2025-05-08
1782;3667;577;73;2025-01-22
1783;3668;1871;60;2025-06-23
1784;3669;174;19;2025-05-12
1785;3672;498;61;2025-02-17
1786;3676;1481;91;2025-03-31
1787;3678;320;11;2025-06-12
1788;3679;1978;81;2025-06-11
1789;3680;1789;81;2025-06-22
1790;3681;217;95;2025-02-02
1791;3682;116;92;2025-02-21
1792;3683;1881;68;2025-02-19
1793;3684;188;83;2025-01-03
1794;3687;657;95;2025-02-20
1795;3688;975;13;2025-05-08
1796;3691;907;65;2025-05-11
1797;3692;13;34;2025-02-16
1798;3693;1996;90;2025-03-09
1799;3694;295;85;2025-05-28
1800;3696;254;57;2025-02-19
1801;3697;384;12;2025-02-28
1802;3698;333;39;2025-06-13
1803;3701;1312;86;2025-02-26
1804;3702;874;51;2025-03-30
1805;3703;1507;79;2025-05-16
1806;3705;1545;85;2025-01-19
1807;3706;127;89;2025-05-09
1808;3708;1548;83;2025-01-22
1809;3709;1381;74;2025-01-05
1810;3710;1525;96;2025-03-24
1811;3711;1205;15;2025-06-29
1812;3712;1395;71;2025-06-25
1813;3713;1965;100;2025-05-28
1814;3714;538;75;2025-04-28
1815;3715;734;52;2025-04-06
1816;3717;642;90;2025-02-18
1817;3720;953;31;2025-03-25
1818;3723;313;76;2025-04-10
1819;3724;860;45;2025-02-07
1820;3725;1615;17;2025-04-09
1821;3726;1783;8;2025-04-14
1822;3727;749;30;2025-04-23
1823;3728;1621;6;2025-02-10
1824;3730;195;66;2025-04-11
1825;3734;622;98;2025-03-14
1826;3735;467;27;2025-05-07
1827;3737;892;54;2025-05-05
1828;3738;1985;81;2025-04-02
1829;3739;1970;54;2025-01-19
1830;3740;1952;9;2025-06-30
1831;3741;977;56;2025-03-16
1832;3742;290;84;2025-05-14
1833;3747;637;71;2025-04-20
1834;3748;1253;83;2025-06-03
1835;3751;1770;42;2025-04-07
1836;3752;1158;36;2025-01-19
1837;3753;37;94;2025-04-06
1838;3754;855;59;2025-02-23
1839;3758;1137;30;2025-05-28
1840;3760;399;38;2025-03-26
1841;3762;1451;54;2025-06-06
1842;3766;787;25;2025-06-11
1843;3767;659;66;2025-05-17
1844;3770;921;49;2025-02-20
1845;3772;746;20;2025-05-04
1846;3775;1690;67;2025-05-05
1847;3777;1960;25;2025-05-07
1848;3780;1240;17;2025-03-17
1849;3781;1503;98;2025-02-21
1850;3784;1435;13;2025-03-20
1851;3785;535;11;2025-02-08
1852;3788;755;63;2025-02-08
1853;3791;1554;18;2025-01-29
1854;3792;1919;14;2025-04-29
1855;3796;662;84;2025-02-01
1856;3797;108;92;2025-05-22
1857;3799;646;90;2025-05-23
1858;3800;53;47;2025-06-16
1859;3805;1809;45;2025-01-15
1860;3806;1481;14;2025-05-08
1861;3807;131;96;2025-02-05
1862;3808;311;40;2025-05-15
1863;3810;1546;35;2025-04-02
1864;3813;821;45;2025-01-18
1865;3815;1618;1;2025-06-27
1866;3817;1668;23;2025-04-25
1867;3818;326;58;2025-03-08
1868;3819;466;50;2025-01-16
1869;3820;1321;28;2025-01-09
1870;3828;49;96;2025-05-21
1871;3830;1208;41;2025-02-23
1872;3833;166;2;2025-04-07
1873;3837;545;61;2025-04-07
1874;3839;1710;82;2025-06-07
1875;3841;670;99;2025-04-11
1876;3842;245;98;2025-04-28
1877;3844;1982;6;2025-04-14
1878;3845;420;15;2025-01-29
1879;3848;1556;7;2025-03-19
1880;3849;1706;6;2025-06-02
1881;3854;1047;45;2025-03-21
1882;3855;26;71;2025-02-18
1883;3856;1763;61;2025-02-24
1884;3858;938;99;2025-06-06
1885;3860;984;74;2025-06-02
1886;3862;1263;44;2025-01-01
1887;3863;1747;35;2025-06-10
1888;3866;912;99;2025-05-27
1889;3869;1323;60;2025-04-20
1890;3871;574;28;2025-06-19
1891;3872;46;77;2025-01-09
1892;3874;291;55;2025-04-27
1893;3876;1883;84;2025-05-03
1894;3877;358;31;2025-01-30
1895;3878;177;75;2025-04-29
1896;3881;47;10;2025-05-04
1897;3882;130;66;2025-02-26
1898;3884;773;88;2025-01-10
1899;3886;845;28;2025-01-06
1900;3891;1375;86;2025-02-19
1901;3895;1950;80;2025-03-03
1902;3896;1466;43;2025-03-15
1903;3898;753;81;2025-05-02
1904;3899;1116;80;2025-04-08
1905;3901;1108;49;2025-03-26
1906;3902;1506;9;2025-04-15
1907;3903;357;75;2025-04-13
1908;3904;763;69;2025-03-30
1909;3905;1572;37;2025-02-09
1910;3906;1668;99;2025-06-22
1911;3907;1111;77;2025-04-04
1912;3908;1969;47;2025-01-25
1913;3911;956;43;2025-05-21
1914;3913;704;27;2025-06-11
1915;3914;298;2;2025-03-30
1916;3916;286;86;2025-06-27
1917;3917;812;80;2025-04-20
1918;3918;1804;4;2025-05-09
1919;3921;522;52;2025-06-22
1920;3922;1930;7;2025-03-02
1921;3923;1401;28;2025-05-08
1922;3924;240;77;2025-04-06
1923;3928;1409;21;2025-03-01
1924;3931;1830;93;2025-01-28
1925;3934;1548;31;2025-03-21
1926;3938;606;47;2025-02-23
1927;3939;381;16;2025-01-19
1928;3940;520;12;2025-02-01
1929;3941;865;59;2025-06-21
1930;3942;826;99;2025-06-30
1931;3943;1224;10;2025-03-30
1932;3946;1208;21;2025-06-14
1933;3947;1260;92;2025-01-11
1934;3948;1391;65;2025-01-09
1935;3950;64;47;2025-06-30
1936;3953;1411;35;2025-06-10
1937;3955;1005;84;2025-04-08
1938;3956;80;34;2025-01-24
1939;3958;189;34;2025-03-05
1940;3959;1484;43;2025-04-27
1941;3960;778;84;2025-03-03
1942;3961;1237;79;2025-01-11
1943;3966;1767;17;2025-05-10
1944;3969;1428;71;2025-04-12
1945;3972;1200;73;2025-06-30
1946;3973;1059;24;2025-02-14
1947;3975;1749;40;2025-01-11
1948;3977;874;76;2025-06-26
1949;3978;318;88;2025-02-21
1950;3980;12;71;2025-06-17
1951;3982;90;53;2025-02-17
1952;3983;458;88;2025-06-24
1953;3987;337;29;2025-02-04
1954;3989;49;85;2025-05-09
1955;3990;751;86;2025-01-08
1956;3991;1451;3;2025-06-29
1957;3992;755;12;2025-01-28
1958;3993;858;25;2025-01-09
1959;3994;572;44;2025-05-23
1960;3995;1438;26;2025-01-19
1961;3997;1798;75;2025-05-02
1962;3998;822;55;2025-03-05
1963;4001;1169;3;2025-06-20
1964;4003;1119;23;2025-05-23
1965;4004;539;80;2025-01-20
1966;4005;1989;43;2025-06-01
1967;4006;847;3;2025-05-25
1968;4007;82;30;2025-02-21
1969;4008;302;95;2025-02-06
1970;4014;1804;1;2025-03-23
1971;4015;1886;77;2025-05-04
1972;4017;1360;67;2025-05-03
1973;4019;354;21;2025-05-22
1974;4031;922;50;2025-03-01
1975;4033;1260;4;2025-04-16
1976;4035;1227;99;2025-03-17
1977;4036;1019;45;2025-04-22
1978;4039;1443;23;2025-06-16
1979;4040;82;55;2025-03-13
1980;4044;670;30;2025-05-03
1981;4045;1048;59;2025-04-11
1982;4046;1552;34;2025-06-29
1983;4047;1148;4;2025-06-03
1984;4052;1294;84;2025-03-08
1985;4053;1289;1;2025-03-12
1986;4057;1160;94;2025-04-02
1987;4059;1692;34;2025-05-15
1988;4060;1385;13;2025-03-14
1989;4062;1372;46;2025-06-07
1990;4063;1824;38;2025-06-28
1991;4067;1635;99;2025-05-30
1992;4068;1066;14;2025-02-01
1993;4069;1484;66;2025-06-15
1994;4070;506;74;2025-06-04
1995;4072;1818;90;2025-04-07
1996;4075;941;15;2025-03-31
1997;4076;300;81;2025-06-07
1998;4077;148;9;2025-02-02
1999;4079;806;2;2025-01-19
2000;4083;1163;100;2025-02-22
2001;4086;222;100;2025-04-24
2002;4088;287;41;2025-02-03
2003;4093;1896;60;2025-02-23
2004;4094;82;59;2025-01-17
2005;4095;21;44;2025-03-28
2006;4097;881;53;2025-03-03
2007;4098;452;57;2025-06-06
2008;4099;1169;54;2025-05-22
2009;4101;48;38;2025-05-30
2010;4102;649;84;2025-02-15
2011;4103;1651;52;2025-02-24
2012;4104;1110;48;2025-01-05
2013;4105;1955;64;2025-01-24
2014;4106;1170;64;2025-03-12
2015;4107;1658;21;2025-02-02
2016;4108;196;32;2025-04-16
2017;4110;1249;42;2025-02-14
2018;4111;1880;11;2025-03-13
2019;4112;220;72;2025-03-05
2020;4113;1375;16;2025-04-23
2021;4116;206;7;2025-04-15
2022;4117;1460;17;2025-04-24
2023;4121;1806;90;2025-04-24
2024;4122;1618;41;2025-03-31
2025;4123;660;56;2025-05-08
2026;4126;421;17;2025-02-06
2027;4128;1715;95;2025-02-13
2028;4129;1614;42;2025-02-25
2029;4131;830;100;2025-03-06
2030;4134;1968;64;2025-06-25
2031;4136;1322;83;2025-04-27
2032;4137;1461;94;2025-04-10
2033;4138;1171;37;2025-04-03
2034;4139;781;23;2025-05-08
2035;4140;894;60;2025-04-19
2036;4142;714;14;2025-03-12
2037;4143;751;85;2025-05-04
2038;4144;324;56;2025-02-28
2039;4147;1660;100;2025-01-12
2040;4148;782;59;2025-01-13
2041;4149;1558;97;2025-01-24
2042;4153;1909;4;2025-04-28
2043;4156;1784;39;2025-03-02
2044;4157;839;30;2025-02-14
2045;4158;1067;47;2025-03-01
2046;4165;1460;90;2025-01-20
2047;4169;1559;20;2025-02-16
2048;4171;504;17;2025-03-27
2049;4172;1752;92;2025-03-12
2050;4174;1034;88;2025-04-13
2051;4177;496;8;2025-04-06
2052;4178;1176;42;2025-04-29
2053;4179;504;63;2025-02-16
2054;4181;332;82;2025-01-11
2055;4183;2;70;2025-04-28
2056;4184;1084;67;2025-06-23
2057;4185;1545;88;2025-05-21
2058;4186;1109;82;2025-05-15
2059;4189;1472;62;2025-03-08
2060;4191;1031;35;2025-02-03
2061;4192;1649;41;2025-02-22
2062;4193;151;19;2025-04-05
2063;4194;1725;22;2025-01-30
2064;4195;1238;71;2025-04-08
2065;4196;770;3;2025-04-06
2066;4198;407;69;2025-02-25
2067;4202;501;22;2025-01-06
2068;4203;1845;40;2025-04-24
2069;4204;518;10;2025-04-14
2070;4210;767;70;2025-04-02
2071;4212;1787;86;2025-01-20
2072;4214;1682;88;2025-05-22
2073;4215;978;65;2025-05-05
2074;4216;139;97;2025-03-27
2075;4217;397;75;2025-05-12
2076;4218;340;6;2025-01-28
2077;4221;448;19;2025-04-06
2078;4222;50;30;2025-04-15
2079;4227;253;100;2025-05-06
2080;4228;888;46;2025-01-11
2081;4229;1365;17;2025-05-25
2082;4230;1037;92;2025-02-09
2083;4239;857;23;2025-02-21
2084;4240;856;88;2025-04-21
2085;4241;1121;28;2025-03-08
2086;4242;1877;47;2025-01-03
2087;4243;136;28;2025-01-11
2088;4246;1895;7;2025-01-30
2089;4247;164;1;2025-03-31
2090;4249;1958;82;2025-05-29
2091;4250;1144;56;2025-03-28
2092;4252;319;47;2025-05-16
2093;4253;1398;67;2025-06-03
2094;4258;1022;30;2025-01-14
2095;4259;1950;29;2025-03-20
2096;4260;1642;99;2025-01-30
2097;4262;458;69;2025-03-07
2098;4266;859;87;2025-03-26
2099;4267;613;77;2025-03-06
2100;4268;333;59;2025-05-05
2101;4271;832;95;2025-02-11
2102;4272;849;96;2025-01-10
2103;4274;631;81;2025-05-06
2104;4275;1801;70;2025-04-12
2105;4278;499;21;2025-02-13
2106;4281;1748;15;2025-01-27
2107;4284;1009;7;2025-06-28
2108;4285;1328;94;2025-01-16
2109;4287;67;15;2025-03-17
2110;4288;1728;43;2025-06-24
2111;4290;1172;38;2025-01-12
2112;4291;339;15;2025-03-26
2113;4293;169;39;2025-06-08
2114;4294;1;78;2025-02-15
2115;4297;597;91;2025-05-16
2116;4300;1242;63;2025-02-12
2117;4304;806;22;2025-06-21
2118;4307;602;87;2025-04-20
2119;4310;493;28;2025-02-08
2120;4311;1441;69;2025-01-11
2121;4313;1793;41;2025-02-09
2122;4314;221;88;2025-02-02
2123;4316;1578;81;2025-06-26
2124;4317;656;30;2025-03-05
2125;4320;1369;48;2025-06-01
2126;4321;620;32;2025-05-03
2127;4323;321;92;2025-02-21
2128;4324;707;89;2025-01-13
2129;4326;383;66;2025-05-01
2130;4335;492;18;2025-06-06
2131;4336;1015;75;2025-02-21
2132;4338;79;5;2025-06-13
2133;4341;215;90;2025-05-11
2134;4344;1088;74;2025-05-16
2135;4346;403;4;2025-01-12
2136;4359;1087;60;2025-01-13
2137;4360;455;79;2025-03-05
2138;4364;34;36;2025-06-15
2139;4365;1614;70;2025-06-04
2140;4366;1359;14;2025-05-09
2141;4367;1189;22;2025-05-18
2142;4369;1597;43;2025-03-03
2143;4370;1896;95;2025-05-24
2144;4374;674;65;2025-05-04
2145;4375;43;29;2025-02-03
2146;4376;1907;83;2025-02-15
2147;4377;1347;24;2025-06-22
2148;4380;1494;88;2025-04-04
2149;4382;1111;100;2025-06-15
2150;4385;1953;9;2025-01-17
2151;4387;233;9;2025-03-30
2152;4388;249;30;2025-05-19
2153;4389;953;60;2025-02-02
2154;4392;1616;60;2025-04-02
2155;4393;362;84;2025-02-20
2156;4395;1866;4;2025-01-24
2157;4396;130;39;2025-02-08
2158;4398;1670;57;2025-02-20
2159;4403;1272;89;2025-06-02
2160;4405;1710;81;2025-05-25
2161;4407;660;89;2025-02-21
2162;4409;928;21;2025-01-03
2163;4410;1170;12;2025-01-06
2164;4411;1362;25;2025-06-17
2165;4413;1986;97;2025-05-01
2166;4414;175;70;2025-01-25
2167;4415;1218;2;2025-05-24
2168;4416;1570;90;2025-06-02
2169;4419;246;67;2025-01-09
2170;4421;640;82;2025-04-20
2171;4422;601;70;2025-01-29
2172;4424;1975;24;2025-06-28
2173;4425;529;94;2025-02-11
2174;4426;575;26;2025-04-16
2175;4428;154;61;2025-03-21
2176;4431;672;89;2025-01-25
2177;4433;1235;37;2025-01-27
2178;4435;1997;64;2025-03-29
2179;4437;1181;37;2025-05-31
2180;4440;1724;10;2025-05-20
2181;4441;1870;53;2025-05-22
2182;4443;1119;99;2025-05-24
2183;4445;1834;1;2025-01-13
2184;4447;1348;61;2025-03-11
2185;4450;9;58;2025-05-04
2186;4451;88;72;2025-04-03
2187;4452;832;93;2025-01-30
2188;4455;168;4;2025-02-15
2189;4456;380;99;2025-06-30
2190;4459;448;10;2025-02-13
2191;4463;1628;92;2025-05-09
2192;4464;1122;56;2025-01-17
2193;4465;881;23;2025-06-07
2194;4466;1366;91;2025-02-20
2195;4470;1866;54;2025-03-15
2196;4474;1240;63;2025-01-03
2197;4475;235;70;2025-06-01
2198;4478;1668;13;2025-01-31
2199;4479;1981;90;2025-02-03
2200;4480;1457;34;2025-03-01
2201;4481;512;73;2025-01-19
2202;4485;6;62;2025-01-31
2203;4486;1700;54;2025-04-17
2204;4490;666;13;2025-04-08
2205;4491;1351;96;2025-06-25
2206;4492;564;79;2025-06-19
2207;4494;798;11;2025-02-18
2208;4495;1782;88;2025-05-08
2209;4497;101;15;2025-01-02
2210;4499;126;77;2025-04-30
2211;4500;1074;73;2025-02-24
2212;4505;1202;20;2025-03-31
2213;4510;898;66;2025-01-06
2214;4511;1600;73;2025-06-16
2215;4512;996;52;2025-02-28
2216;4513;1943;88;2025-05-12
2217;4518;1529;13;2025-01-06
2218;4520;495;23;2025-03-08
2219;4521;1659;78;2025-06-23
2220;4522;1908;18;2025-06-08
2221;4523;1177;94;2025-02-18
2222;4525;7;23;2025-01-07
2223;4531;409;61;2025-06-21
2224;4532;1725;37;2025-05-27
2225;4537;966;2;2025-05-18
2226;4540;1413;55;2025-01-28
2227;4542;842;80;2025-02-23
2228;4543;957;63;2025-05-19
2229;4544;1513;2;2025-01-28
2230;4545;1395;11;2025-04-24
2231;4546;1472;1;2025-02-27
2232;4547;1512;52;2025-02-26
2233;4549;526;78;2025-06-02
2234;4552;1830;27;2025-01-25
2235;4554;244;93;2025-03-06
2236;4555;1621;36;2025-05-20
2237;4556;1529;52;2025-01-12
2238;4557;975;86;2025-05-20
2239;4558;343;4;2025-05-08
2240;4563;1;3;2025-06-30
2241;4566;1514;39;2025-06-10
2242;4568;564;23;2025-02-14
2243;4572;272;18;2025-04-28
2244;4574;1267;46;2025-01-09
2245;4575;242;63;2025-04-05
2246;4579;775;80;2025-02-13
2247;4582;174;33;2025-02-25
2248;4584;223;85;2025-03-01
2249;4585;1433;86;2025-03-12
2250;4586;1462;48;2025-05-25
2251;4587;1811;57;2025-06-01
2252;4588;1842;9;2025-03-26
2253;4591;1353;26;2025-02-27
2254;4592;1954;33;2025-04-20
2255;4595;1242;23;2025-01-07
2256;4596;402;68;2025-03-19
2257;4599;237;43;2025-01-16
2258;4601;1148;61;2025-04-14
2259;4603;109;69;2025-02-18
2260;4605;493;54;2025-05-13
2261;4608;1104;14;2025-01-24
2262;4612;1696;83;2025-01-13
2263;4614;287;24;2025-06-28
2264;4615;1304;58;2025-05-15
2265;4617;147;60;2025-06-13
2266;4620;566;51;2025-01-08
2267;4623;172;44;2025-02-14
2268;4626;1952;48;2025-04-24
2269;4627;1605;93;2025-06-15
2270;4631;641;10;2025-06-24
2271;4633;594;20;2025-03-09
2272;4634;327;11;2025-05-22
2273;4635;1665;50;2025-06-03
2274;4636;1369;97;2025-05-21
2275;4638;1070;8;2025-02-09
2276;4639;360;76;2025-05-09
2277;4640;1274;72;2025-03-23
2278;4641;778;31;2025-01-11
2279;4642;1039;98;2025-05-01
2280;4645;536;88;2025-04-08
2281;4648;1086;21;2025-04-14
2282;4649;774;43;2025-02-03
2283;4651;1634;67;2025-05-11
2284;4653;1355;84;2025-04-04
2285;4654;636;32;2025-05-30
2286;4655;769;37;2025-05-24
2287;4656;1463;74;2025-06-12
2288;4657;963;81;2025-04-15
2289;4661;1611;42;2025-06-09
2290;4662;1595;79;2025-02-18
2291;4665;1773;3;2025-03-06
2292;4666;1710;69;2025-02-01
2293;4667;1824;3;2025-05-16
2294;4670;364;12;2025-05-03
2295;4674;549;33;2025-02-10
2296;4678;1069;19;2025-06-16
2297;4681;498;19;2025-02-05
2298;4683;439;98;2025-03-21
2299;4684;1968;98;2025-01-22
2300;4685;947;74;2025-04-10
2301;4686;598;26;2025-02-11
2302;4687;727;42;2025-03-18
2303;4689;826;62;2025-06-22
2304;4691;1400;51;2025-03-19
2305;4692;393;15;2025-06-22
2306;4693;174;18;2025-04-09
2307;4695;1768;68;2025-05-12
2308;4696;1180;86;2025-05-10
2309;4698;1497;88;2025-04-05
2310;4699;495;60;2025-06-29
2311;4700;1026;3;2025-02-17
2312;4701;1701;72;2025-03-27
2313;4702;1486;15;2025-05-01
2314;4704;1410;71;2025-01-10
2315;4705;594;17;2025-03-16
2316;4706;490;41;2025-02-27
2317;4707;428;77;2025-02-20
2318;4708;1697;14;2025-03-08
2319;4709;1203;82;2025-02-01
2320;4712;194;45;2025-04-27
2321;4713;1078;49;2025-02-02
2322;4719;1319;25;2025-03-01
2323;4724;196;68;2025-05-10
2324;4725;1758;68;2025-05-23
2325;4729;1201;47;2025-03-28
2326;4733;1410;9;2025-03-29
2327;4737;1807;87;2025-06-26
2328;4739;1249;42;2025-02-04
2329;4741;638;47;2025-01-19
2330;4743;1310;74;2025-03-16
2331;4744;223;73;2025-03-18
2332;4745;463;44;2025-04-14
2333;4748;286;85;2025-02-21
2334;4750;1243;19;2025-05-10
2335;4751;303;5;2025-03-05
2336;4755;1425;58;2025-02-03
2337;4756;1065;96;2025-04-17
2338;4757;1927;37;2025-04-04
2339;4758;1292;13;2025-03-28
2340;4759;487;53;2025-04-14
2341;4760;878;61;2025-01-13
2342;4761;1064;6;2025-01-30
2343;4764;1934;23;2025-01-16
2344;4766;800;56;2025-06-07
2345;4769;657;80;2025-01-26
2346;4773;1127;13;2025-04-23
2347;4774;1172;45;2025-05-06
2348;4775;1283;77;2025-04-21
2349;4776;1563;28;2025-06-16
2350;4781;11;2;2025-04-26
2351;4782;1598;67;2025-03-31
2352;4783;612;92;2025-05-03
2353;4784;1768;68;2025-05-18
2354;4785;280;72;2025-01-14
2355;4789;759;60;2025-06-27
2356;4791;1684;60;2025-05-11
2357;4792;755;40;2025-05-31
2358;4793;1450;1;2025-03-18
2359;4795;1915;60;2025-04-26
2360;4797;826;28;2025-07-02
2361;4798;1174;94;2025-06-11
2362;4799;862;30;2025-05-27
2363;4801;608;21;2025-06-14
2364;4802;1239;55;2025-06-23
2365;4803;1390;27;2025-01-24
2366;4804;1821;96;2025-03-19
2367;4807;1950;1;2025-03-05
2368;4808;301;53;2025-05-26
2369;4809;211;47;2025-01-06
2370;4810;1582;8;2025-03-23
2371;4814;603;41;2025-04-23
2372;4815;828;28;2025-05-26
2373;4816;1968;6;2025-04-15
2374;4818;969;97;2025-04-13
2375;4819;1312;5;2025-04-29
2376;4822;1535;75;2025-03-23
2377;4824;1243;33;2025-03-25
2378;4828;1713;68;2025-01-02
2379;4830;1818;38;2025-02-08
2380;4832;890;67;2025-01-10
2381;4833;1125;21;2025-04-15
2382;4834;1210;60;2025-05-21
2383;4835;1386;46;2025-04-23
2384;4836;1354;89;2025-01-25
2385;4839;834;19;2025-02-27
2386;4840;31;64;2025-05-05
2387;4841;1657;78;2025-01-26
2388;4842;1377;47;2025-02-18
2389;4845;516;36;2025-03-10
2390;4848;1741;55;2025-03-12
2391;4849;1283;46;2025-01-08
2392;4850;1706;14;2025-05-04
2393;4852;14;89;2025-04-23
2394;4853;1230;3;2025-04-12
2395;4855;1708;41;2025-05-10
2396;4857;1369;29;2025-06-06
2397;4858;686;7;2025-01-14
2398;4862;601;19;2025-01-19
2399;4865;1768;45;2025-02-20
2400;4866;1786;60;2025-04-24
2401;4871;907;100;2025-03-16
2402;4873;1463;69;2025-02-06
2403;4875;1376;56;2025-06-03
2404;4876;281;81;2025-01-06
2405;4880;1158;87;2025-01-20
2406;4883;1093;4;2025-01-20
2407;4884;1988;63;2025-02-22
2408;4892;209;17;2025-06-06
2409;4895;488;60;2025-06-22
2410;4896;651;3;2025-05-01
2411;4897;1016;41;2025-05-28
2412;4898;2000;92;2025-04-08
2413;4900;917;13;2025-06-20
2414;4901;1117;39;2025-03-22
2415;4903;1487;67;2025-05-30
2416;4906;1046;14;2025-01-25
2417;4907;884;68;2025-03-16
2418;4908;109;63;2025-04-26
2419;4910;816;17;2025-05-19
2420;4911;222;2;2025-04-29
2421;4916;1832;52;2025-05-18
2422;4918;1287;8;2025-03-09
2423;4919;1064;82;2025-02-13
2424;4921;1505;99;2025-06-26
2425;4922;1243;2;2025-03-02
2426;4923;1553;43;2025-03-01
2427;4932;1395;94;2025-04-27
2428;4935;1844;91;2025-05-13
2429;4936;1598;90;2025-01-05
2430;4938;1108;58;2025-01-23
2431;4940;459;24;2025-03-25
2432;4943;1592;39;2025-05-21
2433;4947;1334;92;2025-01-20
2434;4949;1163;11;2025-04-28
2435;4950;1547;11;2025-01-13
2436;4951;1142;84;2025-05-18
2437;4953;881;99;2025-06-05
2438;4956;260;94;2025-03-27
2439;4960;1997;27;2025-06-28
2440;4961;514;41;2025-03-17
2441;4963;1808;25;2025-03-28
2442;4965;1134;13;2025-06-15
2443;4966;173;57;2025-03-30
2444;4969;1342;33;2025-01-24
2445;4970;732;84;2025-03-02
2446;4972;917;1;2025-05-04
2447;4974;383;97;2025-06-08
2448;4975;926;72;2025-04-10
2449;4976;1598;17;2025-06-09
2450;4978;1251;71;2025-05-09
2451;4979;788;12;2025-02-09
2452;4984;402;84;2025-01-10
2453;4989;107;69;2025-01-09
2454;4991;781;67;2025-03-27
2455;4992;1405;39;2025-05-26
2456;4993;79;21;2025-06-23
2457;4997;550;71;2025-02-16
2458;4998;1914;56;2025-04-12
2459;4999;944;23;2025-04-12
2460;5003;1949;35;2025-06-25
2461;5005;1617;76;2025-02-26
2462;5006;1775;63;2025-05-21
2463;5008;697;1;2025-02-14
2464;5009;534;54;2025-06-25
2465;5011;1092;93;2025-05-05
2466;5012;365;88;2025-04-12
2467;5014;827;57;2025-02-28
2468;5017;758;30;2025-02-28
2469;5019;1147;89;2025-04-06
2470;5021;1003;40;2025-03-11
2471;5022;1959;80;2025-05-26
2472;5027;1287;43;2025-01-31
2473;5028;1798;24;2025-05-28
2474;5029;153;58;2025-05-05
2475;5032;1707;30;2025-05-31
2476;5033;484;15;2025-01-10
2477;5036;667;64;2025-04-29
2478;5039;1493;24;2025-04-04
2479;5045;1952;40;2025-06-28
2480;5047;1947;36;2025-01-10
2481;5050;1084;87;2025-06-30
2482;5051;1212;27;2025-05-04
2483;5052;1150;99;2025-06-04
2484;5053;1501;5;2025-05-03
2485;5054;14;41;2025-04-05
2486;5056;1079;26;2025-04-01
2487;5057;824;73;2025-02-06
2488;5059;1658;44;2025-04-19
2489;5060;120;80;2025-05-31
2490;5063;612;89;2025-02-06
2491;5065;691;29;2025-05-21
2492;5067;865;41;2025-03-25
2493;5068;1614;90;2025-03-15
2494;5070;624;25;2025-02-01
2495;5074;88;27;2025-03-20
2496;5078;1317;54;2025-03-26
2497;5079;1779;39;2025-01-18
2498;5083;1297;34;2025-05-25
2499;5084;1512;66;2025-06-24
2500;5085;206;60;2025-03-20
2501;5086;583;46;2025-05-17
2502;5089;296;87;2025-06-28
2503;5090;1919;5;2025-04-20
2504;5091;920;35;2025-03-17
2505;5092;1318;13;2025-02-08
2506;5094;751;88;2025-07-02
2507;5099;390;29;2025-02-03
2508;5100;410;66;2025-02-06
2509;5101;1800;47;2025-06-11
2510;5102;625;73;2025-01-24
2511;5103;121;86;2025-01-05
2512;5104;1814;43;2025-05-14
2513;5105;502;69;2025-03-09
2514;5106;1003;28;2025-02-22
2515;5109;339;5;2025-04-15
2516;5111;934;95;2025-02-17
2517;5113;951;22;2025-03-09
2518;5116;278;100;2025-02-10
2519;5117;1767;40;2025-01-10
2520;5118;667;75;2025-06-09
2521;5121;1843;76;2025-03-03
2522;5122;1495;22;2025-04-13
2523;5123;109;37;2025-02-18
2524;5132;1181;98;2025-06-09
2525;5133;439;51;2025-02-15
2526;5135;1638;89;2025-06-19
2527;5137;1312;58;2025-03-04
2528;5141;1975;1;2025-05-29
2529;5142;1753;12;2025-02-22
2530;5143;656;33;2025-03-21
2531;5147;594;78;2025-01-07
2532;5154;6;93;2025-05-29
2533;5156;332;3;2025-03-27
2534;5158;1556;9;2025-05-10
2535;5165;1494;16;2025-05-21
2536;5167;1810;50;2025-03-09
2537;5168;1559;19;2025-05-07
2538;5169;1243;38;2025-05-14
2539;5170;1032;22;2025-05-26
2540;5172;432;65;2025-06-22
2541;5176;414;15;2025-03-13
2542;5178;1322;88;2025-05-28
2543;5179;1752;12;2025-03-26
2544;5181;711;4;2025-02-24
2545;5184;1183;52;2025-05-31
2546;5186;50;20;2025-03-21
2547;5188;1339;84;2025-02-21
2548;5193;191;30;2025-01-30
2549;5195;1297;10;2025-02-08
2550;5197;242;7;2025-04-16
2551;5201;784;88;2025-01-28
2552;5204;915;86;2025-03-29
2553;5206;1910;20;2025-02-22
2554;5208;76;47;2025-05-29
2555;5210;691;69;2025-05-20
2556;5212;1333;80;2025-05-16
2557;5213;213;92;2025-03-15
2558;5214;361;98;2025-01-26
2559;5216;1399;23;2025-06-10
2560;5217;1075;37;2025-03-30
2561;5218;1761;45;2025-05-30
2562;5220;308;64;2025-03-15
2563;5222;1721;19;2025-02-19
2564;5223;1435;51;2025-04-01
2565;5226;1466;15;2025-06-02
2566;5231;291;42;2025-02-19
2567;5232;869;56;2025-05-21
2568;5235;435;48;2025-03-09
2569;5239;253;56;2025-06-08
2570;5240;332;35;2025-03-02
2571;5242;124;32;2025-06-05
2572;5245;873;6;2025-01-06
2573;5246;845;55;2025-02-05
2574;5247;260;98;2025-05-17
2575;5248;1332;57;2025-03-31
2576;5250;1696;18;2025-02-27
2577;5255;1156;83;2025-04-06
2578;5259;584;49;2025-02-16
2579;5260;1937;70;2025-03-08
2580;5267;55;17;2025-05-24
2581;5268;471;51;2025-04-28
2582;5269;817;95;2025-01-26
2583;5270;1002;28;2025-04-20
2584;5271;1058;10;2025-05-22
2585;5272;27;69;2025-01-27
2586;5273;1664;37;2025-04-26
2587;5276;1443;53;2025-04-30
2588;5277;173;49;2025-05-12
2589;5278;87;29;2025-04-28
2590;5279;209;97;2025-01-14
2591;5280;947;91;2025-03-29
2592;5282;740;80;2025-03-12
2593;5286;36;8;2025-04-23
2594;5288;1761;8;2025-06-23
2595;5289;728;96;2025-04-22
2596;5291;520;4;2025-01-09
2597;5293;12;92;2025-02-22
2598;5294;1375;93;2025-06-05
2599;5296;1889;30;2025-04-22
2600;5297;1822;58;2025-04-24
2601;5300;1075;64;2025-02-07
2602;5301;1433;95;2025-01-06
2603;5303;826;77;2025-04-19
2604;5306;1547;20;2025-01-30
2605;5307;104;27;2025-06-01
2606;5308;995;37;2025-02-02
2607;5314;7;93;2025-03-06
2608;5317;524;11;2025-06-05
2609;5320;1904;53;2025-06-07
2610;5321;1084;40;2025-06-15
2611;5322;459;19;2025-02-21
2612;5324;1404;71;2025-04-17
2613;5327;842;32;2025-01-28
2614;5328;305;31;2025-05-06
2615;5332;1561;90;2025-04-23
2616;5333;375;93;2025-06-26
2617;5334;1981;87;2025-06-22
2618;5335;1211;37;2025-03-17
2619;5337;1251;86;2025-01-06
2620;5338;138;14;2025-02-14
2621;5339;1810;10;2025-06-19
2622;5340;286;79;2025-02-26
2623;5341;957;20;2025-05-14
2624;5342;944;31;2025-02-13
2625;5344;113;65;2025-06-21
2626;5351;1813;9;2025-04-25
2627;5357;1670;30;2025-05-20
2628;5359;623;87;2025-02-06
2629;5360;330;95;2025-04-27
2630;5363;902;98;2025-04-07
2631;5364;897;1;2025-05-21
2632;5366;532;98;2025-01-13
2633;5367;858;44;2025-03-23
2634;5368;970;18;2025-02-17
2635;5370;1154;64;2025-03-20
2636;5371;1220;34;2025-01-25
2637;5373;1047;28;2025-06-24
2638;5374;1674;86;2025-03-13
2639;5375;1621;8;2025-06-05
2640;5376;1374;57;2025-05-24
2641;5378;949;38;2025-05-31
2642;5379;1932;76;2025-06-21
2643;5382;470;31;2025-03-09
2644;5384;868;96;2025-04-01
2645;5386;1843;45;2025-06-14
2646;5387;509;88;2025-05-06
2647;5388;582;8;2025-05-24
2648;5390;726;72;2025-04-29
2649;5391;1190;9;2025-02-18
2650;5392;600;60;2025-06-05
2651;5396;510;61;2025-06-07
2652;5398;928;24;2025-03-23
2653;5400;24;3;2025-05-25
2654;5401;693;76;2025-04-10
2655;5402;292;91;2025-04-04
2656;5404;833;12;2025-05-21
2657;5406;1030;7;2025-02-28
2658;5407;545;94;2025-04-13
2659;5408;1091;76;2025-03-02
2660;5409;1258;7;2025-04-23
2661;5410;282;15;2025-04-13
2662;5411;983;21;2025-05-16
2663;5413;140;20;2025-01-08
2664;5416;1700;54;2025-05-31
2665;5418;1355;73;2025-06-13
2666;5419;1669;6;2025-02-24
2667;5420;1464;83;2025-01-30
2668;5423;700;96;2025-03-05
2669;5425;1140;7;2025-01-26
2670;5426;821;3;2025-07-01
2671;5430;256;17;2025-01-26
2672;5431;879;22;2025-06-18
2673;5433;593;15;2025-01-08
2674;5434;1614;25;2025-04-18
2675;5436;1548;23;2025-01-19
2676;5438;1434;62;2025-06-04
2677;5439;1103;4;2025-05-20
2678;5440;1292;28;2025-05-21
2679;5442;946;4;2025-02-08
2680;5443;199;40;2025-01-23
2681;5444;907;48;2025-04-17
2682;5450;1103;51;2025-03-05
2683;5451;1432;49;2025-04-12
2684;5452;1427;44;2025-05-22
2685;5453;902;92;2025-05-11
2686;5455;1411;97;2025-03-27
2687;5461;1600;37;2025-04-05
2688;5462;505;38;2025-06-29
2689;5463;92;30;2025-01-30
2690;5464;145;3;2025-01-21
2691;5466;1706;86;2025-05-20
2692;5467;1542;100;2025-04-12
2693;5469;510;66;2025-06-16
2694;5470;258;1;2025-05-13
2695;5471;1187;20;2025-03-26
2696;5474;101;96;2025-06-04
2697;5476;1653;9;2025-03-20
2698;5480;1398;26;2025-05-23
2699;5481;1257;23;2025-04-23
2700;5484;332;46;2025-03-22
2701;5485;645;71;2025-04-05
2702;5487;1101;21;2025-05-27
2703;5488;923;69;2025-03-23
2704;5489;1976;70;2025-02-21
2705;5490;1601;64;2025-06-07
2706;5493;1637;77;2025-04-09
2707;5494;1605;24;2025-06-14
2708;5495;378;42;2025-03-28
2709;5500;19;15;2025-02-13
2710;5501;1753;15;2025-02-02
2711;5502;359;94;2025-03-18
2712;5505;1345;3;2025-03-21
2713;5506;822;57;2025-03-22
2714;5510;190;4;2025-05-11
2715;5515;222;31;2025-06-01
2716;5518;262;23;2025-01-21
2717;5519;355;29;2025-06-04
2718;5524;1308;14;2025-01-21
2719;5526;110;70;2025-05-17
2720;5527;515;24;2025-05-05
2721;5528;701;3;2025-04-23
2722;5530;1775;41;2025-01-15
2723;5531;945;91;2025-04-01
2724;5533;543;30;2025-02-15
2725;5534;635;6;2025-02-01
2726;5535;1376;61;2025-06-29
2727;5536;1539;86;2025-05-11
2728;5538;1633;83;2025-01-14
2729;5541;1336;18;2025-03-28
2730;5542;1516;81;2025-02-22
2731;5544;287;21;2025-02-10
2732;5545;1915;15;2025-03-17
2733;5546;1577;18;2025-06-09
2734;5548;1926;50;2025-01-24
2735;5549;924;91;2025-04-13
2736;5551;1361;84;2025-06-17
2737;5553;348;80;2025-02-20
2738;5557;1463;86;2025-06-17
2739;5558;1112;48;2025-01-18
2740;5562;792;33;2025-03-01
2741;5564;1700;95;2025-03-10
2742;5565;1279;29;2025-03-27
2743;5568;1614;73;2025-05-14
2744;5573;521;29;2025-06-21
2745;5576;1692;34;2025-02-25
2746;5578;1410;3;2025-05-02
2747;5580;923;14;2025-01-30
2748;5582;1319;12;2025-02-01
2749;5583;302;39;2025-04-27
2750;5584;1967;48;2025-05-14
2751;5585;1354;56;2025-05-18
2752;5586;1506;54;2025-06-09
2753;5587;1164;40;2025-04-21
2754;5589;1591;8;2025-06-27
2755;5590;1227;34;2025-03-22
2756;5594;1395;66;2025-03-06
2757;5599;1853;51;2025-05-23
2758;5600;1329;59;2025-06-03
2759;5601;921;42;2025-05-16
2760;5604;1999;29;2025-06-15
2761;5606;62;49;2025-02-10
2762;5607;1933;38;2025-02-23
2763;5609;1893;67;2025-05-29
2764;5610;1141;81;2025-02-14
2765;5613;380;7;2025-02-14
2766;5615;130;68;2025-04-09
2767;5618;1041;40;2025-06-23
2768;5619;1778;18;2025-06-24
2769;5621;23;21;2025-01-23
2770;5622;1675;71;2025-02-19
2771;5624;592;72;2025-03-02
2772;5625;1839;93;2025-03-18
2773;5626;1902;4;2025-06-18
2774;5627;500;46;2025-06-02
2775;5628;1046;69;2025-05-06
2776;5629;566;42;2025-05-23
2777;5631;645;31;2025-04-17
2778;5634;8;63;2025-01-07
2779;5636;8;75;2025-03-13
2780;5638;777;36;2025-01-21
2781;5647;664;98;2025-04-13
2782;5648;1258;10;2025-03-12
2783;5649;1582;53;2025-05-01
2784;5650;86;45;2025-06-08
2785;5651;31;93;2025-05-24
2786;5652;1557;22;2025-04-22
2787;5653;860;97;2025-02-23
2788;5654;603;38;2025-02-08
2789;5657;327;83;2025-06-06
2790;5658;941;59;2025-05-18
2791;5659;480;72;2025-04-21
2792;5663;1353;85;2025-06-09
2793;5667;1729;47;2025-05-26
2794;5669;1420;14;2025-03-04
2795;5670;260;76;2025-01-23
2796;5673;1740;58;2025-05-29
2797;5674;1145;58;2025-04-09
2798;5675;31;45;2025-01-23
2799;5679;688;55;2025-03-22
2800;5681;997;89;2025-03-16
2801;5682;1447;100;2025-06-21
2802;5683;1532;30;2025-05-06
2803;5684;608;13;2025-06-05
2804;5685;379;7;2025-01-26
2805;5686;1110;8;2025-02-09
2806;5690;546;99;2025-02-13
2807;5692;685;20;2025-05-31
2808;5693;153;23;2025-01-15
2809;5694;1662;41;2025-04-05
2810;5695;546;34;2025-01-29
2811;5696;1687;26;2025-03-31
2812;5697;1395;30;2025-04-07
2813;5699;892;3;2025-02-04
2814;5700;6;6;2025-02-06
2815;5703;37;36;2025-01-17
2816;5707;352;79;2025-02-06
2817;5709;1031;61;2025-05-26
2818;5711;11;80;2025-01-25
2819;5713;1937;50;2025-02-16
2820;5716;860;91;2025-04-11
2821;5717;1929;53;2025-04-07
2822;5725;381;27;2025-01-22
2823;5726;1531;12;2025-04-04
2824;5727;466;29;2025-01-14
2825;5729;409;95;2025-01-11
2826;5730;947;99;2025-04-22
2827;5734;1176;63;2025-05-25
2828;5736;601;36;2025-06-16
2829;5737;289;29;2025-05-15
2830;5739;1138;59;2025-02-26
2831;5740;1772;56;2025-03-30
2832;5741;270;20;2025-03-08
2833;5742;572;53;2025-02-01
2834;5745;972;5;2025-03-22
2835;5748;529;91;2025-01-12
2836;5753;1989;63;2025-04-23
2837;5755;691;54;2025-04-18
2838;5757;1766;65;2025-05-21
2839;5761;1825;83;2025-05-21
2840;5763;622;43;2025-03-25
2841;5766;1874;88;2025-05-21
2842;5768;109;39;2025-04-25
2843;5771;920;80;2025-03-28
2844;5772;722;87;2025-04-05
2845;5773;1968;86;2025-02-12
2846;5774;422;30;2025-02-18
2847;5775;1494;84;2025-06-02
2848;5776;70;53;2025-03-27
2849;5780;1365;57;2025-01-29
2850;5782;1948;51;2025-01-28
2851;5784;195;83;2025-06-26
2852;5786;1650;55;2025-06-30
2853;5788;797;48;2025-06-25
2854;5789;1440;52;2025-02-13
2855;5790;1299;58;2025-04-15
2856;5791;1469;33;2025-04-05
2857;5793;1675;91;2025-06-28
2858;5795;363;65;2025-01-24
2859;5796;1366;9;2025-02-17
2860;5797;897;20;2025-05-27
2861;5799;324;83;2025-06-30
2862;5802;440;83;2025-04-01
2863;5806;90;67;2025-01-26
2864;5807;1567;91;2025-06-30
2865;5808;392;34;2025-04-29
2866;5811;1381;72;2025-06-14
2867;5812;58;23;2025-06-22
2868;5813;1539;50;2025-01-14
2869;5814;20;90;2025-03-16
2870;5815;1961;61;2025-02-27
2871;5818;7;24;2025-04-01
2872;5819;259;64;2025-02-24
2873;5820;878;28;2025-05-12
2874;5822;148;97;2025-03-20
2875;5823;1284;87;2025-01-27
2876;5825;690;74;2025-06-09
2877;5826;1827;100;2025-05-21
2878;5828;1863;52;2025-06-26
2879;5830;94;57;2025-04-11
2880;5831;145;27;2025-01-17
2881;5838;539;42;2025-06-29
2882;5839;1834;7;2025-05-05
2883;5840;1026;35;2025-06-28
2884;5844;1190;92;2025-03-01
2885;5847;1554;78;2025-03-27
2886;5849;330;6;2025-01-04
2887;5850;150;92;2025-02-24
2888;5852;267;11;2025-02-18
2889;5854;1101;50;2025-02-19
2890;5855;1193;23;2025-06-10
2891;5856;383;83;2025-06-29
2892;5858;1617;99;2025-03-20
2893;5859;678;22;2025-01-18
2894;5860;32;41;2025-05-27
2895;5861;82;78;2025-06-24
2896;5862;96;34;2025-03-05
2897;5864;1871;82;2025-05-13
2898;5865;519;95;2025-01-04
2899;5866;311;34;2025-01-25
2900;5869;1900;25;2025-03-16
2901;5871;685;45;2025-05-23
2902;5872;1618;41;2025-04-26
2903;5873;663;50;2025-02-18
2904;5874;180;79;2025-06-03
2905;5875;1510;39;2025-04-21
2906;5877;96;77;2025-03-05
2907;5879;1812;66;2025-04-30
2908;5881;383;63;2025-03-07
2909;5882;947;94;2025-01-09
2910;5885;187;89;2025-02-11
2911;5887;371;39;2025-04-21
2912;5893;1481;6;2025-06-27
2913;5896;1031;77;2025-02-26
2914;5900;1166;61;2025-06-26
2915;5901;1993;39;2025-02-14
2916;5902;1442;13;2025-04-10
2917;5903;1139;85;2025-01-13
2918;5904;1452;70;2025-03-30
2919;5905;1879;50;2025-05-05
2920;5910;1842;77;2025-05-11
2921;5911;566;59;2025-03-22
2922;5913;197;25;2025-02-07
2923;5915;3;10;2025-02-17
2924;5919;1357;98;2025-01-17
2925;5924;136;73;2025-04-05
2926;5928;74;66;2025-01-13
2927;5930;1746;12;2025-02-04
2928;5933;1794;100;2025-03-06
2929;5934;764;88;2025-01-13
2930;5938;520;2;2025-02-21
2931;5943;1850;90;2025-01-27
2932;5945;271;70;2025-06-26
2933;5946;47;89;2025-06-03
2934;5948;1810;63;2025-05-03
2935;5949;612;30;2025-06-06
2936;5952;245;37;2025-03-10
2937;5954;137;41;2025-04-11
2938;5955;803;90;2025-02-09
2939;5956;1163;81;2025-02-22
2940;5957;1923;54;2025-04-18
2941;5958;998;25;2025-05-09
2942;5959;115;29;2025-04-14
2943;5960;1142;75;2025-04-18
2944;5962;1954;61;2025-04-11
2945;5965;1647;7;2025-04-03
2946;5966;741;92;2025-03-19
2947;5968;616;43;2025-04-24
2948;5970;403;58;2025-06-04
2949;5971;1578;35;2025-02-27
2950;5972;1163;63;2025-03-31
2951;5973;18;30;2025-06-15
2952;5974;1239;92;2025-02-14
2953;5975;930;86;2025-02-03
2954;5983;310;65;2025-06-23
2955;5984;1055;20;2025-06-12
2956;5985;1816;29;2025-05-17
2957;5987;1947;86;2025-01-27
2958;5989;303;83;2025-03-23
2959;5990;1859;3;2025-06-19
2960;5991;1231;39;2025-06-24
2961;5992;779;18;2025-02-28
2962;5993;412;99;2025-03-29
2963;5994;1649;18;2025-02-06
2964;5995;1475;15;2025-04-30
2965;5996;1995;88;2025-04-04
2966;5998;1089;70;2025-02-28
2967;5999;503;93;2025-02-21
2968;6000;1945;6;2025-06-28
2969;6002;1447;55;2025-06-21
2970;6006;1877;54;2025-06-23
2971;6010;688;8;2025-04-04
2972;6015;783;16;2025-04-21
2973;6016;428;77;2025-02-03
2974;6017;162;51;2025-03-29
2975;6018;585;51;2025-01-07
2976;6023;293;10;2025-04-06
2977;6030;789;22;2025-03-15
2978;6034;1673;80;2025-03-20
2979;6035;1591;46;2025-03-22
2980;6037;1161;65;2025-02-27
2981;6038;1348;70;2025-03-01
2982;6046;652;7;2025-02-24
2983;6047;743;71;2025-02-16
2984;6055;1793;36;2025-02-26
2985;6056;1854;19;2025-04-30
2986;6060;400;40;2025-01-01
2987;6061;229;83;2025-01-16
2988;6062;1323;73;2025-06-13
2989;6064;1667;1;2025-05-19
2990;6065;129;25;2025-04-05
2991;6069;1754;3;2025-02-02
2992;6071;655;26;2025-06-20
2993;6073;872;8;2025-06-05
2994;6074;617;64;2025-05-29
2995;6075;1418;30;2025-02-27
2996;6076;1563;91;2025-05-16
2997;6080;1275;29;2025-03-31
2998;6081;1453;32;2025-05-13
2999;6089;304;11;2025-02-09
3000;6090;1311;36;2025-02-28
3001;6091;1433;17;2025-02-20
3002;6093;1246;98;2025-01-02
3003;6094;589;35;2025-05-03
3004;6097;867;19;2025-01-25
3005;6098;1039;53;2025-01-11
3006;6099;962;87;2025-01-26
3007;6100;1859;69;2025-05-22
3008;6102;1048;32;2025-04-11
3009;6103;1244;75;2025-02-02
3010;6104;1566;2;2025-02-12
3011;6106;80;13;2025-01-06
3012;6107;1007;51;2025-02-09
3013;6108;812;64;2025-04-01
3014;6109;1321;6;2025-02-26
3015;6113;1626;39;2025-03-09
3016;6114;1094;10;2025-04-15
3017;6120;35;84;2025-06-06
3018;6121;599;9;2025-02-10
3019;6122;709;5;2025-06-21
3020;6123;1758;3;2025-02-10
3021;6124;1470;21;2025-02-17
3022;6127;1682;59;2025-03-29
3023;6128;433;38;2025-06-18
3024;6133;1401;31;2025-03-12
3025;6135;995;73;2025-03-01
3026;6137;1582;65;2025-06-18
3027;6138;1151;75;2025-02-10
3028;6140;1587;68;2025-02-15
3029;6143;818;39;2025-05-28
3030;6144;1697;66;2025-06-19
3031;6146;643;81;2025-05-04
3032;6147;93;90;2025-03-23
3033;6149;1637;50;2025-06-11
3034;6151;178;40;2025-03-12
3035;6153;1570;43;2025-03-26
3036;6156;1477;19;2025-06-02
3037;6160;978;81;2025-02-07
3038;6161;38;92;2025-02-15
3039;6162;891;63;2025-06-20
3040;6164;1776;21;2025-01-26
3041;6170;1326;18;2025-04-15
3042;6173;338;52;2025-05-08
3043;6175;164;3;2025-02-18
3044;6176;271;20;2025-06-17
3045;6177;798;48;2025-04-28
3046;6180;1274;46;2025-06-18
3047;6182;486;55;2025-06-13
3048;6184;1420;29;2025-02-23
3049;6187;633;98;2025-01-09
3050;6189;1485;41;2025-06-14
3051;6190;686;77;2025-03-02
3052;6191;256;56;2025-01-12
3053;6192;325;39;2025-05-31
3054;6193;142;35;2025-01-07
3055;6194;1587;89;2025-05-07
3056;6195;1654;49;2025-03-11
3057;6196;580;51;2025-06-13
3058;6197;935;39;2025-05-03
3059;6198;15;93;2025-01-01
3060;6199;288;40;2025-05-25
3061;6203;822;46;2025-05-29
3062;6204;918;28;2025-04-28
3063;6207;1824;37;2025-04-21
3064;6208;1415;93;2025-03-09
3065;6210;48;94;2025-03-05
3066;6212;452;99;2025-02-22
3067;6213;78;33;2025-04-09
3068;6214;1997;40;2025-05-27
3069;6215;874;69;2025-02-19
3070;6216;1972;53;2025-04-23
3071;6217;162;95;2025-06-14
3072;6218;1159;14;2025-02-05
3073;6219;1166;92;2025-03-01
3074;6222;955;78;2025-02-17
3075;6224;331;65;2025-02-11
3076;6227;481;91;2025-03-24
3077;6228;1258;59;2025-05-16
3078;6229;1272;12;2025-05-28
3079;6230;1564;5;2025-06-08
3080;6231;806;25;2025-03-14
3081;6232;848;67;2025-03-06
3082;6234;1792;10;2025-02-26
3083;6235;630;21;2025-01-20
3084;6236;1622;50;2025-06-07
3085;6243;1797;41;2025-03-09
3086;6245;1714;34;2025-02-13
3087;6246;300;17;2025-01-15
3088;6247;1216;62;2025-05-11
3089;6248;861;97;2025-06-05
3090;6249;1481;62;2025-02-25
3091;6250;1179;75;2025-06-15
3092;6254;1982;31;2025-05-27
3093;6255;913;63;2025-01-16
3094;6256;1416;99;2025-01-30
3095;6258;981;61;2025-03-21
3096;6263;271;29;2025-01-11
3097;6265;619;76;2025-05-26
3098;6266;887;70;2025-04-10
3099;6268;1482;71;2025-02-28
3100;6271;280;7;2025-02-23
3101;6273;1759;41;2025-04-02
3102;6279;448;72;2025-03-10
3103;6280;1446;41;2025-05-24
3104;6281;612;34;2025-03-08
3105;6285;1128;68;2025-01-15
3106;6287;1824;48;2025-02-19
3107;6288;1698;15;2025-02-10
3108;6289;1911;96;2025-01-10
3109;6290;1758;86;2025-02-19
3110;6291;635;69;2025-03-18
3111;6296;1034;65;2025-05-21
3112;6297;1703;45;2025-01-10
3113;6302;1358;15;2025-04-24
3114;6306;1724;50;2025-01-15
3115;6308;1626;31;2025-01-15
3116;6309;335;49;2025-05-25
3117;6312;919;76;2025-02-10
3118;6313;408;90;2025-02-05
3119;6314;1066;30;2025-06-10
3120;6316;280;60;2025-02-06
3121;6318;221;44;2025-02-23
3122;6319;1798;9;2025-02-28
3123;6322;904;83;2025-06-27
3124;6326;1590;86;2025-06-06
3125;6327;1250;66;2025-03-23
3126;6329;570;98;2025-02-25
3127;6331;1865;70;2025-05-29
3128;6336;607;81;2025-01-19
3129;6337;1939;58;2025-01-06
3130;6340;1633;77;2025-03-17
3131;6345;1316;15;2025-03-26
3132;6347;217;75;2025-06-04
3133;6348;1917;48;2025-03-09
3134;6349;103;38;2025-04-04
3135;6351;1100;75;2025-02-11
3136;6353;304;71;2025-05-11
3137;6358;1553;51;2025-03-16
3138;6359;1460;39;2025-05-11
3139;6360;1485;74;2025-03-06
3140;6366;1088;9;2025-05-13
3141;6371;1752;17;2025-05-07
3142;6372;597;55;2025-06-11
3143;6373;1910;3;2025-06-03
3144;6379;360;77;2025-05-07
3145;6380;1937;81;2025-03-09
3146;6381;512;78;2025-05-24
3147;6382;931;99;2025-02-13
3148;6383;44;67;2025-03-17
3149;6385;770;75;2025-04-08
3150;6386;1391;64;2025-06-25
3151;6390;1418;30;2025-02-21
3152;6391;415;56;2025-03-17
3153;6395;1189;81;2025-01-05
3154;6396;555;63;2025-01-07
3155;6397;1648;28;2025-01-04
3156;6399;1400;7;2025-05-10
3157;6400;1402;76;2025-01-19
3158;6404;1851;54;2025-04-14
3159;6407;849;100;2025-03-11
3160;6412;165;23;2025-04-01
3161;6415;57;73;2025-05-28
3162;6417;1214;25;2025-01-31
3163;6422;477;61;2025-03-06
3164;6424;837;55;2025-06-10
3165;6425;1481;48;2025-06-21
3166;6429;1054;2;2025-06-15
3167;6430;1370;70;2025-03-28
3168;6434;90;46;2025-05-28
3169;6435;1095;49;2025-07-01
3170;6436;1753;63;2025-01-19
3171;6437;1678;6;2025-02-15
3172;6438;1742;89;2025-01-27
3173;6439;1946;22;2025-01-22
3174;6440;763;26;2025-05-11
3175;6441;1358;42;2025-04-07
3176;6442;1103;84;2025-04-24
3177;6447;1088;17;2025-03-11
3178;6449;798;50;2025-03-21
3179;6452;364;58;2025-05-10
3180;6454;1308;18;2025-05-05
3181;6455;501;65;2025-05-16
3182;6457;823;37;2025-04-13
3183;6458;1534;49;2025-02-02
3184;6460;446;23;2025-06-18
3185;6462;289;93;2025-02-08
3186;6463;367;61;2025-02-21
3187;6471;1774;11;2025-01-25
3188;6472;965;19;2025-04-25
3189;6473;315;50;2025-06-02
3190;6474;1249;29;2025-06-07
3191;6481;840;54;2025-06-27
3192;6485;1105;53;2025-02-21
3193;6486;1115;98;2025-02-18
3194;6489;1659;49;2025-03-11
3195;6491;1127;31;2025-04-01
3196;6493;1726;74;2025-02-14
3197;6496;816;71;2025-06-28
3198;6499;1757;35;2025-02-16
3199;6500;1729;87;2025-02-24
3200;6501;1807;90;2025-06-07
3201;6502;1829;95;2025-06-23
3202;6506;689;37;2025-06-11
3203;6508;363;48;2025-04-28
3204;6509;215;50;2025-04-22
3205;6512;318;29;2025-02-10
3206;6514;313;24;2025-06-24
3207;6515;1108;15;2025-03-01
3208;6519;1451;98;2025-04-14
3209;6520;1952;14;2025-05-08
3210;6521;790;65;2025-06-18
3211;6522;89;72;2025-06-12
3212;6523;1482;86;2025-05-30
3213;6526;206;10;2025-03-07
3214;6527;1578;29;2025-06-11
3215;6530;944;3;2025-06-28
3216;6531;227;66;2025-06-01
3217;6532;859;61;2025-05-17
3218;6534;1419;32;2025-03-31
3219;6535;1354;100;2025-02-15
3220;6536;1505;72;2025-02-09
3221;6539;788;30;2025-06-06
3222;6540;1782;71;2025-05-29
3223;6542;663;53;2025-02-23
3224;6544;1215;14;2025-02-11
3225;6551;974;13;2025-06-10
3226;6557;937;34;2025-06-27
3227;6558;1393;35;2025-03-08
3228;6560;1266;92;2025-03-16
3229;6561;831;11;2025-01-21
3230;6563;1644;17;2025-05-10
3231;6564;1735;76;2025-01-30
3232;6567;1933;70;2025-02-23
3233;6568;817;25;2025-05-20
3234;6570;780;44;2025-06-01
3235;6572;594;23;2025-01-03
3236;6575;1794;45;2025-03-26
3237;6578;817;23;2025-04-28
3238;6580;594;53;2025-06-04
3239;6582;1721;66;2025-02-15
3240;6585;1578;29;2025-01-03
3241;6587;1138;26;2025-06-20
3242;6589;989;8;2025-06-22
3243;6591;486;96;2025-06-02
3244;6592;1510;73;2025-03-10
3245;6594;712;4;2025-03-03
3246;6597;97;84;2025-02-26
3247;6607;920;9;2025-01-16
3248;6608;1030;11;2025-01-07
3249;6610;967;24;2025-04-19
3250;6611;1799;10;2025-01-09
3251;6612;232;50;2025-04-22
3252;6613;763;64;2025-01-13
3253;6614;473;94;2025-03-18
3254;6615;621;22;2025-02-04
3255;6616;1232;3;2025-01-14
3256;6617;806;71;2025-03-12
3257;6619;1145;75;2025-04-06
3258;6620;338;29;2025-01-12
3259;6621;774;74;2025-02-02
3260;6624;1787;9;2025-02-06
3261;6626;378;12;2025-02-03
3262;6627;1248;67;2025-03-28
3263;6628;484;7;2025-06-13
3264;6630;1625;76;2025-03-09
3265;6631;1022;70;2025-05-05
3266;6632;1845;23;2025-03-21
3267;6633;1109;60;2025-06-25
3268;6634;1609;96;2025-04-06
3269;6635;1224;30;2025-06-05
3270;6636;896;52;2025-02-15
3271;6639;1002;95;2025-02-06
3272;6643;7;92;2025-04-12
3273;6647;1987;48;2025-05-07
3274;6648;322;99;2025-03-13
3275;6650;1265;68;2025-05-24
3276;6653;1197;92;2025-02-14
3277;6655;1460;69;2025-01-28
3278;6658;1260;75;2025-04-26
3279;6659;137;22;2025-03-30
3280;6660;1877;34;2025-05-17
3281;6661;1745;48;2025-04-05
3282;6664;630;43;2025-05-01
3283;6665;472;68;2025-06-15
3284;6666;440;14;2025-02-07
3285;6667;610;1;2025-05-18
3286;6669;1707;42;2025-01-31
3287;6670;730;78;2025-03-20
3288;6674;76;51;2025-03-03
3289;6675;1001;96;2025-05-18
3290;6678;863;64;2025-01-19
3291;6680;1691;66;2025-06-05
3292;6681;374;58;2025-01-11
3293;6683;1096;17;2025-05-24
3294;6684;140;11;2025-02-16
3295;6685;983;85;2025-05-02
3296;6687;1695;78;2025-04-24
3297;6690;251;37;2025-06-28
3298;6693;1493;72;2025-05-06
3299;6694;1664;90;2025-01-14
3300;6696;1769;37;2025-04-04
3301;6697;871;79;2025-02-18
3302;6698;600;81;2025-04-09
3303;6700;907;77;2025-02-13
3304;6701;1214;74;2025-05-31
3305;6702;1910;4;2025-03-22
3306;6704;280;79;2025-06-04
3307;6705;1179;84;2025-04-08
3308;6709;1200;41;2025-06-26
3309;6710;76;53;2025-01-14
3310;6711;1091;28;2025-05-22
3311;6712;697;84;2025-03-01
3312;6714;1856;26;2025-06-27
3313;6717;1218;25;2025-06-20
3314;6720;568;93;2025-05-14
3315;6722;1260;78;2025-06-01
3316;6724;1150;15;2025-05-06
3317;6725;673;9;2025-04-02
3318;6728;1726;35;2025-01-14
3319;6729;367;24;2025-01-20
3320;6730;904;29;2025-04-30
3321;6731;1498;54;2025-06-07
3322;6732;1353;67;2025-02-05
3323;6734;385;61;2025-04-27
3324;6737;1084;73;2025-03-10
3325;6741;1072;60;2025-05-14
3326;6744;61;54;2025-05-17
3327;6746;1739;28;2025-02-01
3328;6748;504;34;2025-05-06
3329;6751;24;77;2025-06-09
3330;6752;1345;48;2025-06-13
3331;6753;1733;40;2025-01-27
3332;6754;912;67;2025-05-30
3333;6756;303;44;2025-04-19
3334;6757;1894;25;2025-05-31
3335;6759;184;81;2025-05-12
3336;6760;1103;13;2025-05-01
3337;6763;1379;84;2025-01-06
3338;6768;1747;4;2025-05-03
3339;6771;249;22;2025-04-22
3340;6772;87;55;2025-01-18
3341;6773;1414;94;2025-03-25
3342;6774;1693;55;2025-01-26
3343;6777;125;99;2025-03-20
3344;6781;422;35;2025-04-13
3345;6785;1164;47;2025-02-25
3346;6788;684;38;2025-03-26
3347;6789;1998;63;2025-01-24
3348;6790;752;31;2025-04-26
3349;6795;381;29;2025-03-30
3350;6796;1618;68;2025-01-27
3351;6797;778;29;2025-03-05
3352;6798;805;85;2025-01-11
3353;6801;996;19;2025-04-29
3354;6803;1218;74;2025-06-18
3355;6804;775;14;2025-01-02
3356;6806;363;69;2025-01-24
3357;6807;774;4;2025-03-09
3358;6808;141;3;2025-01-20
3359;6809;72;79;2025-06-09
3360;6810;1427;83;2025-03-26
3361;6811;1300;59;2025-03-29
3362;6815;77;32;2025-06-21
3363;6816;1148;33;2025-01-02
3364;6820;865;66;2025-05-13
3365;6821;1787;35;2025-03-09
3366;6822;1298;83;2025-06-24
3367;6825;1213;20;2025-02-26
3368;6826;1898;52;2025-05-28
3369;6829;533;29;2025-06-10
3370;6830;1977;94;2025-05-26
3371;6831;356;13;2025-05-11
3372;6834;1785;37;2025-04-02
3373;6835;230;32;2025-03-28
3374;6837;1733;16;2025-02-01
3375;6842;1719;1;2025-01-09
3376;6843;416;76;2025-02-24
3377;6844;1210;63;2025-05-16
3378;6846;1011;64;2025-05-23
3379;6848;1531;50;2025-05-13
3380;6849;456;54;2025-02-26
3381;6850;829;6;2025-05-03
3382;6851;921;34;2025-03-08
3383;6852;194;85;2025-01-04
3384;6853;1240;59;2025-06-11
3385;6854;1871;33;2025-03-31
3386;6855;396;31;2025-06-14
3387;6856;1789;34;2025-01-07
3388;6858;811;88;2025-04-02
3389;6860;1893;98;2025-01-19
3390;6861;1342;8;2025-03-03
3391;6862;1832;100;2025-06-08
3392;6863;72;12;2025-04-28
3393;6864;946;14;2025-01-04
3394;6865;550;72;2025-01-17
3395;6866;41;39;2025-06-26
3396;6871;1318;40;2025-01-18
3397;6874;1892;1;2025-02-08
3398;6875;1538;73;2025-05-21
3399;6876;1950;35;2025-01-10
3400;6883;380;55;2025-01-04
3401;6884;543;38;2025-02-14
3402;6885;859;11;2025-01-30
3403;6886;1093;23;2025-01-16
3404;6887;73;38;2025-03-20
3405;6889;204;62;2025-02-26
3406;6890;103;92;2025-01-05
3407;6891;306;13;2025-04-13
3408;6893;1914;100;2025-01-09
3409;6894;66;39;2025-03-27
3410;6895;1597;24;2025-04-11
3411;6897;144;11;2025-04-05
3412;6900;695;94;2025-05-04
3413;6901;1239;37;2025-01-08
3414;6903;499;58;2025-03-27
3415;6904;1957;92;2025-01-06
3416;6905;54;41;2025-02-26
3417;6906;1261;28;2025-01-24
3418;6909;192;74;2025-02-23
3419;6912;1812;96;2025-06-19
3420;6913;799;21;2025-02-07
3421;6917;1623;95;2025-05-09
3422;6919;1121;35;2025-05-02
3423;6921;526;7;2025-03-05
3424;6922;834;64;2025-02-07
3425;6924;601;70;2025-02-19
3426;6925;739;97;2025-01-25
3427;6927;296;34;2025-02-18
3428;6928;440;39;2025-03-12
3429;6930;1955;89;2025-05-30
3430;6934;427;64;2025-04-19
3431;6937;964;42;2025-01-22
3432;6940;50;55;2025-03-11
3433;6943;719;45;2025-04-08
3434;6947;1191;78;2025-02-14
3435;6948;1650;62;2025-05-19
3436;6951;1813;93;2025-03-09
3437;6954;863;51;2025-02-26
3438;6955;950;41;2025-01-16
3439;6956;1860;68;2025-05-09
3440;6957;1077;4;2025-03-21
3441;6958;935;47;2025-01-08
3442;6961;1157;36;2025-05-27
3443;6964;176;81;2025-03-18
3444;6965;90;32;2025-04-15
3445;6967;805;20;2025-06-10
3446;6968;262;35;2025-03-26
3447;6969;472;74;2025-05-21
3448;6970;551;81;2025-04-24
3449;6971;554;4;2025-01-12
3450;6972;1033;40;2025-02-02
3451;6974;841;55;2025-03-13
3452;6977;136;78;2025-02-21
3453;6978;1523;7;2025-06-26
3454;6980;736;25;2025-01-03
3455;6982;5;44;2025-01-08
3456;6983;38;54;2025-05-13
3457;6985;1524;77;2025-04-29
3458;6987;1254;90;2025-01-01
3459;6991;832;6;2025-01-06
3460;6993;1163;94;2025-03-04
3461;6994;285;5;2025-02-22
3462;7006;890;50;2025-01-26
3463;7012;531;5;2025-05-11
3464;7014;308;69;2025-02-18
3465;7016;25;38;2025-04-05
3466;7018;569;35;2025-04-16
3467;7019;62;26;2025-03-26
3468;7020;769;49;2025-06-07
3469;7023;885;32;2025-02-09
3470;7025;120;41;2025-02-05
3471;7027;1447;48;2025-01-26
3472;7029;1886;44;2025-06-17
3473;7031;1222;37;2025-01-03
3474;7032;306;3;2025-02-06
3475;7033;69;29;2025-03-30
3476;7034;1026;15;2025-05-10
3477;7036;958;69;2025-04-03
3478;7037;1305;15;2025-04-17
3479;7038;639;46;2025-02-27
3480;7040;18;7;2025-01-24
3481;7041;327;70;2025-01-25
3482;7044;1125;87;2025-06-26
3483;7046;362;21;2025-03-31
3484;7048;1364;40;2025-01-30
3485;7049;1810;62;2025-01-18
3486;7050;952;33;2025-02-16
3487;7052;874;3;2025-01-09
3488;7053;111;81;2025-02-02
3489;7055;294;36;2025-01-25
3490;7056;61;42;2025-02-16
3491;7058;1506;68;2025-01-20
3492;7059;719;52;2025-02-03
3493;7060;61;20;2025-05-18
3494;7061;1465;28;2025-01-03
3495;7062;1020;97;2025-04-24
3496;7064;1958;100;2025-03-21
3497;7065;782;46;2025-03-21
3498;7066;1342;29;2025-02-06
3499;7067;901;33;2025-02-26
3500;7072;1023;97;2025-03-21
3501;7074;482;23;2025-05-23
3502;7076;1006;17;2025-05-18
3503;7077;347;4;2025-03-24
3504;7080;1952;86;2025-04-13
3505;7081;928;98;2025-05-12
3506;7083;1658;15;2025-03-31
3507;7084;1909;65;2025-02-10
3508;7086;157;62;2025-04-26
3509;7087;1811;63;2025-05-21
3510;7090;970;91;2025-01-23
3511;7091;1357;85;2025-05-31
3512;7094;1997;93;2025-05-13
3513;7097;258;62;2025-03-22
3514;7098;1770;81;2025-02-24
3515;7100;1487;76;2025-04-09
3516;7105;731;20;2025-05-29
3517;7109;1317;77;2025-02-02
3518;7110;208;45;2025-05-09
3519;7112;1128;76;2025-05-17
3520;7113;301;98;2025-03-05
3521;7114;6;6;2025-03-03
3522;7116;1387;29;2025-03-17
3523;7117;1025;36;2025-02-15
3524;7121;48;38;2025-04-16
3525;7122;532;86;2025-03-30
3526;7123;1735;40;2025-01-27
3527;7126;402;34;2025-01-23
3528;7127;1643;56;2025-03-06
3529;7129;1451;11;2025-01-14
3530;7130;637;100;2025-05-17
3531;7131;869;22;2025-03-05
3532;7132;1018;81;2025-01-28
3533;7133;1462;97;2025-04-11
3534;7134;109;70;2025-02-23
3535;7135;335;26;2025-06-29
3536;7139;165;66;2025-03-14
3537;7141;610;19;2025-01-30
3538;7143;1017;32;2025-06-02
3539;7146;1599;93;2025-06-12
3540;7149;1465;3;2025-01-14
3541;7150;1479;52;2025-03-10
3542;7152;584;12;2025-05-17
3543;7153;674;21;2025-01-04
3544;7154;1288;62;2025-01-20
3545;7155;422;13;2025-03-30
3546;7156;458;24;2025-05-16
3547;7157;340;57;2025-01-07
3548;7163;959;57;2025-04-17
3549;7165;1132;9;2025-01-30
3550;7166;1596;34;2025-05-03
3551;7167;1999;48;2025-02-04
3552;7170;787;73;2025-05-04
3553;7171;1005;46;2025-05-19
3554;7175;1769;72;2025-01-03
3555;7176;373;10;2025-05-21
3556;7177;31;15;2025-04-05
3557;7179;1776;62;2025-01-09
3558;7181;527;87;2025-02-19
3559;7185;1199;26;2025-04-09
3560;7188;816;50;2025-01-07
3561;7191;895;85;2025-06-26
3562;7193;1741;2;2025-06-28
3563;7198;149;85;2025-05-05
3564;7199;1901;21;2025-02-25
3565;7203;1738;14;2025-07-01
3566;7205;1103;81;2025-05-30
3567;7206;281;70;2025-05-21
3568;7207;1752;95;2025-05-11
3569;7209;21;14;2025-01-30
3570;7211;1658;85;2025-01-06
3571;7212;648;95;2025-01-12
3572;7213;302;34;2025-04-07
3573;7216;795;63;2025-04-14
3574;7217;1461;42;2025-03-02
3575;7218;1368;87;2025-03-28
3576;7220;186;64;2025-01-03
3577;7222;1804;55;2025-05-10
3578;7223;862;26;2025-02-11
3579;7226;656;67;2025-03-06
3580;7227;1131;39;2025-03-24
3581;7228;1525;44;2025-02-06
3582;7230;1859;48;2025-03-26
3583;7231;1654;75;2025-02-06
3584;7232;480;14;2025-04-08
3585;7234;1038;49;2025-03-31
3586;7239;39;66;2025-03-17
3587;7241;1554;90;2025-03-14
3588;7243;290;53;2025-04-03
3589;7244;133;85;2025-01-27
3590;7246;126;41;2025-04-30
3591;7247;251;25;2025-04-09
3592;7251;1362;24;2025-02-27
3593;7252;201;26;2025-03-25
3594;7256;1031;13;2025-06-30
3595;7260;1579;3;2025-06-25
3596;7261;1082;71;2025-02-08
3597;7262;1830;81;2025-02-17
3598;7263;1137;35;2025-03-20
3599;7265;878;67;2025-02-05
3600;7269;1937;26;2025-07-02
3601;7270;423;38;2025-02-25
3602;7271;1489;7;2025-04-14
3603;7272;975;51;2025-06-29
3604;7275;884;73;2025-05-02
3605;7276;1244;100;2025-04-17
3606;7279;1212;55;2025-02-15
3607;7280;118;1;2025-04-07
3608;7283;1408;92;2025-06-05
3609;7284;1582;18;2025-05-02
3610;7285;410;60;2025-04-19
3611;7289;644;74;2025-06-25
3612;7290;1344;3;2025-04-16
3613;7291;923;86;2025-05-02
3614;7292;1025;33;2025-04-30
3615;7299;431;52;2025-02-05
3616;7305;1334;75;2025-04-22
3617;7306;1243;20;2025-05-08
3618;7307;219;58;2025-02-14
3619;7309;1264;75;2025-04-06
3620;7310;234;28;2025-03-11
3621;7314;1926;97;2025-04-20
3622;7315;1957;22;2025-01-05
3623;7319;1628;28;2025-01-06
3624;7320;196;63;2025-02-17
3625;7323;865;5;2025-01-07
3626;7324;1779;22;2025-04-28
3627;7325;952;23;2025-02-26
3628;7326;1652;12;2025-04-13
3629;7328;1817;74;2025-03-29
3630;7330;597;28;2025-02-21
3631;7331;428;34;2025-04-16
3632;7332;1711;24;2025-02-18
3633;7333;520;100;2025-04-09
3634;7335;1768;4;2025-02-12
3635;7337;888;66;2025-05-23
3636;7339;1962;100;2025-01-10
3637;7340;1519;59;2025-03-25
3638;7341;533;70;2025-02-12
3639;7346;461;4;2025-05-01
3640;7347;1436;64;2025-05-09
3641;7348;370;77;2025-01-25
3642;7350;1684;48;2025-02-28
3643;7351;713;64;2025-03-19
3644;7355;810;57;2025-02-14
3645;7357;1320;25;2025-04-02
3646;7359;543;33;2025-06-10
3647;7361;928;53;2025-05-11
3648;7363;618;90;2025-04-20
3649;7365;1544;18;2025-01-07
3650;7366;348;70;2025-05-22
3651;7368;1966;7;2025-06-03
3652;7369;96;11;2025-02-17
3653;7370;1581;4;2025-04-06
3654;7371;1591;86;2025-03-02
3655;7373;531;82;2025-05-28
3656;7377;423;89;2025-01-03
3657;7378;1961;51;2025-03-04
3658;7380;316;52;2025-06-18
3659;7383;1267;24;2025-03-28
3660;7384;581;35;2025-06-25
3661;7385;1839;3;2025-02-27
3662;7386;1752;25;2025-05-29
3663;7388;584;5;2025-06-11
3664;7389;397;33;2025-02-19
3665;7390;1793;46;2025-03-19
3666;7392;1883;86;2025-06-02
3667;7396;1322;74;2025-02-02
3668;7399;118;99;2025-03-28
3669;7403;242;63;2025-03-06
3670;7404;1981;68;2025-04-15
3671;7406;942;7;2025-06-01
3672;7407;762;19;2025-02-10
3673;7408;135;37;2025-04-10
3674;7410;1313;74;2025-05-27
3675;7411;417;56;2025-03-31
3676;7412;1275;37;2025-06-02
3677;7413;272;81;2025-04-12
3678;7414;915;12;2025-06-29
3679;7415;470;60;2025-05-06
3680;7417;263;30;2025-03-13
3681;7422;1437;8;2025-06-08
3682;7424;1657;73;2025-01-08
3683;7425;10;15;2025-06-03
3684;7426;325;34;2025-03-10
3685;7427;646;8;2025-03-12
3686;7429;1445;86;2025-01-19
3687;7430;725;17;2025-03-27
3688;7434;1192;38;2025-03-18
3689;7436;1744;65;2025-05-07
3690;7439;955;35;2025-02-02
3691;7444;1909;40;2025-01-30
3692;7446;620;62;2025-05-04
3693;7448;1010;12;2025-05-28
3694;7450;1552;27;2025-05-31
3695;7451;1208;64;2025-04-22
3696;7454;340;35;2025-05-02
3697;7455;1468;52;2025-06-21
3698;7456;594;36;2025-03-13
3699;7458;1304;51;2025-04-03
3700;7462;896;90;2025-02-06
3701;7463;829;75;2025-01-07
3702;7466;1349;39;2025-02-13
3703;7467;743;55;2025-02-27
3704;7468;1766;46;2025-04-06
3705;7471;354;37;2025-04-02
3706;7473;376;52;2025-06-19
3707;7474;1913;37;2025-02-15
3708;7476;353;80;2025-04-16
3709;7478;1804;65;2025-06-15
3710;7481;1889;47;2025-01-23
3711;7483;359;8;2025-01-04
3712;7485;1439;30;2025-04-12
3713;7486;349;27;2025-01-13
3714;7487;276;97;2025-04-13
3715;7488;1;59;2025-03-31
3716;7489;1696;33;2025-05-29
3717;7490;740;7;2025-02-20
3718;7491;380;76;2025-05-04
3719;7492;1713;28;2025-06-16
3720;7493;81;48;2025-03-01
3721;7494;1259;56;2025-01-14
3722;7495;1511;93;2025-05-30
3723;7497;1563;94;2025-05-18
3724;7499;329;87;2025-05-01
3725;7500;192;42;2025-06-01
3726;7503;1977;97;2025-05-18
3727;7505;1350;74;2025-03-25
3728;7510;1452;35;2025-04-01
3729;7512;667;56;2025-04-30
3730;7513;356;28;2025-03-12
3731;7515;1692;12;2025-06-18
3732;7518;1611;71;2025-01-30
3733;7520;580;46;2025-04-22
3734;7522;1466;37;2025-04-11
3735;7526;1349;20;2025-05-14
3736;7528;1832;40;2025-04-21
3737;7529;1759;9;2025-03-06
3738;7533;970;64;2025-03-29
3739;7534;205;16;2025-05-22
3740;7535;904;2;2025-01-23
3741;7536;1712;27;2025-06-10
3742;7539;375;27;2025-02-14
3743;7540;588;75;2025-02-28
3744;7541;912;60;2025-03-10
3745;7542;1581;86;2025-01-20
3746;7543;1575;26;2025-02-13
3747;7546;1027;26;2025-05-28
3748;7548;1559;90;2025-02-13
3749;7549;736;78;2025-05-18
3750;7554;406;30;2025-04-24
3751;7555;1504;34;2025-01-17
3752;7557;1220;38;2025-03-01
3753;7560;1520;92;2025-02-16
3754;7561;188;72;2025-03-14
3755;7562;481;58;2025-06-02
3756;7563;1236;26;2025-01-10
3757;7565;1093;38;2025-03-11
3758;7566;1377;26;2025-01-15
3759;7567;625;31;2025-06-15
3760;7569;602;55;2025-04-29
3761;7570;1035;57;2025-03-10
3762;7571;565;4;2025-04-30
3763;7572;105;85;2025-04-08
3764;7573;169;69;2025-04-26
3765;7574;1727;42;2025-04-18
3766;7576;270;55;2025-03-03
3767;7580;1673;19;2025-06-05
3768;7584;1727;1;2025-01-04
3769;7585;1592;27;2025-03-20
3770;7588;42;17;2025-03-04
3771;7589;745;88;2025-04-22
3772;7591;467;32;2025-04-25
3773;7592;547;57;2025-06-01
3774;7593;1043;28;2025-02-26
3775;7597;965;27;2025-05-23
3776;7599;1506;63;2025-04-18
3777;7600;841;11;2025-05-28
3778;7601;1316;26;2025-01-23
3779;7602;1259;96;2025-05-12
3780;7604;1039;34;2025-03-26
3781;7609;624;69;2025-06-30
3782;7610;1055;45;2025-05-10
3783;7611;1549;80;2025-04-14
3784;7612;50;7;2025-06-13
3785;7614;1305;40;2025-05-28
3786;7615;283;3;2025-02-01
3787;7616;1423;11;2025-01-16
3788;7617;538;64;2025-04-21
3789;7619;1771;76;2025-06-24
3790;7620;1482;96;2025-01-09
3791;7622;383;42;2025-01-18
3792;7623;824;67;2025-05-29
3793;7624;1907;76;2025-05-02
3794;7626;364;80;2025-06-08
3795;7627;165;90;2025-05-18
3796;7629;246;91;2025-02-09
3797;7630;858;15;2025-02-24
3798;7631;1583;38;2025-04-30
3799;7635;830;46;2025-03-17
3800;7637;1471;88;2025-05-20
3801;7646;1679;24;2025-04-24
3802;7649;333;67;2025-03-01
3803;7651;1349;83;2025-01-15
3804;7652;1429;37;2025-06-29
3805;7655;849;16;2025-05-11
3806;7657;1299;11;2025-06-16
3807;7658;556;96;2025-06-25
3808;7659;234;93;2025-06-15
3809;7660;1081;40;2025-01-16
3810;7661;211;21;2025-06-18
3811;7662;1743;70;2025-05-31
3812;7665;4;99;2025-04-25
3813;7667;975;90;2025-06-03
3814;7670;1802;76;2025-02-23
3815;7671;64;84;2025-06-11
3816;7672;1105;70;2025-05-13
3817;7677;357;57;2025-03-18
3818;7680;1743;47;2025-04-29
3819;7682;1352;23;2025-03-30
3820;7685;565;21;2025-01-20
3821;7688;231;40;2025-04-11
3822;7695;117;16;2025-04-20
3823;7696;399;100;2025-03-14
3824;7697;552;59;2025-03-25
3825;7699;1291;59;2025-06-14
3826;7701;1394;3;2025-01-03
3827;7703;1507;94;2025-06-19
3828;7704;1906;29;2025-03-19
3829;7710;375;80;2025-03-12
3830;7711;1168;80;2025-04-16
3831;7715;271;34;2025-03-04
3832;7716;769;65;2025-02-06
3833;7717;1730;30;2025-01-12
3834;7724;1694;46;2025-05-11
3835;7728;757;5;2025-04-13
3836;7729;842;75;2025-02-22
3837;7730;1968;72;2025-03-02
3838;7733;1589;5;2025-05-17
3839;7734;836;65;2025-06-01
3840;7740;381;65;2025-05-17
3841;7743;1270;31;2025-01-03
3842;7747;388;81;2025-04-08
3843;7749;1347;7;2025-05-31
3844;7751;508;78;2025-03-26
3845;7752;1540;46;2025-05-04
3846;7754;1055;77;2025-05-08
3847;7756;763;53;2025-01-04
3848;7757;617;45;2025-03-07
3849;7758;522;61;2025-02-15
3850;7761;196;37;2025-02-22
3851;7762;1236;83;2025-02-18
3852;7763;1999;51;2025-01-22
3853;7767;610;50;2025-06-19
3854;7771;1355;65;2025-01-10
3855;7773;145;29;2025-03-18
3856;7776;659;42;2025-06-12
3857;7777;1728;66;2025-05-03
3858;7778;272;94;2025-06-01
3859;7779;1256;60;2025-04-23
3860;7781;786;32;2025-02-11
3861;7782;1521;98;2025-03-18
3862;7787;1168;31;2025-04-21
3863;7788;877;12;2025-01-29
3864;7792;1887;44;2025-06-16
3865;7796;747;35;2025-06-12
3866;7798;1261;89;2025-04-16
3867;7800;1172;23;2025-05-05
3868;7801;314;37;2025-01-03
3869;7802;635;42;2025-03-21
3870;7804;1456;34;2025-03-25
3871;7805;462;18;2025-06-19
3872;7808;199;15;2025-01-15
3873;7810;403;4;2025-01-21
3874;7814;368;10;2025-02-08
3875;7816;1525;88;2025-06-02
3876;7817;1480;17;2025-06-01
3877;7820;83;42;2025-03-18
3878;7823;1734;88;2025-03-16
3879;7827;1536;99;2025-04-18
3880;7828;1774;60;2025-02-27
3881;7831;659;98;2025-06-05
3882;7832;147;44;2025-06-13
3883;7835;490;46;2025-05-18
3884;7836;1215;30;2025-01-21
3885;7838;395;90;2025-01-12
3886;7839;1240;38;2025-05-25
3887;7840;1628;59;2025-05-13
3888;7841;3;26;2025-04-01
3889;7845;1371;13;2025-03-06
3890;7846;1234;19;2025-04-13
3891;7847;97;45;2025-05-04
3892;7848;6;20;2025-03-15
3893;7850;1828;32;2025-03-22
3894;7851;654;71;2025-01-31
3895;7852;1106;94;2025-01-07
3896;7855;365;70;2025-05-21
3897;7856;50;82;2025-05-31
3898;7857;784;69;2025-02-11
3899;7861;1943;65;2025-06-12
3900;7862;1991;4;2025-06-20
3901;7866;1430;97;2025-01-25
3902;7869;424;78;2025-03-02
3903;7872;1239;86;2025-03-20
3904;7873;540;73;2025-05-09
3905;7874;1860;81;2025-01-14
3906;7876;88;33;2025-06-06
3907;7880;1433;84;2025-01-26
3908;7882;162;65;2025-02-22
3909;7883;1395;84;2025-04-12
3910;7884;776;22;2025-01-25
3911;7885;687;61;2025-03-12
3912;7891;605;87;2025-06-25
3913;7893;38;10;2025-02-27
3914;7895;15;79;2025-05-03
3915;7896;1950;10;2025-04-06
3916;7901;909;8;2025-03-16
3917;7902;800;37;2025-06-09
3918;7903;1173;84;2025-03-06
3919;7904;1181;90;2025-04-19
3920;7905;1795;30;2025-04-12
3921;7906;836;52;2025-04-16
3922;7907;369;89;2025-03-25
3923;7910;476;12;2025-02-05
3924;7912;1516;88;2025-03-21
3925;7914;996;97;2025-04-27
3926;7916;1059;53;2025-01-14
3927;7917;678;39;2025-04-12
3928;7918;485;2;2025-04-12
3929;7919;811;66;2025-04-24
3930;7924;1716;14;2025-06-10
3931;7925;1117;57;2025-01-31
3932;7926;23;65;2025-06-01
3933;7927;90;55;2025-02-02
3934;7930;748;97;2025-01-07
3935;7932;324;69;2025-04-30
3936;7933;1551;6;2025-05-28
3937;7935;474;60;2025-05-29
3938;7942;1662;61;2025-06-12
3939;7943;1210;13;2025-01-12
3940;7946;1421;25;2025-03-27
3941;7948;255;75;2025-01-05
3942;7949;1292;70;2025-02-01
3943;7950;1472;45;2025-06-04
3944;7951;798;38;2025-06-13
3945;7952;718;86;2025-02-24
3946;7953;581;56;2025-03-27
3947;7954;816;76;2025-02-11
3948;7960;25;65;2025-04-15
3949;7961;211;96;2025-02-05
3950;7962;635;99;2025-04-21
3951;7963;63;86;2025-01-05
3952;7970;1395;19;2025-01-19
3953;7971;904;57;2025-06-24
3954;7972;1487;92;2025-04-20
3955;7973;1018;32;2025-03-22
3956;7977;368;63;2025-03-19
3957;7978;154;82;2025-03-05
3958;7979;1210;97;2025-03-21
3959;7981;116;4;2025-03-10
3960;7982;1499;20;2025-02-24
3961;7983;199;95;2025-06-28
3962;7984;1924;50;2025-06-01
3963;7988;1179;30;2025-04-13
3964;7989;891;73;2025-04-14
3965;7991;677;51;2025-02-03
3966;7992;1135;88;2025-02-20
3967;7993;1805;1;2025-06-07
3968;7999;1528;65;2025-05-04
3969;8003;381;10;2025-01-09
3970;8006;389;5;2025-06-27
3971;8007;1447;13;2025-06-29
3972;8010;1763;89;2025-03-18
3973;8012;1779;45;2025-02-06
3974;8013;660;40;2025-02-12
3975;8014;1671;4;2025-04-29
3976;8019;1911;28;2025-02-27
3977;8020;1477;85;2025-03-30
3978;8022;280;97;2025-06-26
3979;8024;193;7;2025-06-26
3980;8025;1;57;2025-04-21
3981;8026;1264;57;2025-03-01
3982;8028;572;96;2025-02-05
3983;8029;436;87;2025-05-08
3984;8030;1352;87;2025-06-06
3985;8031;1211;69;2025-02-09
3986;8032;1822;1;2025-01-03
3987;8035;673;64;2025-06-26
3988;8038;894;19;2025-06-27
3989;8039;1248;8;2025-01-19
3990;8040;414;3;2025-02-28
3991;8042;1468;60;2025-03-14
3992;8043;504;77;2025-06-23
3993;8047;957;80;2025-02-23
3994;8051;823;8;2025-05-03
3995;8054;108;48;2025-04-09
3996;8055;1634;35;2025-03-29
3997;8056;1259;38;2025-02-15
3998;8057;1278;9;2025-03-20
3999;8062;38;9;2025-05-04
4000;8065;861;12;2025-04-07
4001;8066;1166;54;2025-04-22
4002;8067;1701;75;2025-01-05
4003;8072;1938;4;2025-01-19
4004;8074;548;84;2025-06-03
4005;8076;214;32;2025-02-25
4006;8077;1203;42;2025-06-25
4007;8078;993;75;2025-05-21
4008;8079;1451;33;2025-06-05
4009;8081;1227;5;2025-04-21
4010;8088;270;15;2025-06-03
4011;8089;527;96;2025-01-28
4012;8092;1442;44;2025-06-18
4013;8094;1262;69;2025-05-25
4014;8096;516;37;2025-01-02
4015;8097;1434;55;2025-02-17
4016;8098;1403;9;2025-04-22
4017;8099;1519;88;2025-02-07
4018;8100;1863;45;2025-06-03
4019;8102;1875;49;2025-05-08
4020;8104;331;20;2025-04-14
4021;8106;1426;25;2025-01-18
4022;8109;420;3;2025-05-17
4023;8110;1317;10;2025-06-18
4024;8111;990;47;2025-03-26
4025;8114;102;92;2025-06-28
4026;8115;158;10;2025-06-28
4027;8116;1482;37;2025-05-28
4028;8125;1989;9;2025-06-09
4029;8127;413;20;2025-01-31
4030;8132;858;59;2025-04-02
4031;8133;1845;88;2025-04-27
4032;8134;1402;31;2025-04-17
4033;8135;1948;65;2025-03-28
4034;8136;1023;89;2025-04-14
4035;8138;1820;96;2025-04-02
4036;8139;205;95;2025-03-09
4037;8142;792;14;2025-04-25
4038;8145;597;5;2025-04-03
4039;8146;147;99;2025-04-09
4040;8148;219;1;2025-02-14
4041;8149;1827;34;2025-03-21
4042;8150;533;11;2025-05-12
4043;8156;1589;41;2025-03-24
4044;8157;1681;18;2025-01-12
4045;8158;1496;80;2025-04-28
4046;8159;41;17;2025-04-15
4047;8163;1317;31;2025-01-17
4048;8165;682;41;2025-05-21
4049;8168;1530;95;2025-02-24
4050;8170;1196;45;2025-06-14
4051;8171;136;81;2025-05-02
4052;8172;1222;16;2025-05-30
4053;8174;1722;18;2025-03-28
4054;8177;798;92;2025-03-13
4055;8181;1540;28;2025-03-20
4056;8184;1309;20;2025-05-27
4057;8186;1198;67;2025-01-14
4058;8187;288;74;2025-01-03
4059;8188;346;94;2025-03-06
4060;8191;1986;29;2025-04-01
4061;8192;1867;84;2025-06-03
4062;8193;1997;84;2025-03-29
4063;8194;1067;83;2025-06-08
4064;8197;84;3;2025-01-25
4065;8198;1155;98;2025-06-22
4066;8199;942;73;2025-03-16
4067;8203;633;16;2025-05-13
4068;8204;1842;98;2025-03-11
4069;8209;1427;70;2025-03-12
4070;8211;326;92;2025-06-17
4071;8212;1570;70;2025-02-15
4072;8214;1510;85;2025-05-23
4073;8215;772;5;2025-03-14
4074;8216;340;64;2025-04-20
4075;8217;1718;36;2025-03-17
4076;8218;1901;35;2025-02-23
4077;8225;307;35;2025-02-07
4078;8230;1912;19;2025-02-11
4079;8231;483;63;2025-04-29
4080;8232;1485;19;2025-02-26
4081;8237;966;60;2025-01-16
4082;8241;1375;52;2025-03-13
4083;8244;532;80;2025-06-11
4084;8245;1621;66;2025-04-19
4085;8246;1017;68;2025-03-24
4086;8248;159;100;2025-05-19
4087;8251;1054;44;2025-04-02
4088;8252;1195;54;2025-03-25
4089;8255;757;97;2025-06-05
4090;8257;830;34;2025-02-24
4091;8259;1049;86;2025-04-16
4092;8260;421;61;2025-01-07
4093;8263;163;12;2025-03-04
4094;8264;1216;85;2025-06-25
4095;8265;223;67;2025-02-01
4096;8266;1917;75;2025-01-08
4097;8270;1617;16;2025-05-14
4098;8271;1319;50;2025-06-17
4099;8272;1606;2;2025-05-11
4100;8273;1571;28;2025-01-09
4101;8274;1329;76;2025-01-03
4102;8275;1875;45;2025-04-12
4103;8276;1465;46;2025-01-10
4104;8277;1789;98;2025-01-15
4105;8280;1208;86;2025-02-07
4106;8281;794;56;2025-06-05
4107;8283;563;66;2025-06-20
4108;8288;862;14;2025-03-26
4109;8289;943;57;2025-06-09
4110;8290;848;52;2025-03-01
4111;8292;726;28;2025-01-05
4112;8298;1729;30;2025-04-25
4113;8300;261;46;2025-05-17
4114;8303;561;36;2025-03-10
4115;8304;92;33;2025-04-05
4116;8305;1043;1;2025-02-25
4117;8307;131;42;2025-05-05
4118;8308;1948;4;2025-06-16
4119;8311;1625;25;2025-01-14
4120;8316;1194;18;2025-04-28
4121;8317;1266;37;2025-05-20
4122;8320;547;65;2025-04-21
4123;8321;1050;33;2025-03-09
4124;8323;1660;16;2025-01-09
4125;8324;1874;43;2025-04-21
4126;8326;1668;20;2025-01-18
4127;8327;885;22;2025-02-04
4128;8329;448;90;2025-05-12
4129;8332;750;61;2025-07-02
4130;8334;1864;19;2025-06-19
4131;8335;900;38;2025-01-27
4132;8336;1043;90;2025-05-24
4133;8337;1586;54;2025-01-11
4134;8339;679;22;2025-04-06
4135;8340;1888;39;2025-06-14
4136;8341;336;66;2025-03-02
4137;8342;359;73;2025-01-25
4138;8344;1127;33;2025-06-10
4139;8346;507;65;2025-04-23
4140;8348;1939;83;2025-02-24
4141;8358;1943;54;2025-02-14
4142;8359;158;27;2025-06-22
4143;8360;193;30;2025-05-26
4144;8361;1131;14;2025-06-17
4145;8364;1368;69;2025-04-09
4146;8365;1432;36;2025-07-01
4147;8368;590;59;2025-02-02
4148;8369;1212;89;2025-05-19
4149;8370;830;34;2025-06-22
4150;8373;870;89;2025-01-10
4151;8376;1143;17;2025-04-17
4152;8377;773;57;2025-04-30
4153;8378;253;19;2025-04-09
4154;8379;851;46;2025-04-23
4155;8383;357;76;2025-02-06
4156;8385;1393;90;2025-03-10
4157;8386;1257;14;2025-05-21
4158;8388;1486;70;2025-04-21
4159;8390;1000;51;2025-06-09
4160;8391;1517;32;2025-01-26
4161;8395;1668;17;2025-02-02
4162;8396;562;42;2025-01-08
4163;8400;1860;2;2025-04-23
4164;8401;1806;1;2025-02-07
4165;8403;226;90;2025-04-11
4166;8405;778;91;2025-01-18
4167;8406;1163;74;2025-04-03
4168;8414;444;69;2025-03-26
4169;8416;704;92;2025-02-23
4170;8429;534;94;2025-04-30
4171;8431;1208;90;2025-02-24
4172;8434;1195;97;2025-03-15
4173;8435;500;17;2025-05-08
4174;8436;1333;96;2025-04-19
4175;8437;195;43;2025-02-21
4176;8438;107;91;2025-04-07
4177;8439;1029;51;2025-01-17
4178;8440;205;33;2025-05-04
4179;8441;1977;25;2025-01-24
4180;8443;173;83;2025-01-26
4181;8444;1922;47;2025-03-07
4182;8446;1096;67;2025-02-15
4183;8448;996;72;2025-01-20
4184;8452;867;37;2025-02-02
4185;8453;678;17;2025-01-16
4186;8456;1769;29;2025-05-31
4187;8457;1345;13;2025-03-05
4188;8460;1448;87;2025-01-06
4189;8462;379;16;2025-01-14
4190;8464;1791;23;2025-06-17
4191;8465;1416;21;2025-06-30
4192;8467;345;5;2025-01-27
4193;8469;56;99;2025-04-16
4194;8470;984;29;2025-01-29
4195;8472;655;81;2025-05-26
4196;8473;291;14;2025-01-25
4197;8475;1829;18;2025-02-22
4198;8477;264;74;2025-02-06
4199;8480;268;1;2025-06-20
4200;8482;774;64;2025-06-19
4201;8483;57;22;2025-06-21
4202;8486;1553;94;2025-03-07
4203;8487;1095;3;2025-02-23
4204;8488;458;40;2025-01-26
4205;8490;357;19;2025-02-18
4206;8494;688;6;2025-06-24
4207;8496;444;100;2025-02-17
4208;8497;1026;91;2025-03-20
4209;8501;1049;88;2025-04-22
4210;8503;1527;81;2025-05-31
4211;8505;896;48;2025-06-13
4212;8507;1854;36;2025-03-12
4213;8509;1305;1;2025-02-16
4214;8510;1274;13;2025-03-02
4215;8513;1966;18;2025-04-05
4216;8514;1668;15;2025-05-25
4217;8519;1877;4;2025-04-17
4218;8520;615;25;2025-03-12
4219;8521;969;97;2025-02-26
4220;8522;511;74;2025-05-31
4221;8529;1412;24;2025-02-03
4222;8530;1561;5;2025-05-22
4223;8531;1820;92;2025-03-06
4224;8534;1892;12;2025-02-08
4225;8536;973;75;2025-02-11
4226;8537;1313;19;2025-06-15
4227;8538;1430;79;2025-02-21
4228;8540;664;85;2025-02-24
4229;8544;1370;38;2025-01-09
4230;8550;159;91;2025-01-25
4231;8556;502;31;2025-05-08
4232;8562;1669;36;2025-05-22
4233;8567;251;38;2025-04-12
4234;8569;1574;39;2025-04-26
4235;8574;608;86;2025-04-15
4236;8575;421;19;2025-06-05
4237;8579;441;23;2025-05-29
4238;8580;538;56;2025-06-21
4239;8581;164;89;2025-02-18
4240;8583;1866;59;2025-03-16
4241;8584;1162;82;2025-01-25
4242;8586;1377;82;2025-04-17
4243;8587;1397;53;2025-03-01
4244;8590;215;98;2025-01-29
4245;8591;348;10;2025-05-27
4246;8592;57;79;2025-04-14
4247;8595;70;3;2025-02-20
4248;8597;1991;42;2025-02-25
4249;8598;976;96;2025-05-04
4250;8599;1346;81;2025-06-27
4251;8600;561;6;2025-01-27
4252;8602;1118;72;2025-01-24
4253;8613;309;89;2025-05-24
4254;8615;1897;6;2025-04-15
4255;8616;1876;52;2025-01-09
4256;8617;1532;50;2025-06-10
4257;8619;598;8;2025-02-01
4258;8620;1956;56;2025-03-10
4259;8622;1134;70;2025-02-10
4260;8625;126;2;2025-05-26
4261;8626;1375;83;2025-05-07
4262;8628;421;57;2025-04-10
4263;8629;121;61;2025-03-24
4264;8630;1613;96;2025-01-27
4265;8631;1752;100;2025-05-08
4266;8634;1397;16;2025-01-05
4267;8635;278;66;2025-04-29
4268;8636;1371;32;2025-02-11
4269;8637;1988;46;2025-05-23
4270;8638;1645;39;2025-03-16
4271;8639;189;82;2025-02-03
4272;8640;1722;59;2025-04-30
4273;8642;280;16;2025-06-28
4274;8644;1987;99;2025-05-02
4275;8647;1762;47;2025-02-19
4276;8648;1240;79;2025-03-05
4277;8649;1135;25;2025-01-11
4278;8650;1881;44;2025-03-21
4279;8652;777;94;2025-05-30
4280;8654;1314;61;2025-02-02
4281;8655;714;32;2025-01-15
4282;8658;679;38;2025-04-18
4283;8661;833;91;2025-03-08
4284;8664;1552;88;2025-03-21
4285;8666;285;47;2025-03-15
4286;8668;1196;97;2025-06-04
4287;8669;1444;13;2025-03-13
4288;8672;579;75;2025-05-27
4289;8675;218;66;2025-06-10
4290;8676;1436;82;2025-04-23
4291;8677;925;65;2025-06-20
4292;8679;749;57;2025-05-12
4293;8681;919;29;2025-04-27
4294;8684;752;83;2025-03-09
4295;8685;784;39;2025-05-03
4296;8689;1677;56;2025-05-11
4297;8694;1984;93;2025-04-16
4298;8697;996;14;2025-05-18
4299;8698;289;65;2025-05-03
4300;8700;1028;21;2025-02-01
4301;8703;304;49;2025-02-15
4302;8706;965;81;2025-02-10
4303;8708;1242;88;2025-06-03
4304;8711;1488;75;2025-03-10
4305;8712;927;51;2025-01-31
4306;8713;468;86;2025-01-29
4307;8714;1443;97;2025-03-06
4308;8718;1570;50;2025-06-03
4309;8721;1435;19;2025-05-08
4310;8725;1898;20;2025-01-06
4311;8728;1274;13;2025-03-28
4312;8729;497;55;2025-01-21
4313;8730;1256;51;2025-02-03
4314;8732;1905;2;2025-03-16
4315;8733;962;50;2025-04-16
4316;8734;1639;51;2025-03-15
4317;8735;1501;11;2025-05-21
4318;8736;75;53;2025-01-23
4319;8741;1870;75;2025-06-16
4320;8742;1455;20;2025-06-22
4321;8743;466;26;2025-05-24
4322;8745;299;41;2025-02-26
4323;8746;1688;24;2025-04-26
4324;8750;662;58;2025-05-09
4325;8751;1607;64;2025-06-03
4326;8752;1172;90;2025-06-28
4327;8753;1574;8;2025-05-20
4328;8754;1556;61;2025-02-19
4329;8756;1235;99;2025-05-28
4330;8757;1306;28;2025-06-27
4331;8759;1065;27;2025-05-21
4332;8763;493;87;2025-04-28
4333;8772;451;66;2025-05-13
4334;8773;575;71;2025-05-04
4335;8774;1481;67;2025-06-09
4336;8778;1585;4;2025-02-16
4337;8781;1524;22;2025-03-07
4338;8782;357;100;2025-03-20
4339;8783;1050;19;2025-01-10
4340;8784;561;80;2025-04-29
4341;8785;1453;59;2025-03-20
4342;8786;227;96;2025-03-30
4343;8788;222;30;2025-05-19
4344;8789;693;88;2025-04-28
4345;8792;1154;64;2025-01-04
4346;8795;490;92;2025-02-27
4347;8796;1346;34;2025-06-09
4348;8798;1229;89;2025-04-04
4349;8800;660;16;2025-02-06
4350;8801;1076;21;2025-02-27
4351;8802;95;92;2025-01-08
4352;8804;892;26;2025-02-18
4353;8807;204;44;2025-03-19
4354;8808;1949;35;2025-06-05
4355;8809;285;12;2025-01-08
4356;8810;619;69;2025-04-17
4357;8812;1854;39;2025-04-04
4358;8814;361;77;2025-04-09
4359;8816;1759;10;2025-04-14
4360;8817;454;67;2025-04-03
4361;8819;249;2;2025-05-31
4362;8822;16;98;2025-02-09
4363;8824;1376;25;2025-01-13
4364;8827;766;100;2025-02-28
4365;8828;1003;69;2025-05-05
4366;8830;5;51;2025-06-17
4367;8831;45;24;2025-05-30
4368;8835;1466;74;2025-06-29
4369;8836;1009;25;2025-05-12
4370;8842;1489;89;2025-02-06
4371;8845;1286;38;2025-05-01
4372;8846;1877;50;2025-01-20
4373;8847;584;82;2025-04-09
4374;8849;1716;1;2025-04-25
4375;8850;27;37;2025-06-09
4376;8851;606;74;2025-02-21
4377;8852;1388;97;2025-06-29
4378;8853;1869;66;2025-01-21
4379;8856;697;84;2025-03-31
4380;8862;1122;91;2025-04-16
4381;8865;504;98;2025-06-24
4382;8866;234;59;2025-05-03
4383;8870;876;73;2025-03-29
4384;8871;504;86;2025-02-09
4385;8875;776;70;2025-03-16
4386;8878;172;95;2025-03-16
4387;8880;639;8;2025-01-06
4388;8883;1167;10;2025-05-26
4389;8886;294;67;2025-04-22
4390;8888;1283;82;2025-04-09
4391;8889;779;56;2025-02-23
4392;8890;260;15;2025-05-18
4393;8892;1006;26;2025-02-22
4394;8894;702;12;2025-01-20
4395;8895;1808;97;2025-02-23
4396;8898;1596;71;2025-06-22
4397;8899;1784;74;2025-04-12
4398;8900;1647;6;2025-02-13
4399;8904;131;5;2025-05-07
4400;8905;375;27;2025-03-22
4401;8907;1971;79;2025-05-06
4402;8908;1946;42;2025-06-23
4403;8909;804;31;2025-04-10
4404;8911;533;58;2025-04-23
4405;8913;873;42;2025-02-13
4406;8914;571;17;2025-03-15
4407;8915;1451;69;2025-02-01
4408;8916;45;65;2025-04-15
4409;8918;12;18;2025-05-31
4410;8920;670;19;2025-05-18
4411;8921;1903;40;2025-01-31
4412;8922;293;98;2025-04-18
4413;8925;368;51;2025-03-03
4414;8927;45;4;2025-04-23
4415;8930;150;71;2025-05-30
4416;8931;226;40;2025-04-23
4417;8932;1780;42;2025-01-04
4418;8934;600;84;2025-04-30
4419;8936;1866;87;2025-05-07
4420;8938;1758;84;2025-04-08
4421;8940;1430;50;2025-04-28
4422;8941;50;11;2025-02-28
4423;8946;396;24;2025-06-15
4424;8947;1498;52;2025-06-28
4425;8948;115;65;2025-06-29
4426;8949;1441;6;2025-03-25
4427;8950;132;77;2025-05-05
4428;8951;820;4;2025-01-04
4429;8953;1291;17;2025-06-21
4430;8954;288;65;2025-04-22
4431;8958;1061;38;2025-05-11
4432;8959;1881;13;2025-02-04
4433;8960;795;56;2025-05-22
4434;8964;1940;9;2025-02-13
4435;8967;176;45;2025-04-10
4436;8968;18;25;2025-06-15
4437;8970;1879;49;2025-04-23
4438;8971;1796;95;2025-02-05
4439;8974;1164;4;2025-02-01
4440;8975;1776;61;2025-02-07
4441;8976;536;65;2025-04-06
4442;8978;1906;56;2025-04-07
4443;8979;103;85;2025-01-21
4444;8980;222;67;2025-03-16
4445;8981;802;58;2025-05-02
4446;8982;707;95;2025-06-27
4447;8984;1798;72;2025-02-25
4448;8985;1949;66;2025-05-13
4449;8988;578;7;2025-03-13
4450;8989;496;70;2025-03-31
4451;8990;831;37;2025-05-13
4452;8997;404;16;2025-06-11
4453;8999;1889;7;2025-05-15
4454;9000;1908;92;2025-04-09
4455;9001;578;92;2025-01-29
4456;9003;538;91;2025-01-26
4457;9007;1080;98;2025-06-16
4458;9012;1637;6;2025-04-21
4459;9015;899;43;2025-05-30
4460;9023;731;98;2025-01-20
4461;9025;671;94;2025-07-01
4462;9026;308;53;2025-04-05
4463;9027;506;81;2025-03-03
4464;9030;579;6;2025-04-11
4465;9037;1239;88;2025-01-04
4466;9038;1669;45;2025-01-02
4467;9040;419;24;2025-04-30
4468;9042;881;1;2025-05-26
4469;9043;1662;42;2025-03-09
4470;9044;649;84;2025-06-15
4471;9046;656;92;2025-05-13
4472;9047;760;62;2025-04-21
4473;9049;1647;77;2025-05-02
4474;9050;1676;49;2025-01-02
4475;9052;257;11;2025-06-14
4476;9053;936;64;2025-05-23
4477;9054;1772;85;2025-05-05
4478;9061;3;52;2025-01-17
4479;9062;18;17;2025-01-23
4480;9065;289;5;2025-03-17
4481;9067;444;97;2025-04-02
4482;9071;1915;30;2025-06-24
4483;9072;1188;50;2025-06-12
4484;9073;973;28;2025-04-08
4485;9075;717;19;2025-04-14
4486;9076;1577;87;2025-04-17
4487;9077;607;42;2025-06-07
4488;9078;1249;46;2025-05-16
4489;9079;1751;74;2025-02-21
4490;9081;36;34;2025-04-06
4491;9084;778;77;2025-02-22
4492;9085;1599;27;2025-06-11
4493;9086;411;95;2025-02-03
4494;9092;499;19;2025-01-13
4495;9093;1562;4;2025-03-28
4496;9095;170;22;2025-01-10
4497;9096;1527;78;2025-01-14
4498;9097;142;58;2025-02-10
4499;9099;1033;63;2025-02-04
4500;9100;822;25;2025-05-26
4501;9102;536;41;2025-03-30
4502;9105;653;18;2025-05-11
4503;9113;794;35;2025-06-25
4504;9115;47;60;2025-01-24
4505;9116;1931;15;2025-06-29
4506;9117;285;26;2025-04-21
4507;9118;748;52;2025-05-13
4508;9122;1476;100;2025-06-21
4509;9123;264;96;2025-01-03
4510;9124;81;22;2025-06-28
4511;9125;1804;92;2025-01-07
4512;9129;655;17;2025-06-01
4513;9134;1801;85;2025-03-04
4514;9138;184;82;2025-01-15
4515;9139;1480;40;2025-05-31
4516;9143;234;71;2025-03-22
4517;9144;1749;1;2025-01-13
4518;9146;1943;33;2025-03-29
4519;9147;1432;64;2025-01-18
4520;9150;1399;41;2025-06-09
4521;9152;1892;72;2025-07-02
4522;9153;452;44;2025-04-19
4523;9154;870;76;2025-03-04
4524;9159;1301;26;2025-05-15
4525;9160;137;23;2025-05-28
4526;9165;715;37;2025-02-26
4527;9167;1766;19;2025-04-21
4528;9169;918;60;2025-05-09
4529;9170;595;75;2025-01-25
4530;9172;1530;41;2025-02-06
4531;9176;59;36;2025-04-16
4532;9180;1782;22;2025-06-18
4533;9182;838;87;2025-04-23
4534;9183;1116;5;2025-06-20
4535;9185;180;37;2025-06-14
4536;9187;353;9;2025-02-12
4537;9189;891;20;2025-05-13
4538;9190;1702;33;2025-01-04
4539;9191;1168;54;2025-04-25
4540;9196;1827;45;2025-06-06
4541;9197;2;54;2025-03-18
4542;9199;1656;64;2025-05-25
4543;9201;663;7;2025-06-10
4544;9202;977;7;2025-05-02
4545;9208;650;46;2025-01-19
4546;9212;989;44;2025-06-01
4547;9213;386;33;2025-01-20
4548;9214;1953;12;2025-06-01
4549;9215;1961;99;2025-04-12
4550;9219;1077;90;2025-01-13
4551;9220;115;14;2025-01-14
4552;9221;9;93;2025-02-18
4553;9225;1711;43;2025-04-02
4554;9227;1283;76;2025-06-14
4555;9230;209;78;2025-03-29
4556;9231;1298;35;2025-01-17
4557;9233;1712;74;2025-05-08
4558;9234;564;45;2025-05-28
4559;9238;466;7;2025-04-15
4560;9239;1239;63;2025-02-02
4561;9243;401;84;2025-02-05
4562;9247;532;8;2025-04-26
4563;9255;1592;27;2025-03-09
4564;9256;102;19;2025-05-20
4565;9258;742;61;2025-03-08
4566;9259;1925;84;2025-02-27
4567;9260;521;31;2025-01-17
4568;9263;1358;12;2025-04-01
4569;9264;1900;3;2025-02-22
4570;9265;1365;53;2025-05-12
4571;9269;1121;50;2025-06-13
4572;9270;328;30;2025-05-08
4573;9271;443;13;2025-04-11
4574;9272;1700;14;2025-05-14
4575;9275;748;4;2025-05-01
4576;9280;1699;71;2025-03-18
4577;9281;500;76;2025-06-03
4578;9284;1563;76;2025-03-23
4579;9285;1638;45;2025-04-05
4580;9286;1477;55;2025-06-02
4581;9287;359;94;2025-03-11
4582;9288;822;67;2025-02-14
4583;9290;938;43;2025-03-15
4584;9292;1162;67;2025-06-29
4585;9295;1730;16;2025-03-23
4586;9296;553;98;2025-06-20
4587;9298;1152;98;2025-01-17
4588;9302;272;12;2025-03-18
4589;9304;379;48;2025-01-26
4590;9305;639;37;2025-03-29
4591;9307;1862;39;2025-06-03
4592;9308;543;25;2025-02-27
4593;9309;1538;15;2025-06-08
4594;9310;1759;80;2025-02-18
4595;9312;292;21;2025-06-20
4596;9316;1674;14;2025-02-08
4597;9319;705;71;2025-06-28
4598;9321;1016;97;2025-05-17
4599;9325;1295;100;2025-01-12
4600;9327;166;64;2025-03-03
4601;9328;664;64;2025-01-22
4602;9329;977;28;2025-03-31
4603;9330;1698;51;2025-03-24
4604;9332;930;58;2025-04-17
4605;9333;278;36;2025-02-19
4606;9336;906;21;2025-04-10
4607;9338;1368;10;2025-05-03
4608;9341;1809;77;2025-02-14
4609;9343;1053;75;2025-05-15
4610;9348;1170;40;2025-01-24
4611;9350;42;63;2025-06-08
4612;9353;637;91;2025-01-11
4613;9354;1459;56;2025-06-09
4614;9355;1683;10;2025-05-19
4615;9357;1442;71;2025-04-25
4616;9358;467;64;2025-02-16
4617;9360;1601;29;2025-05-17
4618;9361;1884;17;2025-05-17
4619;9362;1961;1;2025-03-21
4620;9366;757;70;2025-03-04
4621;9367;821;39;2025-04-05
4622;9370;505;95;2025-02-05
4623;9371;966;14;2025-04-06
4624;9374;131;8;2025-03-26
4625;9376;1533;21;2025-06-11
4626;9379;613;85;2025-04-23
4627;9380;1809;99;2025-04-08
4628;9381;461;14;2025-01-12
4629;9383;1199;20;2025-05-06
4630;9385;33;96;2025-02-08
4631;9386;1400;79;2025-02-01
4632;9388;260;57;2025-03-29
4633;9390;438;88;2025-05-13
4634;9391;229;95;2025-02-07
4635;9392;1404;96;2025-01-22
4636;9393;1523;28;2025-05-11
4637;9394;1002;83;2025-06-10
4638;9397;814;60;2025-01-20
4639;9398;1612;59;2025-04-25
4640;9402;281;18;2025-05-14
4641;9407;765;13;2025-01-17
4642;9410;13;24;2025-06-17
4643;9412;1148;88;2025-05-24
4644;9413;1256;45;2025-02-25
4645;9415;710;84;2025-02-13
4646;9416;1218;71;2025-05-10
4647;9417;819;26;2025-04-12
4648;9418;97;80;2025-06-16
4649;9420;18;53;2025-02-23
4650;9421;560;3;2025-06-26
4651;9423;713;79;2025-06-12
4652;9424;141;100;2025-02-07
4653;9426;1035;11;2025-01-14
4654;9428;1362;65;2025-04-27
4655;9432;769;97;2025-01-28
4656;9434;305;40;2025-01-28
4657;9439;1404;10;2025-06-23
4658;9440;793;21;2025-02-01
4659;9442;851;68;2025-03-02
4660;9444;1368;23;2025-06-18
4661;9447;26;68;2025-05-11
4662;9448;1214;54;2025-06-17
4663;9449;996;29;2025-05-04
4664;9450;378;29;2025-01-11
4665;9452;166;7;2025-06-28
4666;9453;1469;12;2025-01-15
4667;9457;748;3;2025-06-18
4668;9458;1375;68;2025-06-07
4669;9461;1084;19;2025-01-21
4670;9462;1567;34;2025-06-01
4671;9463;1544;100;2025-06-11
4672;9465;532;17;2025-04-18
4673;9466;1241;5;2025-02-07
4674;9468;694;23;2025-01-30
4675;9471;484;74;2025-04-25
4676;9472;1504;81;2025-06-28
4677;9473;1547;42;2025-05-11
4678;9474;851;48;2025-04-21
4679;9475;493;89;2025-04-01
4680;9479;449;90;2025-04-07
4681;9480;745;21;2025-02-25
4682;9482;1116;10;2025-05-03
4683;9485;1408;98;2025-06-21
4684;9486;780;67;2025-03-19
4685;9487;609;6;2025-04-08
4686;9490;608;2;2025-01-20
4687;9492;1596;78;2025-06-25
4688;9493;611;14;2025-06-12
4689;9494;1375;36;2025-04-07
4690;9495;381;16;2025-05-12
4691;9496;465;69;2025-06-05
4692;9498;425;64;2025-03-10
4693;9500;796;73;2025-04-08
4694;9503;1899;93;2025-02-25
4695;9504;773;77;2025-05-24
4696;9506;58;30;2025-05-20
4697;9508;1236;61;2025-04-15
4698;9511;1181;98;2025-02-07
4699;9515;676;44;2025-02-27
4700;9519;193;62;2025-05-22
4701;9520;926;94;2025-02-03
4702;9521;1052;83;2025-03-14
4703;9523;395;5;2025-01-25
4704;9527;686;71;2025-05-15
4705;9528;1256;48;2025-06-18
4706;9529;517;11;2025-05-04
4707;9531;1259;58;2025-06-10
4708;9532;1230;56;2025-03-22
4709;9534;1005;8;2025-01-31
4710;9535;572;5;2025-04-16
4711;9536;1620;98;2025-04-17
4712;9537;729;61;2025-01-25
4713;9540;887;50;2025-05-09
4714;9541;433;65;2025-04-15
4715;9542;1765;60;2025-01-27
4716;9543;836;93;2025-01-26
4717;9549;447;1;2025-05-24
4718;9551;1176;34;2025-05-17
4719;9552;1747;41;2025-06-15
4720;9554;803;68;2025-02-12
4721;9555;1429;40;2025-01-30
4722;9557;1687;53;2025-05-10
4723;9559;713;23;2025-06-25
4724;9562;399;75;2025-02-02
4725;9565;675;30;2025-05-29
4726;9566;76;90;2025-03-23
4727;9569;335;44;2025-04-02
4728;9573;863;61;2025-06-26
4729;9574;1225;25;2025-05-22
4730;9578;1866;51;2025-03-29
4731;9579;217;27;2025-03-11
4732;9580;143;87;2025-07-01
4733;9581;1516;57;2025-03-24
4734;9589;478;31;2025-06-03
4735;9592;516;61;2025-03-01
4736;9595;497;7;2025-05-03
4737;9600;1807;99;2025-05-19
4738;9601;952;50;2025-06-13
4739;9602;569;43;2025-05-24
4740;9603;1535;73;2025-06-04
4741;9612;59;59;2025-06-29
4742;9614;1346;85;2025-06-30
4743;9615;602;15;2025-07-02
4744;9616;1884;35;2025-03-20
4745;9617;272;87;2025-06-15
4746;9618;350;18;2025-01-25
4747;9621;844;30;2025-02-17
4748;9623;641;29;2025-01-04
4749;9625;1329;76;2025-03-16
4750;9626;550;68;2025-03-18
4751;9627;1559;3;2025-03-12
4752;9630;1656;22;2025-01-02
4753;9631;1429;100;2025-03-21
4754;9637;1255;45;2025-03-15
4755;9638;212;28;2025-05-08
4756;9639;720;95;2025-06-10
4757;9641;134;33;2025-05-02
4758;9644;1718;69;2025-01-24
4759;9646;1042;5;2025-04-09
4760;9649;1317;41;2025-03-23
4761;9650;786;23;2025-06-07
4762;9651;548;87;2025-05-29
4763;9655;887;87;2025-06-20
4764;9656;1919;97;2025-06-05
4765;9657;355;77;2025-05-27
4766;9658;711;3;2025-03-01
4767;9659;1101;77;2025-01-25
4768;9660;1165;44;2025-01-26
4769;9661;1710;92;2025-06-12
4770;9663;1247;90;2025-06-09
4771;9666;1293;45;2025-03-17
4772;9667;5;82;2025-04-21
4773;9668;1380;64;2025-05-14
4774;9669;1526;30;2025-03-12
4775;9671;1651;80;2025-06-22
4776;9673;472;99;2025-03-08
4777;9674;428;15;2025-04-06
4778;9676;894;65;2025-03-07
4779;9680;1490;60;2025-02-16
4780;9682;1136;84;2025-03-31
4781;9683;43;17;2025-03-11
4782;9684;419;8;2025-01-07
4783;9685;1183;34;2025-02-13
4784;9686;1995;15;2025-06-14
4785;9687;1851;69;2025-06-09
4786;9690;1773;8;2025-03-07
4787;9692;1790;85;2025-03-15
4788;9693;670;36;2025-03-24
4789;9694;1231;67;2025-05-03
4790;9695;830;41;2025-01-14
4791;9697;1644;66;2025-05-15
4792;9698;413;63;2025-01-11
4793;9700;697;88;2025-02-04
4794;9701;1128;75;2025-04-27
4795;9707;1252;8;2025-03-08
4796;9708;936;94;2025-04-15
4797;9711;1197;38;2025-01-22
4798;9712;1734;14;2025-06-09
4799;9713;902;51;2025-01-23
4800;9716;690;18;2025-05-03
4801;9717;1699;57;2025-04-19
4802;9718;886;79;2025-01-03
4803;9719;1337;69;2025-01-21
4804;9720;1112;88;2025-04-20
4805;9721;1933;29;2025-06-25
4806;9722;197;80;2025-05-08
4807;9724;1153;47;2025-02-22
4808;9725;582;16;2025-04-06
4809;9727;1060;18;2025-01-06
4810;9728;1809;24;2025-03-25
4811;9729;1556;2;2025-06-16
4812;9731;1755;56;2025-03-01
4813;9733;94;33;2025-03-09
4814;9734;1846;82;2025-05-26
4815;9738;255;57;2025-01-10
4816;9740;115;55;2025-05-19
4817;9741;663;64;2025-04-20
4818;9742;1525;11;2025-04-09
4819;9743;1792;78;2025-05-14
4820;9745;843;82;2025-05-14
4821;9746;1325;46;2025-05-28
4822;9750;1049;87;2025-02-26
4823;9755;173;49;2025-06-18
4824;9760;1555;65;2025-01-13
4825;9762;671;93;2025-02-07
4826;9763;106;3;2025-04-20
4827;9765;1393;83;2025-02-24
4828;9766;1288;47;2025-03-08
4829;9769;215;53;2025-01-21
4830;9773;977;19;2025-04-26
4831;9775;1815;62;2025-03-20
4832;9776;574;25;2025-04-29
4833;9778;1383;15;2025-02-06
4834;9781;1427;73;2025-05-12
4835;9783;1001;59;2025-03-11
4836;9784;1605;34;2025-04-06
4837;9786;588;70;2025-03-15
4838;9787;1719;15;2025-03-28
4839;9788;284;75;2025-04-03
4840;9791;1799;24;2025-03-05
4841;9793;860;49;2025-05-02
4842;9795;1787;64;2025-01-06
4843;9797;957;75;2025-01-23
4844;9799;719;42;2025-03-20
4845;9802;1335;15;2025-01-16
4846;9803;1274;57;2025-01-15
4847;9805;1470;72;2025-05-27
4848;9807;1631;72;2025-04-06
4849;9808;816;32;2025-05-12
4850;9810;1480;57;2025-03-30
4851;9813;504;80;2025-02-18
4852;9815;267;13;2025-04-23
4853;9816;66;44;2025-01-12
4854;9818;1752;68;2025-01-22
4855;9824;1163;38;2025-04-15
4856;9827;1399;68;2025-05-11
4857;9828;441;30;2025-03-14
4858;9829;823;58;2025-01-20
4859;9831;919;97;2025-01-25
4860;9834;1476;31;2025-06-01
4861;9835;843;98;2025-06-23
4862;9836;1334;64;2025-05-21
4863;9838;33;10;2025-02-06
4864;9839;756;72;2025-03-29
4865;9840;1230;9;2025-04-07
4866;9841;35;6;2025-06-15
4867;9842;1268;37;2025-03-14
4868;9844;477;79;2025-01-01
4869;9846;1443;22;2025-05-09
4870;9847;866;2;2025-01-05
4871;9848;647;47;2025-05-04
4872;9849;1394;86;2025-06-09
4873;9850;1096;71;2025-02-14
4874;9851;1874;20;2025-01-19
4875;9853;138;94;2025-01-24
4876;9854;1090;67;2025-04-08
4877;9856;630;69;2025-03-04
4878;9858;1717;16;2025-03-06
4879;9861;613;11;2025-02-04
4880;9863;1241;84;2025-03-14
4881;9864;212;64;2025-06-23
4882;9865;341;19;2025-05-11
4883;9866;985;94;2025-04-04
4884;9867;169;22;2025-06-24
4885;9869;636;94;2025-05-05
4886;9871;185;61;2025-04-04
4887;9873;385;19;2025-02-07
4888;9875;401;18;2025-04-18
4889;9877;1669;62;2025-03-31
4890;9879;1589;32;2025-04-04
4891;9880;1307;31;2025-06-27
4892;9882;1234;88;2025-03-31
4893;9883;1796;18;2025-06-08
4894;9885;622;13;2025-02-14
4895;9890;365;35;2025-05-20
4896;9893;1561;80;2025-01-26
4897;9898;1441;96;2025-02-16
4898;9901;1177;85;2025-03-03
4899;9902;1563;22;2025-06-02
4900;9903;1507;29;2025-02-15
4901;9905;317;21;2025-02-19
4902;9908;403;98;2025-01-24
4903;9909;681;63;2025-04-04
4904;9911;657;4;2025-01-12
4905;9912;389;30;2025-03-21
4906;9913;608;69;2025-04-27
4907;9915;1376;45;2025-01-14
4908;9916;1263;95;2025-04-05
4909;9917;1258;35;2025-03-21
4910;9918;1360;77;2025-03-25
4911;9919;936;29;2025-04-22
4912;9920;487;72;2025-03-25
4913;9921;1816;30;2025-01-31
4914;9923;1224;28;2025-01-26
4915;9924;290;46;2025-06-08
4916;9926;699;81;2025-01-15
4917;9927;854;44;2025-06-25
4918;9928;169;77;2025-01-27
4919;9930;1880;50;2025-06-15
4920;9931;780;19;2025-01-25
4921;9932;36;49;2025-07-01
4922;9934;272;46;2025-06-21
4923;9935;513;62;2025-02-01
4924;9937;855;47;2025-02-04
4925;9940;1901;30;2025-02-13
4926;9941;1332;51;2025-06-08
4927;9944;1294;3;2025-05-08
4928;9945;1174;98;2025-01-03
4929;9946;23;98;2025-05-26
4930;9948;1638;34;2025-05-07
4931;9949;266;30;2025-05-23
4932;9950;1285;85;2025-01-13
4933;9951;1441;85;2025-02-12
4934;9953;1967;11;2025-03-11
4935;9954;1145;70;2025-06-07
4936;9958;1250;51;2025-01-25
4937;9959;605;72;2025-02-19
4938;9961;1387;30;2025-06-14
4939;9963;1941;80;2025-04-14
4940;9971;86;55;2025-01-08
4941;9978;1650;3;2025-02-26
4942;9982;872;25;2025-06-10
4943;9983;1699;73;2025-01-19
4944;9984;422;57;2025-06-19
4945;9985;1964;80;2025-04-19
4946;9986;1326;38;2025-02-07
4947;9988;1812;88;2025-01-28
4948;9989;1638;90;2025-05-23
4949;9996;249;31;2025-05-16
4950;9998;1148;78;2025-05-26
4951;10001;942;40;2025-01-15
4952;10004;1149;96;2025-06-01
4953;10005;735;90;2025-04-17
4954;10010;17;80;2025-03-08
4955;10015;1825;3;2025-04-05
4956;10017;381;59;2025-05-15
4957;10018;1856;21;2025-05-19
4958;10019;1846;2;2025-01-31
4959;10022;86;85;2025-05-11
4960;10024;1097;89;2025-06-25
4961;10026;1857;3;2025-06-14
4962;10027;1015;67;2025-01-07
4963;10030;983;21;2025-03-15
4964;10032;973;95;2025-02-08
4965;10033;163;19;2025-04-02
4966;10035;1921;5;2025-03-24
4967;10036;1838;80;2025-06-26
4968;10037;1613;72;2025-06-05
4969;10039;1434;69;2025-05-06
4970;10040;563;96;2025-04-30
4971;10041;1978;13;2025-01-24
4972;10043;1303;54;2025-05-15
4973;10047;1268;62;2025-04-21
4974;10048;527;87;2025-03-01
4975;10049;550;5;2025-04-17
4976;10050;729;59;2025-01-21
4977;10051;1572;55;2025-06-16
4978;10053;1253;5;2025-04-23
4979;10055;487;26;2025-01-13
4980;10060;176;28;2025-05-29
4981;10061;974;31;2025-02-14
4982;10062;1889;34;2025-02-08
4983;10064;1556;87;2025-02-26
4984;10065;626;49;2025-02-12
4985;10066;983;17;2025-04-17
4986;10068;1288;75;2025-03-09
4987;10069;893;40;2025-01-23
4988;10071;563;100;2025-02-24
4989;10075;1532;54;2025-04-06
4990;10077;820;11;2025-01-28
4991;10079;535;96;2025-04-19
4992;10080;1804;95;2025-03-30
4993;10082;1828;21;2025-01-11
4994;10085;1297;70;2025-05-08
4995;10087;682;77;2025-04-12
4996;10088;1895;5;2025-06-09
4997;10093;747;73;2025-02-14
4998;10096;504;87;2025-06-22
4999;10098;1792;44;2025-05-23
5000;10099;285;28;2025-02-11
5001;10101;533;17;2025-06-05
5002;10104;591;54;2025-01-02
5003;10105;914;16;2025-06-07
5004;10108;1365;1;2025-06-29
5005;10109;1167;50;2025-06-06
5006;10111;990;2;2025-04-07
5007;10113;1388;82;2025-03-18
5008;10114;197;16;2025-06-05
5009;10115;1599;39;2025-03-28
5010;10116;422;70;2025-04-21
5011;10117;1880;79;2025-06-10
5012;10123;718;13;2025-03-24
5013;10125;39;56;2025-03-27
5014;10126;621;20;2025-03-10
5015;10129;1569;96;2025-05-20
5016;10130;965;81;2025-01-29
5017;10131;689;55;2025-05-27
5018;10134;1573;19;2025-01-15
5019;10135;998;88;2025-06-28
5020;10138;1216;89;2025-05-02
5021;10139;256;55;2025-06-20
5022;10143;1759;87;2025-03-17
5023;10145;1359;21;2025-06-19
5024;10147;274;39;2025-04-02
5025;10152;1328;38;2025-03-22
5026;10153;196;32;2025-05-18
5027;10154;674;58;2025-05-02
5028;10156;644;7;2025-03-02
5029;10157;1763;85;2025-05-19
5030;10159;1132;21;2025-06-24
5031;10162;1706;17;2025-04-05
5032;10163;1901;97;2025-01-26
5033;10165;91;47;2025-05-16
5034;10167;1312;9;2025-02-21
5035;10168;841;8;2025-03-04
5036;10171;953;64;2025-03-07
5037;10173;1298;6;2025-03-07
5038;10174;1495;96;2025-06-21
5039;10175;1209;35;2025-06-27
5040;10176;503;63;2025-02-02
5041;10178;1172;4;2025-01-13
5042;10179;1062;12;2025-05-09
5043;10181;1463;65;2025-01-12
5044;10182;252;73;2025-01-09
5045;10183;392;44;2025-04-10
5046;10185;943;21;2025-06-08
5047;10186;1389;16;2025-06-18
5048;10187;1734;10;2025-01-29
5049;10189;943;96;2025-06-17
5050;10190;553;50;2025-01-10
5051;10192;1436;91;2025-02-16
5052;10193;1934;79;2025-03-24
5053;10198;1126;52;2025-04-20
5054;10199;912;52;2025-06-24
5055;10201;1620;61;2025-05-05
5056;10202;492;35;2025-06-22
5057;10204;1080;39;2025-04-15
5058;10205;94;31;2025-01-17
5059;10206;931;97;2025-02-06
5060;10207;1094;8;2025-02-24
5061;10208;554;68;2025-02-25
5062;10209;473;45;2025-01-28
5063;10210;1543;77;2025-06-06
5064;10213;959;86;2025-02-12
5065;10216;1743;42;2025-03-23
5066;10221;106;51;2025-06-22
5067;10222;1477;64;2025-04-05
5068;10223;1586;82;2025-04-04
5069;10225;1689;32;2025-05-13
5070;10226;357;51;2025-02-17
5071;10228;1837;12;2025-06-02
5072;10231;800;58;2025-06-01
5073;10233;1377;50;2025-02-22
5074;10234;1632;6;2025-01-21
5075;10235;541;98;2025-03-24
5076;10238;1002;25;2025-05-27
5077;10239;1651;91;2025-03-29
5078;10240;1659;84;2025-03-21
5079;10241;808;80;2025-04-26
5080;10242;1974;72;2025-06-12
5081;10245;440;84;2025-04-06
5082;10246;1406;42;2025-03-14
5083;10248;1067;39;2025-06-26
5084;10250;438;45;2025-04-28
5085;10252;1408;82;2025-02-08
5086;10253;119;50;2025-05-22
5087;10254;1691;30;2025-01-27
5088;10255;1414;83;2025-02-25
5089;10257;617;11;2025-05-19
5090;10259;1924;26;2025-03-08
5091;10260;783;38;2025-02-13
5092;10262;1356;4;2025-03-05
5093;10264;547;95;2025-01-26
5094;10265;228;35;2025-04-25
5095;10267;1867;39;2025-01-05
5096;10269;987;13;2025-03-17
5097;10272;864;15;2025-04-23
5098;10275;296;60;2025-04-07
5099;10277;1340;63;2025-06-28
5100;10279;853;13;2025-01-26
5101;10283;1149;3;2025-06-20
5102;10287;332;57;2025-03-18
5103;10288;1341;20;2025-04-15
5104;10292;822;71;2025-03-26
5105;10294;1397;40;2025-04-11
5106;10295;1607;53;2025-05-27
5107;10296;68;51;2025-05-06
5108;10297;1322;3;2025-03-02
5109;10299;1668;15;2025-07-02
5110;10301;1399;58;2025-02-03
5111;10302;1132;83;2025-04-07
5112;10303;1145;40;2025-01-28
5113;10306;952;44;2025-04-30
5114;10307;568;40;2025-02-01
5115;10308;1968;43;2025-03-06
5116;10310;1306;19;2025-02-06
5117;10311;1600;18;2025-02-15
5118;10313;357;49;2025-04-19
5119;10316;752;20;2025-05-14
5120;10319;1117;50;2025-05-11
5121;10320;1695;45;2025-02-19
5122;10321;1398;68;2025-06-13
5123;10326;1881;49;2025-04-07
5124;10334;1949;18;2025-07-02
5125;10335;988;14;2025-05-30
5126;10336;25;18;2025-03-28
5127;10340;55;65;2025-01-11
5128;10342;926;26;2025-05-28
5129;10345;676;81;2025-04-13
5130;10346;519;100;2025-03-01
5131;10348;657;33;2025-03-04
5132;10349;918;66;2025-05-24
5133;10351;929;44;2025-04-28
5134;10352;952;76;2025-01-18
5135;10353;20;44;2025-03-13
5136;10354;460;79;2025-03-25
5137;10355;1929;9;2025-04-28
5138;10358;92;47;2025-02-28
5139;10359;363;75;2025-05-31
5140;10360;1621;94;2025-04-26
5141;10361;683;80;2025-03-11
5142;10367;1728;91;2025-05-19
5143;10368;190;85;2025-04-10
5144;10369;41;30;2025-03-18
5145;10370;333;40;2025-01-14
5146;10372;1825;66;2025-05-30
5147;10373;1471;83;2025-05-03
5148;10381;1049;10;2025-04-27
5149;10382;311;74;2025-04-10
5150;10383;1400;68;2025-02-24
5151;10384;607;36;2025-03-28
5152;10385;550;1;2025-02-22
5153;10387;1040;97;2025-06-25
5154;10390;1727;100;2025-04-09
5155;10394;1908;97;2025-05-23
5156;10395;976;35;2025-06-09
5157;10396;1572;49;2025-04-23
5158;10399;84;54;2025-05-28
5159;10402;960;22;2025-02-19
5160;10403;1801;74;2025-01-19
5161;10407;1135;63;2025-04-18
5162;10408;354;72;2025-06-21
5163;10410;1106;45;2025-03-17
5164;10411;414;43;2025-03-02
5165;10412;395;48;2025-01-14
5166;10413;1614;3;2025-02-25
5167;10415;517;64;2025-04-08
5168;10416;47;59;2025-01-08
5169;10418;1996;30;2025-03-02
5170;10421;268;27;2025-03-31
5171;10422;897;81;2025-04-13
5172;10424;626;10;2025-02-06
5173;10425;1036;67;2025-03-04
5174;10430;981;48;2025-03-06
5175;10431;219;31;2025-05-29
5176;10435;1085;19;2025-03-24
5177;10437;1557;71;2025-02-05
5178;10438;748;81;2025-01-08
5179;10439;983;53;2025-04-19
5180;10440;1128;48;2025-06-14
5181;10441;1968;7;2025-05-20
5182;10444;1479;61;2025-02-03
5183;10445;346;90;2025-03-06
5184;10446;1819;46;2025-05-06
5185;10448;1985;15;2025-05-26
5186;10449;822;43;2025-02-24
5187;10450;1949;6;2025-05-28
5188;10451;1356;84;2025-05-19
5189;10454;1884;50;2025-05-09
5190;10462;399;63;2025-05-19
5191;10463;1141;76;2025-01-04
5192;10464;965;25;2025-01-06
5193;10466;85;21;2025-05-15
5194;10468;1403;6;2025-02-08
5195;10471;1344;80;2025-01-24
5196;10477;1779;88;2025-04-14
5197;10478;851;25;2025-05-01
5198;10480;729;60;2025-04-16
5199;10481;1395;76;2025-04-25
5200;10482;518;88;2025-02-14
5201;10490;1848;85;2025-06-27
5202;10491;1138;42;2025-04-14
5203;10492;1096;51;2025-04-22
5204;10495;315;25;2025-02-06
5205;10497;549;57;2025-03-29
5206;10498;1025;60;2025-06-10
5207;10500;196;97;2025-01-12
5208;10502;886;89;2025-06-07
5209;10507;245;70;2025-02-09
5210;10508;1126;55;2025-02-04
5211;10509;488;9;2025-07-01
5212;10512;1179;100;2025-05-04
5213;10514;331;29;2025-01-27
5214;10515;704;6;2025-06-11
5215;10520;579;24;2025-02-13
5216;10521;1994;10;2025-05-01
5217;10524;1874;48;2025-03-19
5218;10525;1150;13;2025-03-04
5219;10526;1194;26;2025-02-12
5220;10529;1896;33;2025-03-02
5221;10530;1420;93;2025-02-16
5222;10532;1491;54;2025-03-04
5223;10534;984;74;2025-03-08
5224;10535;609;21;2025-06-13
5225;10536;627;100;2025-06-11
5226;10538;1276;93;2025-05-13
5227;10539;1015;18;2025-06-04
5228;10540;1996;67;2025-04-05
5229;10543;457;21;2025-06-25
5230;10545;1257;57;2025-01-13
5231;10549;601;20;2025-05-31
5232;10550;1770;39;2025-01-13
5233;10551;1284;17;2025-01-15
5234;10553;1232;73;2025-04-19
5235;10554;1432;57;2025-05-05
5236;10556;262;82;2025-02-12
5237;10559;750;38;2025-06-04
5238;10560;315;13;2025-02-26
5239;10561;845;92;2025-03-02
5240;10564;1996;88;2025-01-26
5241;10567;1934;54;2025-04-30
5242;10569;637;39;2025-03-10
5243;10570;1007;72;2025-04-19
5244;10571;1171;19;2025-01-05
5245;10573;545;50;2025-06-07
5246;10577;1641;16;2025-02-13
5247;10580;1561;83;2025-06-09
5248;10583;723;4;2025-06-04
5249;10585;884;66;2025-03-21
5250;10586;953;51;2025-04-15
5251;10587;665;64;2025-01-11
5252;10588;1474;85;2025-02-07
5253;10590;1177;47;2025-07-02
5254;10592;616;13;2025-04-15
5255;10593;139;28;2025-03-20
5256;10594;299;79;2025-05-09
5257;10595;1002;49;2025-07-01
5258;10596;666;53;2025-03-09
5259;10597;1349;29;2025-03-14
5260;10598;361;69;2025-02-01
5261;10600;1227;50;2025-06-30
5262;10601;1536;65;2025-04-21
5263;10602;908;31;2025-03-12
5264;10605;1958;38;2025-06-26
5265;10606;1177;67;2025-06-01
5266;10607;40;86;2025-03-24
5267;10609;1209;18;2025-06-27
5268;10613;406;92;2025-05-11
5269;10617;1289;63;2025-01-15
5270;10620;313;11;2025-05-03
5271;10623;767;90;2025-04-28
5272;10624;323;95;2025-03-03
5273;10625;472;90;2025-01-12
5274;10626;664;94;2025-04-13
5275;10628;1683;31;2025-03-25
5276;10629;197;8;2025-05-06
5277;10633;1647;23;2025-03-12
5278;10635;312;92;2025-06-17
5279;10638;162;80;2025-06-08
5280;10641;657;61;2025-05-11
5281;10643;1579;97;2025-01-22
5282;10645;1685;15;2025-01-08
5283;10646;716;56;2025-06-28
5284;10647;636;9;2025-03-08
5285;10648;1908;49;2025-06-08
5286;10649;1461;35;2025-01-29
5287;10650;683;70;2025-03-22
5288;10651;734;89;2025-02-02
5289;10653;1634;57;2025-02-14
5290;10658;1526;10;2025-02-06
5291;10660;1372;46;2025-06-18
5292;10666;113;20;2025-06-06
5293;10667;1152;55;2025-05-10
5294;10668;1657;33;2025-06-22
5295;10671;627;56;2025-06-26
5296;10676;1877;42;2025-04-18
5297;10680;1075;53;2025-05-23
5298;10681;202;49;2025-06-04
5299;10684;235;14;2025-03-05
5300;10685;1137;87;2025-02-01
5301;10686;835;13;2025-05-04
5302;10696;1945;94;2025-05-05
5303;10699;1370;92;2025-04-27
5304;10701;432;63;2025-04-20
5305;10703;1057;65;2025-01-09
5306;10705;102;16;2025-06-05
5307;10706;909;94;2025-06-03
5308;10708;212;1;2025-04-01
5309;10712;794;63;2025-03-10
5310;10713;1156;45;2025-04-22
5311;10718;173;81;2025-03-21
5312;10719;726;21;2025-01-13
5313;10723;1032;85;2025-06-11
5314;10725;1206;4;2025-01-05
5315;10726;1475;18;2025-02-04
5316;10727;716;18;2025-03-31
5317;10730;977;5;2025-03-04
5318;10731;38;95;2025-01-28
5319;10732;776;99;2025-06-28
5320;10733;1142;56;2025-01-29
5321;10734;1213;92;2025-04-19
5322;10735;221;56;2025-03-14
5323;10737;315;16;2025-01-27
5324;10738;295;3;2025-06-21
5325;10739;118;100;2025-04-06
5326;10743;1209;39;2025-05-11
5327;10744;1525;94;2025-06-21
5328;10746;1727;76;2025-05-26
5329;10747;1734;34;2025-04-15
5330;10748;1293;71;2025-03-02
5331;10749;1066;55;2025-05-05
5332;10750;277;76;2025-04-09
5333;10751;200;1;2025-02-24
5334;10755;62;22;2025-01-21
5335;10756;597;3;2025-03-23
5336;10759;1008;20;2025-01-28
5337;10761;1970;21;2025-03-23
5338;10766;1636;8;2025-02-11
5339;10776;756;19;2025-05-25
5340;10778;210;9;2025-06-11
5341;10780;690;6;2025-04-18
5342;10781;825;58;2025-01-13
5343;10782;1454;68;2025-01-31
5344;10783;1741;41;2025-02-27
5345;10784;1187;93;2025-05-05
5346;10786;1580;35;2025-05-05
5347;10787;1301;84;2025-01-11
5348;10788;1196;3;2025-04-09
5349;10789;1638;54;2025-04-18
5350;10790;170;49;2025-02-07
5351;10791;971;100;2025-06-08
5352;10792;662;39;2025-03-16
5353;10795;1637;36;2025-06-29
5354;10799;1779;38;2025-03-04
5355;10800;947;76;2025-03-18
5356;10803;1871;82;2025-01-09
5357;10805;1391;88;2025-06-12
5358;10807;1614;77;2025-06-06
5359;10808;1562;49;2025-06-21
5360;10809;1176;36;2025-01-04
5361;10811;541;60;2025-01-26
5362;10813;1707;39;2025-01-29
5363;10815;257;79;2025-04-09
5364;10817;1820;94;2025-05-07
5365;10819;1371;39;2025-03-17
5366;10826;1944;88;2025-01-23
5367;10829;1790;12;2025-06-21
5368;10832;740;63;2025-01-01
5369;10834;1653;61;2025-04-27
5370;10838;45;78;2025-01-27
5371;10839;538;70;2025-04-10
5372;10841;257;92;2025-04-30
5373;10844;1487;94;2025-01-09
5374;10845;456;62;2025-04-26
5375;10846;544;60;2025-06-08
5376;10852;1532;43;2025-03-17
5377;10854;829;43;2025-01-19
5378;10857;1555;22;2025-04-01
5379;10858;479;90;2025-06-29
5380;10860;713;72;2025-04-13
5381;10861;495;98;2025-06-25
5382;10864;832;20;2025-03-19
5383;10867;77;10;2025-03-17
5384;10868;44;17;2025-03-13
5385;10869;903;5;2025-05-14
5386;10873;1211;33;2025-05-13
5387;10874;517;89;2025-01-19
5388;10876;505;35;2025-01-28
5389;10878;1635;46;2025-01-02
5390;10881;985;94;2025-05-28
5391;10886;219;88;2025-07-01
5392;10889;49;4;2025-01-25
5393;10891;177;95;2025-03-29
5394;10893;917;38;2025-03-02
5395;10895;1356;13;2025-03-19
5396;10896;1360;99;2025-04-17
5397;10897;1437;17;2025-04-06
5398;10898;1926;39;2025-03-01
5399;10900;1590;30;2025-02-25
5400;10901;1489;5;2025-04-03
5401;10903;638;70;2025-06-28
5402;10910;213;24;2025-02-26
5403;10911;1970;98;2025-03-20
5404;10912;1564;8;2025-06-28
5405;10913;1870;68;2025-03-13
5406;10914;1038;25;2025-02-08
5407;10916;1685;70;2025-05-15
5408;10918;499;92;2025-02-11
5409;10920;1664;88;2025-05-22
5410;10922;1437;96;2025-03-05
5411;10923;561;25;2025-02-22
5412;10924;1621;14;2025-05-04
5413;10926;902;64;2025-04-22
5414;10930;948;20;2025-02-02
5415;10935;1537;89;2025-04-13
5416;10936;620;88;2025-02-24
5417;10937;1679;12;2025-05-18
5418;10938;1422;43;2025-04-26
5419;10939;32;89;2025-03-17
5420;10941;996;54;2025-03-02
5421;10945;810;37;2025-05-31
5422;10946;1977;48;2025-04-05
5423;10950;798;44;2025-01-02
5424;10957;1614;49;2025-06-09
5425;10960;3;52;2025-06-22
5426;10962;287;13;2025-05-16
5427;10963;1749;47;2025-06-20
5428;10964;1990;60;2025-05-27
5429;10965;1279;1;2025-06-24
5430;10966;1407;62;2025-04-15
5431;10967;980;80;2025-02-22
5432;10968;1381;84;2025-01-21
5433;10970;538;1;2025-02-02
5434;10972;502;66;2025-04-03
5435;10976;1121;84;2025-02-05
5436;10979;1490;22;2025-03-15
5437;10980;249;68;2025-04-10
5438;10981;130;44;2025-01-10
5439;10982;319;26;2025-04-17
5440;10983;537;37;2025-06-28
5441;10984;1286;10;2025-06-07
5442;10985;489;30;2025-05-12
5443;10987;1249;64;2025-01-19
5444;10988;848;69;2025-04-22
5445;10992;1504;76;2025-06-19
5446;10993;368;63;2025-02-06
5447;10994;1615;8;2025-02-09
5448;10995;1814;72;2025-04-28
5449;10996;1867;80;2025-02-16
5450;11000;658;75;2025-02-19
5451;11003;618;87;2025-03-13
5452;11006;1039;54;2025-01-31
5453;11009;528;7;2025-06-05
5454;11011;657;91;2025-05-08
5455;11013;650;38;2025-06-02
5456;11015;1864;55;2025-06-29
5457;11016;1821;66;2025-05-04
5458;11017;1087;72;2025-06-06
5459;11018;107;44;2025-04-03
5460;11021;1955;80;2025-03-02
5461;11022;959;75;2025-02-01
5462;11023;845;88;2025-04-12
5463;11024;810;100;2025-02-25
5464;11025;299;61;2025-03-24
5465;11026;1042;91;2025-01-19
5466;11027;1097;63;2025-02-14
5467;11028;1275;62;2025-03-31
5468;11031;1577;17;2025-04-27
5469;11039;132;74;2025-06-24
5470;11040;444;61;2025-04-27
5471;11043;805;30;2025-04-21
5472;11044;214;31;2025-02-13
5473;11050;1522;77;2025-06-30
5474;11051;300;29;2025-02-12
5475;11053;1145;46;2025-05-12
5476;11055;1638;32;2025-01-12
5477;11057;1467;78;2025-05-16
5478;11058;416;20;2025-02-13
5479;11059;1304;27;2025-03-02
5480;11061;1562;4;2025-05-20
5481;11062;715;9;2025-02-19
5482;11064;14;17;2025-06-09
5483;11065;920;11;2025-05-22
5484;11066;605;36;2025-05-20
5485;11067;963;62;2025-06-24
5486;11068;143;44;2025-06-25
5487;11069;1468;24;2025-05-06
5488;11070;1256;73;2025-02-23
5489;11072;136;80;2025-06-09
5490;11074;680;39;2025-06-26
5491;11075;1453;14;2025-01-06
5492;11077;67;78;2025-02-01
5493;11080;264;17;2025-02-16
5494;11082;430;25;2025-01-05
5495;11083;926;22;2025-02-05
5496;11086;6;8;2025-06-22
5497;11091;290;75;2025-01-10
5498;11093;1785;55;2025-04-14
5499;11095;1721;61;2025-06-06
5500;11096;790;48;2025-05-03
5501;11097;1489;34;2025-01-05
5502;11100;1864;97;2025-01-18
5503;11101;1931;6;2025-04-10
5504;11102;204;33;2025-04-13
5505;11107;57;92;2025-03-27
5506;11108;1493;24;2025-05-06
5507;11109;834;22;2025-02-07
5508;11113;197;5;2025-04-02
5509;11116;1261;55;2025-07-02
5510;11117;852;80;2025-02-21
5511;11118;251;91;2025-02-11
5512;11119;1451;41;2025-04-06
5513;11121;334;38;2025-06-19
5514;11122;1625;53;2025-01-14
5515;11123;665;37;2025-05-23
5516;11124;396;98;2025-06-16
5517;11125;912;46;2025-03-03
5518;11127;1956;50;2025-05-08
5519;11128;829;30;2025-03-31
5520;11131;179;65;2025-03-27
5521;11138;912;35;2025-05-18
5522;11139;1204;33;2025-03-03
5523;11144;139;91;2025-02-05
5524;11147;1574;9;2025-06-19
5525;11151;834;11;2025-03-24
5526;11152;912;99;2025-06-04
5527;11153;1244;98;2025-01-30
5528;11155;1214;46;2025-02-27
5529;11158;906;87;2025-03-25
5530;11160;797;82;2025-05-23
5531;11163;1635;13;2025-03-31
5532;11164;1351;19;2025-02-18
5533;11166;777;8;2025-06-03
5534;11167;1591;98;2025-01-18
5535;11171;1376;2;2025-06-13
5536;11172;1184;38;2025-05-31
5537;11173;1265;32;2025-01-04
5538;11175;800;49;2025-01-31
5539;11176;1532;67;2025-05-29
5540;11177;1238;27;2025-05-30
5541;11178;1811;49;2025-02-02
5542;11179;956;31;2025-06-12
5543;11182;433;100;2025-06-24
5544;11184;1386;88;2025-02-08
5545;11185;1052;47;2025-06-16
5546;11189;1584;39;2025-03-04
5547;11191;811;60;2025-01-14
5548;11192;1458;60;2025-01-05
5549;11193;1322;24;2025-05-03
5550;11198;1845;78;2025-03-21
5551;11199;568;27;2025-01-12
5552;11200;926;79;2025-05-31
5553;11201;1855;19;2025-04-21
5554;11204;1340;5;2025-03-19
5555;11205;1575;18;2025-04-01
5556;11206;1164;71;2025-06-27
5557;11207;801;47;2025-03-10
5558;11209;1336;62;2025-02-23
5559;11213;1604;9;2025-04-21
5560;11215;923;61;2025-03-01
5561;11218;775;7;2025-05-16
5562;11219;634;51;2025-03-21
5563;11221;1723;59;2025-01-15
5564;11226;1347;52;2025-06-15
5565;11229;795;53;2025-02-11
5566;11234;1192;52;2025-06-06
5567;11235;697;5;2025-05-22
5568;11236;683;44;2025-02-18
5569;11239;401;79;2025-04-29
5570;11242;584;5;2025-04-28
5571;11243;320;7;2025-06-03
5572;11244;1414;19;2025-02-20
5573;11245;287;30;2025-03-05
5574;11246;549;10;2025-05-06
5575;11248;1623;63;2025-03-27
5576;11250;498;73;2025-03-24
5577;11252;925;69;2025-02-08
5578;11253;76;97;2025-04-18
5579;11254;233;75;2025-03-08
5580;11258;562;98;2025-04-11
5581;11259;228;57;2025-01-30
5582;11260;1129;38;2025-03-07
5583;11263;1387;46;2025-04-19
5584;11267;1781;9;2025-05-21
5585;11268;1330;45;2025-06-18
5586;11269;1455;42;2025-04-04
5587;11272;723;70;2025-06-23
5588;11274;758;26;2025-03-31
5589;11275;1190;53;2025-01-14
5590;11277;1446;67;2025-04-21
5591;11278;14;26;2025-05-08
5592;11279;998;15;2025-06-07
5593;11280;1643;65;2025-02-25
5594;11282;840;26;2025-05-30
5595;11284;539;45;2025-01-12
5596;11286;1422;35;2025-04-13
5597;11288;1679;38;2025-04-21
5598;11291;128;51;2025-04-24
5599;11294;938;57;2025-01-12
5600;11296;1880;6;2025-03-31
5601;11299;1197;9;2025-03-08
5602;11303;784;80;2025-01-21
5603;11305;487;30;2025-05-31
5604;11308;1604;73;2025-02-08
5605;11309;231;26;2025-03-28
5606;11310;460;51;2025-05-05
5607;11314;258;50;2025-05-11
5608;11315;478;96;2025-04-25
5609;11318;586;59;2025-05-26
5610;11319;664;16;2025-05-20
5611;11320;1097;41;2025-02-14
5612;11323;309;77;2025-06-27
5613;11324;1353;19;2025-06-28
5614;11325;1531;80;2025-01-21
5615;11326;343;83;2025-05-28
5616;11329;859;17;2025-05-09
5617;11330;1188;27;2025-02-07
5618;11333;854;64;2025-06-15
5619;11335;319;58;2025-03-29
5620;11342;854;93;2025-05-05
5621;11345;1854;63;2025-05-13
5622;11346;1025;19;2025-04-29
5623;11347;1953;2;2025-05-20
5624;11348;628;22;2025-04-15
5625;11349;1070;47;2025-06-04
5626;11353;1549;88;2025-03-07
5627;11355;3;31;2025-02-22
5628;11356;1773;27;2025-01-20
5629;11357;1322;97;2025-04-19
5630;11359;1493;83;2025-05-20
5631;11361;153;78;2025-04-08
5632;11363;1717;19;2025-06-14
5633;11366;1839;69;2025-02-16
5634;11369;765;25;2025-01-22
5635;11373;1395;92;2025-05-25
5636;11377;820;87;2025-01-27
5637;11379;983;3;2025-06-16
5638;11381;1694;7;2025-01-17
5639;11384;764;59;2025-06-03
5640;11385;777;63;2025-07-01
5641;11387;171;89;2025-03-27
5642;11389;72;29;2025-01-02
5643;11391;1670;85;2025-05-08
5644;11393;1488;85;2025-01-04
5645;11398;1399;15;2025-02-16
5646;11399;68;21;2025-01-05
5647;11400;1382;84;2025-06-09
5648;11401;1846;3;2025-04-05
5649;11402;1853;9;2025-06-06
5650;11403;970;16;2025-06-16
5651;11404;944;41;2025-06-13
5652;11406;659;24;2025-04-26
5653;11408;1703;16;2025-03-30
5654;11413;583;37;2025-04-01
5655;11414;1595;65;2025-04-23
5656;11415;598;88;2025-06-26
5657;11416;1743;9;2025-01-26
5658;11417;1845;35;2025-03-04
5659;11418;940;49;2025-02-28
5660;11420;1631;53;2025-05-28
5661;11421;1580;60;2025-04-25
5662;11423;1523;66;2025-01-04
5663;11424;1716;67;2025-03-23
5664;11426;1656;29;2025-03-19
5665;11431;559;4;2025-06-08
5666;11434;821;39;2025-03-14
5667;11435;1505;100;2025-06-22
5668;11436;729;16;2025-03-07
5669;11438;1157;69;2025-05-28
5670;11440;375;48;2025-04-07
5671;11442;298;74;2025-06-03
5672;11443;224;1;2025-02-01
5673;11444;186;27;2025-06-29
5674;11446;1765;72;2025-05-19
5675;11448;869;97;2025-06-06
5676;11449;1135;24;2025-06-02
5677;11451;498;7;2025-05-30
5678;11454;1677;16;2025-06-27
5679;11456;1919;74;2025-01-04
5680;11457;1798;54;2025-02-11
5681;11459;318;4;2025-06-07
5682;11460;1983;25;2025-06-19
5683;11461;1910;30;2025-01-05
5684;11463;1120;39;2025-05-30
5685;11464;1059;47;2025-05-22
5686;11465;1771;4;2025-06-08
5687;11466;289;39;2025-03-15
5688;11467;964;57;2025-06-05
5689;11468;1493;53;2025-03-14
5690;11471;1196;20;2025-04-27
5691;11475;166;69;2025-04-23
5692;11476;161;69;2025-02-18
5693;11478;98;79;2025-03-30
5694;11481;914;26;2025-06-09
5695;11482;1884;77;2025-05-13
5696;11483;1330;3;2025-04-28
5697;11485;945;15;2025-03-27
5698;11486;601;58;2025-03-26
5699;11488;1554;85;2025-01-20
5700;11491;1479;27;2025-06-29
5701;11493;1416;62;2025-06-04
5702;11494;891;21;2025-06-29
5703;11501;1614;61;2025-05-03
5704;11503;1473;97;2025-04-16
5705;11507;1888;70;2025-01-18
5706;11508;1979;69;2025-01-09
5707;11509;1347;31;2025-03-28
5708;11510;1257;74;2025-05-13
5709;11516;1715;80;2025-06-24
5710;11518;1100;60;2025-06-13
5711;11521;857;12;2025-01-18
5712;11526;1852;85;2025-05-21
5713;11527;1553;80;2025-04-14
5714;11529;1428;59;2025-04-01
5715;11531;1052;7;2025-04-09
5716;11532;475;30;2025-04-22
5717;11538;1874;29;2025-07-01
5718;11541;1709;70;2025-03-11
5719;11542;799;70;2025-06-06
5720;11543;1078;58;2025-02-16
5721;11544;1100;74;2025-02-11
5722;11549;344;81;2025-05-19
5723;11551;1624;90;2025-02-24
5724;11554;1072;50;2025-03-18
5725;11555;260;53;2025-05-06
5726;11558;1359;34;2025-02-18
5727;11559;966;2;2025-05-18
5728;11562;13;34;2025-05-05
5729;11563;920;9;2025-02-28
5730;11564;1703;76;2025-04-23
5731;11566;833;56;2025-06-22
5732;11567;1100;47;2025-02-27
5733;11569;1443;44;2025-05-04
5734;11570;498;86;2025-04-21
5735;11571;356;21;2025-06-16
5736;11572;265;46;2025-05-09
5737;11575;696;32;2025-04-02
5738;11577;448;62;2025-02-04
5739;11578;1590;81;2025-02-28
5740;11579;1527;59;2025-02-13
5741;11581;1890;2;2025-03-22
5742;11583;86;92;2025-03-26
5743;11584;701;80;2025-03-18
5744;11586;1237;25;2025-05-31
5745;11587;1630;71;2025-04-28
5746;11588;1330;20;2025-03-19
5747;11590;977;61;2025-05-18
5748;11591;1749;26;2025-04-04
5749;11593;1306;16;2025-04-15
5750;11594;1781;76;2025-03-01
5751;11599;884;34;2025-02-28
5752;11600;425;43;2025-02-16
5753;11602;334;72;2025-05-21
5754;11603;1234;28;2025-04-03
5755;11604;1095;8;2025-06-27
5756;11608;1926;79;2025-06-01
5757;11610;1725;26;2025-02-10
5758;11612;1000;17;2025-01-07
5759;11614;662;73;2025-01-17
5760;11615;175;54;2025-01-13
5761;11616;462;32;2025-05-29
5762;11617;1048;87;2025-06-28
5763;11623;657;71;2025-01-22
5764;11625;35;26;2025-04-04
5765;11626;1677;67;2025-02-23
5766;11627;937;85;2025-02-20
5767;11628;668;68;2025-04-28
5768;11629;44;71;2025-06-12
5769;11637;1968;67;2025-03-31
5770;11638;1164;79;2025-06-07
5771;11639;1168;44;2025-04-06
5772;11640;53;52;2025-03-25
5773;11641;1837;24;2025-06-27
5774;11642;1289;5;2025-02-05
5775;11643;1154;38;2025-04-25
5776;11644;235;68;2025-05-13
5777;11645;747;18;2025-01-22
5778;11647;707;35;2025-06-28
5779;11650;1657;19;2025-04-29
5780;11651;1832;81;2025-06-16
5781;11652;2000;28;2025-02-11
5782;11654;1332;99;2025-01-27
5783;11656;1289;3;2025-01-25
5784;11659;306;2;2025-02-22
5785;11661;1292;2;2025-06-10
5786;11664;1497;64;2025-02-08
5787;11666;1685;43;2025-06-25
5788;11669;1512;13;2025-03-15
5789;11672;594;9;2025-05-28
5790;11674;1633;24;2025-05-23
5791;11675;1846;67;2025-04-04
5792;11676;1472;73;2025-04-01
5793;11677;980;17;2025-03-23
5794;11678;1194;29;2025-01-18
5795;11680;1895;83;2025-06-07
5796;11681;1871;52;2025-01-24
5797;11684;17;40;2025-05-22
5798;11688;537;99;2025-04-05
5799;11689;969;53;2025-02-23
5800;11690;439;65;2025-06-27
5801;11692;361;27;2025-04-22
5802;11693;1120;66;2025-01-25
5803;11694;381;5;2025-03-04
5804;11695;595;40;2025-01-30
5805;11696;1573;38;2025-02-09
5806;11702;71;88;2025-06-10
5807;11703;1077;7;2025-01-14
5808;11707;1658;46;2025-02-11
5809;11708;386;29;2025-05-29
5810;11712;658;59;2025-05-25
5811;11718;175;94;2025-06-19
5812;11720;189;71;2025-01-30
5813;11723;1666;41;2025-01-29
5814;11725;47;62;2025-03-13
5815;11726;1952;18;2025-06-02
5816;11727;754;98;2025-01-10
5817;11729;525;60;2025-05-02
5818;11730;1577;9;2025-03-30
5819;11733;1449;68;2025-02-08
5820;11736;808;46;2025-02-20
5821;11737;1357;42;2025-06-14
5822;11738;1032;59;2025-01-26
5823;11740;1579;23;2025-01-08
5824;11747;1872;51;2025-04-12
5825;11748;814;34;2025-03-05
5826;11749;1764;43;2025-03-06
5827;11751;60;71;2025-01-29
5828;11752;1521;44;2025-05-14
5829;11753;1677;91;2025-01-09
5830;11754;1188;2;2025-01-19
5831;11755;562;56;2025-05-25
5832;11756;862;6;2025-03-06
5833;11757;374;31;2025-03-18
5834;11758;442;1;2025-04-14
5835;11759;692;96;2025-05-07
5836;11762;395;7;2025-06-17
5837;11763;351;3;2025-05-02
5838;11764;687;19;2025-01-03
5839;11765;1722;2;2025-05-08
5840;11766;382;38;2025-05-17
5841;11768;1718;10;2025-06-25
5842;11769;766;18;2025-03-29
5843;11770;1522;72;2025-04-04
5844;11771;648;93;2025-02-24
5845;11778;1455;9;2025-02-22
5846;11779;812;50;2025-06-14
5847;11780;395;85;2025-03-04
5848;11781;1090;13;2025-01-09
5849;11782;529;15;2025-04-18
5850;11784;1063;73;2025-04-17
5851;11785;863;44;2025-05-15
5852;11786;883;46;2025-03-11
5853;11787;202;90;2025-03-02
5854;11790;217;67;2025-03-29
5855;11792;906;74;2025-04-14
5856;11794;734;28;2025-03-19
5857;11797;1637;19;2025-04-06
5858;11799;231;58;2025-02-25
5859;11800;1440;60;2025-01-19
5860;11801;149;58;2025-05-19
5861;11802;781;83;2025-01-27
5862;11808;700;25;2025-06-12
5863;11809;553;93;2025-03-31
5864;11812;1987;1;2025-04-08
5865;11813;1038;3;2025-03-01
5866;11819;1382;8;2025-04-21
5867;11820;59;52;2025-03-02
5868;11822;1231;37;2025-06-14
5869;11825;1984;2;2025-04-07
5870;11827;1858;74;2025-06-25
5871;11828;258;12;2025-06-18
5872;11831;1096;17;2025-06-20
5873;11833;666;92;2025-01-07
5874;11834;1618;8;2025-02-21
5875;11835;530;71;2025-06-05
5876;11836;1175;22;2025-04-15
5877;11837;1399;51;2025-01-09
5878;11839;388;26;2025-06-29
5879;11841;493;65;2025-05-16
5880;11843;558;32;2025-05-04
5881;11844;1665;99;2025-01-10
5882;11845;32;27;2025-02-16
5883;11846;1660;83;2025-05-29
5884;11850;1956;31;2025-03-09
5885;11851;584;4;2025-04-11
5886;11854;1520;25;2025-06-30
5887;11857;346;36;2025-01-03
5888;11858;1981;74;2025-01-30
5889;11861;627;97;2025-05-29
5890;11863;1539;19;2025-05-30
5891;11865;1381;85;2025-04-15
5892;11867;467;84;2025-04-21
5893;11868;571;65;2025-06-07
5894;11870;1957;8;2025-01-16
5895;11871;186;87;2025-01-06
5896;11872;953;8;2025-01-29
5897;11873;257;8;2025-03-15
5898;11875;830;97;2025-03-05
5899;11876;84;4;2025-05-26
5900;11880;1462;83;2025-02-09
5901;11881;1613;18;2025-02-21
5902;11883;347;82;2025-05-02
5903;11884;1461;52;2025-04-16
5904;11885;1349;15;2025-05-28
5905;11890;197;22;2025-03-31
5906;11894;1383;90;2025-06-02
5907;11895;569;12;2025-01-02
5908;11897;238;24;2025-02-02
5909;11898;156;7;2025-04-15
5910;11901;1194;11;2025-03-05
5911;11902;124;69;2025-04-28
5912;11904;1499;43;2025-05-08
5913;11905;436;58;2025-05-21
5914;11907;494;2;2025-06-21
5915;11908;989;15;2025-05-24
5916;11909;1382;26;2025-04-28
5917;11913;497;11;2025-03-27
5918;11914;1908;78;2025-02-10
5919;11915;178;84;2025-01-08
5920;11916;1128;71;2025-02-14
5921;11917;832;93;2025-05-27
5922;11925;840;42;2025-04-15
5923;11926;1553;68;2025-02-06
5924;11928;1699;84;2025-02-18
5925;11929;1399;4;2025-01-03
5926;11930;1704;11;2025-01-08
5927;11931;916;46;2025-03-05
5928;11932;999;97;2025-01-17
5929;11934;1883;63;2025-05-29
5930;11937;1975;64;2025-03-02
5931;11938;560;35;2025-03-12
5932;11939;1217;3;2025-06-23
5933;11941;1480;68;2025-05-20
5934;11942;902;62;2025-06-25
5935;11943;361;26;2025-04-15
5936;11946;1769;89;2025-03-29
5937;11948;273;50;2025-05-02
5938;11951;1045;69;2025-05-11
5939;11952;211;65;2025-06-01
5940;11953;556;91;2025-05-05
5941;11954;1183;67;2025-01-02
5942;11955;1760;29;2025-02-21
5943;11956;630;50;2025-02-03
5944;11960;120;18;2025-02-03
5945;11961;1731;38;2025-06-21
5946;11962;1950;26;2025-03-31
5947;11963;352;97;2025-04-26
5948;11965;1253;40;2025-04-30
5949;11966;1544;27;2025-01-11
5950;11967;1501;3;2025-03-01
5951;11969;1055;68;2025-02-09
5952;11970;1326;9;2025-03-13
5953;11971;953;59;2025-05-04
5954;11973;702;50;2025-02-22
5955;11974;988;97;2025-06-02
5956;11975;51;69;2025-04-02
5957;11977;1482;44;2025-06-05
5958;11981;266;14;2025-05-18
5959;11983;820;46;2025-05-15
5960;11985;1834;39;2025-05-09
5961;11986;1381;26;2025-02-17
5962;11987;691;53;2025-02-25
5963;11988;209;20;2025-03-01
5964;11989;1659;58;2025-05-02
5965;11990;1689;63;2025-01-04
5966;11991;1113;51;2025-03-22
5967;11992;292;11;2025-03-08
5968;11993;1917;30;2025-02-23
5969;11995;548;57;2025-02-20
5970;11996;478;22;2025-06-24
5971;11997;254;90;2025-05-14
5972;11998;432;87;2025-03-13
5973;11999;752;55;2025-06-12
5974;12000;1569;1;2025-02-03
5975;12003;952;100;2025-04-24
5976;12004;207;93;2025-05-17
5977;12006;1388;33;2025-05-05
5978;12007;1945;4;2025-05-28
5979;12011;620;11;2025-01-27
5980;12015;323;85;2025-03-17
5981;12016;62;23;2025-02-24
5982;12018;1688;72;2025-02-20
5983;12020;1070;34;2025-04-05
5984;12023;1139;62;2025-06-13
5985;12025;453;26;2025-04-29
5986;12026;1257;44;2025-05-02
5987;12027;1872;81;2025-02-26
5988;12032;1552;87;2025-06-22
5989;12033;862;12;2025-04-03
5990;12034;1597;5;2025-06-24
5991;12039;1375;10;2025-04-14
5992;12040;1324;9;2025-02-27
5993;12042;965;64;2025-03-19
5994;12043;1698;54;2025-05-30
5995;12044;1390;87;2025-04-20
5996;12045;506;99;2025-05-26
5997;12048;1081;16;2025-02-17
5998;12049;636;69;2025-05-03
5999;12050;781;86;2025-02-10
6000;12053;1859;1;2025-03-19
6001;12054;422;8;2025-06-24
6002;12056;1237;34;2025-06-07
6003;12058;15;93;2025-05-24
6004;12059;1153;49;2025-03-26
6005;12062;1338;49;2025-02-21
6006;12063;153;32;2025-01-17
6007;12064;1052;30;2025-02-25
6008;12065;65;57;2025-02-10
6009;12067;1357;4;2025-04-30
6010;12068;1926;61;2025-04-09
6011;12069;1376;83;2025-02-27
6012;12070;1399;74;2025-04-01
6013;12071;1507;35;2025-06-19
6014;12072;1628;62;2025-02-23
6015;12073;1475;73;2025-02-15
6016;12075;1881;97;2025-04-26
6017;12076;549;78;2025-02-26
6018;12077;1226;21;2025-04-21
6019;12078;1368;1;2025-01-04
6020;12081;22;40;2025-05-23
6021;12082;1064;92;2025-04-12
6022;12083;1475;61;2025-04-25
6023;12085;634;13;2025-04-25
6024;12089;1258;25;2025-06-12
6025;12090;1924;16;2025-01-25
6026;12091;992;54;2025-01-15
6027;12092;1612;2;2025-06-23
6028;12093;48;14;2025-02-21
6029;12094;1016;97;2025-04-19
6030;12097;30;72;2025-03-31
6031;12098;1539;94;2025-03-06
6032;12099;1466;5;2025-04-20
6033;12101;523;72;2025-02-26
6034;12103;903;50;2025-01-15
6035;12105;1027;14;2025-01-10
6036;12106;1351;57;2025-04-11
6037;12107;895;4;2025-01-25
6038;12108;1133;75;2025-04-24
6039;12109;1111;85;2025-04-28
6040;12110;907;70;2025-06-01
6041;12112;485;91;2025-03-14
6042;12114;89;68;2025-04-16
6043;12115;1041;42;2025-06-09
6044;12116;439;35;2025-01-11
6045;12118;119;98;2025-03-05
6046;12119;93;13;2025-05-29
6047;12122;1643;49;2025-06-15
6048;12125;515;61;2025-04-16
6049;12127;230;89;2025-01-28
6050;12129;66;77;2025-05-12
6051;12131;1068;69;2025-01-14
6052;12138;904;19;2025-04-28
6053;12141;167;89;2025-02-17
6054;12150;643;43;2025-06-04
6055;12154;206;96;2025-05-13
6056;12156;1570;1;2025-02-12
6057;12157;1201;7;2025-05-05
6058;12159;217;42;2025-01-20
6059;12160;378;71;2025-04-03
6060;12161;1754;69;2025-01-25
6061;12162;1973;49;2025-01-24
6062;12164;113;86;2025-06-19
6063;12165;1656;51;2025-06-03
6064;12166;605;89;2025-05-27
6065;12167;1579;19;2025-01-31
6066;12170;1797;86;2025-03-29
6067;12175;1028;91;2025-06-21
6068;12177;16;42;2025-01-04
6069;12183;208;95;2025-04-19
6070;12184;172;89;2025-06-01
6071;12185;451;44;2025-02-07
6072;12186;153;7;2025-03-13
6073;12189;1153;16;2025-01-11
6074;12190;1364;22;2025-02-24
6075;12192;1016;60;2025-05-14
6076;12193;1139;51;2025-04-09
6077;12195;1108;86;2025-04-12
6078;12202;652;36;2025-06-22
6079;12204;242;51;2025-04-21
6080;12205;99;56;2025-05-21
6081;12206;168;18;2025-06-21
6082;12209;1259;20;2025-02-28
6083;12218;1240;17;2025-01-08
6084;12219;1806;27;2025-06-30
6085;12222;100;19;2025-04-04
6086;12224;183;24;2025-02-06
6087;12226;1624;100;2025-01-04
6088;12228;1610;80;2025-01-29
6089;12229;1929;37;2025-01-04
6090;12230;519;32;2025-04-17
6091;12232;1437;21;2025-06-27
6092;12234;526;12;2025-05-24
6093;12236;871;81;2025-03-26
6094;12240;1210;11;2025-05-11
6095;12243;698;99;2025-04-23
6096;12246;1119;45;2025-05-27
6097;12249;562;92;2025-03-20
6098;12250;294;18;2025-06-20
6099;12252;736;91;2025-06-18
6100;12256;931;40;2025-04-11
6101;12257;1239;30;2025-06-05
6102;12258;1652;11;2025-02-20
6103;12260;1922;74;2025-05-08
6104;12266;1247;6;2025-04-12
6105;12267;174;23;2025-04-12
6106;12268;793;40;2025-05-21
6107;12272;554;77;2025-05-21
6108;12273;1218;87;2025-05-04
6109;12275;811;74;2025-04-09
6110;12276;323;26;2025-05-07
6111;12277;1683;95;2025-01-12
6112;12278;324;4;2025-04-05
6113;12279;1684;9;2025-02-03
6114;12280;423;64;2025-02-08
6115;12281;661;53;2025-03-13
6116;12282;368;39;2025-03-29
6117;12286;1716;20;2025-03-22
6118;12288;927;82;2025-01-28
6119;12290;1583;77;2025-01-05
6120;12291;1282;8;2025-03-01
6121;12292;677;94;2025-01-24
6122;12294;558;69;2025-04-16
6123;12298;307;51;2025-02-03
6124;12302;1486;64;2025-03-14
6125;12305;1897;92;2025-05-13
6126;12306;456;82;2025-06-27
6127;12307;1858;52;2025-06-26
6128;12308;1727;59;2025-05-04
6129;12311;1549;58;2025-01-26
6130;12313;1906;23;2025-02-09
6131;12318;32;32;2025-06-26
6132;12320;1765;25;2025-02-12
6133;12321;1994;3;2025-03-31
6134;12326;1992;1;2025-03-30
6135;12327;1776;73;2025-04-19
6136;12329;1071;80;2025-02-08
6137;12331;306;35;2025-03-22
6138;12332;606;14;2025-02-03
6139;12334;670;17;2025-01-18
6140;12335;1842;32;2025-05-17
6141;12337;1134;34;2025-03-26
6142;12338;95;64;2025-03-08
6143;12339;689;75;2025-03-01
6144;12340;1135;33;2025-02-18
6145;12342;15;42;2025-04-25
6146;12346;1119;63;2025-03-19
6147;12347;658;42;2025-04-25
6148;12349;1282;88;2025-03-23
6149;12350;426;96;2025-06-25
6150;12352;1138;27;2025-06-04
6151;12359;8;79;2025-01-05
6152;12360;1650;64;2025-01-21
6153;12361;569;29;2025-04-04
6154;12363;783;71;2025-04-01
6155;12369;1744;25;2025-03-02
6156;12371;1609;20;2025-04-27
6157;12372;338;2;2025-04-23
6158;12373;1725;74;2025-05-02
6159;12376;1622;86;2025-02-28
6160;12382;1073;49;2025-01-25
6161;12388;935;5;2025-02-27
6162;12389;1055;9;2025-05-06
6163;12390;1850;20;2025-05-30
6164;12391;1777;68;2025-02-25
6165;12397;594;24;2025-02-23
6166;12398;1405;52;2025-03-23
6167;12400;1634;18;2025-05-23
6168;12407;1981;40;2025-04-08
6169;12408;1971;59;2025-02-13
6170;12411;1321;94;2025-02-03
6171;12413;1759;9;2025-04-19
6172;12415;985;100;2025-03-08
6173;12416;1562;33;2025-02-06
6174;12419;1742;25;2025-03-19
6175;12421;1201;10;2025-05-28
6176;12426;373;30;2025-03-06
6177;12427;1339;88;2025-02-24
6178;12428;697;49;2025-03-13
6179;12430;231;75;2025-06-18
6180;12432;201;14;2025-03-08
6181;12435;958;8;2025-06-25
6182;12439;1282;38;2025-01-27
6183;12441;1187;55;2025-04-04
6184;12442;1512;7;2025-06-11
6185;12446;1024;38;2025-02-21
6186;12447;1888;18;2025-02-25
6187;12451;1002;34;2025-04-29
6188;12454;1164;55;2025-04-04
6189;12456;148;77;2025-03-22
6190;12457;183;35;2025-03-09
6191;12460;49;77;2025-06-18
6192;12461;1115;90;2025-02-17
6193;12462;886;14;2025-02-03
6194;12463;394;64;2025-06-06
6195;12466;236;47;2025-01-10
6196;12467;68;27;2025-01-22
6197;12470;1077;76;2025-03-21
6198;12471;580;57;2025-02-21
6199;12472;846;100;2025-05-10
6200;12474;536;78;2025-06-06
6201;12476;1770;59;2025-04-12
6202;12478;1691;43;2025-07-01
6203;12480;1719;81;2025-05-27
6204;12481;1958;42;2025-03-31
6205;12482;1855;25;2025-02-28
6206;12483;1087;55;2025-04-08
6207;12484;931;88;2025-05-28
6208;12486;474;79;2025-04-27
6209;12490;939;24;2025-04-22
6210;12491;626;46;2025-06-23
6211;12493;1043;76;2025-05-28
6212;12496;1271;14;2025-01-29
6213;12497;1362;76;2025-04-03
6214;12500;957;27;2025-02-02
6215;12505;1656;35;2025-04-17
6216;12506;10;88;2025-04-21
6217;12509;1098;10;2025-04-20
6218;12510;1545;81;2025-01-10
6219;12511;1901;47;2025-03-31
6220;12513;411;5;2025-05-11
6221;12515;601;40;2025-06-28
6222;12517;561;19;2025-05-09
6223;12518;105;4;2025-04-09
6224;12520;811;47;2025-06-18
6225;12522;807;23;2025-03-27
6226;12524;1519;90;2025-04-10
6227;12525;1268;85;2025-05-30
6228;12526;1297;59;2025-04-24
6229;12527;1525;56;2025-04-01
6230;12528;725;87;2025-03-12
6231;12529;1749;56;2025-03-06
6232;12532;49;33;2025-03-05
6233;12536;1704;21;2025-06-06
6234;12537;816;76;2025-02-28
6235;12539;682;41;2025-03-03
6236;12541;1135;91;2025-05-05
6237;12545;1895;31;2025-05-31
6238;12546;387;18;2025-06-07
6239;12547;248;17;2025-04-15
6240;12551;973;51;2025-04-29
6241;12552;429;75;2025-03-13
6242;12553;179;97;2025-01-03
6243;12555;362;85;2025-01-08
6244;12558;740;97;2025-03-01
6245;12559;1781;3;2025-04-28
6246;12562;1894;23;2025-05-01
6247;12564;1417;57;2025-04-22
6248;12566;448;68;2025-05-07
6249;12568;972;54;2025-01-31
6250;12569;688;2;2025-02-08
6251;12570;1603;67;2025-05-28
6252;12571;581;60;2025-01-15
6253;12572;1797;97;2025-01-07
6254;12574;92;22;2025-05-19
6255;12575;226;78;2025-03-27
6256;12577;1061;70;2025-06-03
6257;12579;1159;18;2025-02-22
6258;12580;1062;11;2025-03-03
6259;12581;1768;49;2025-04-21
6260;12588;1552;55;2025-04-16
6261;12589;65;48;2025-05-02
6262;12591;964;72;2025-04-22
6263;12592;1549;90;2025-01-17
6264;12593;985;83;2025-06-14
6265;12595;1930;69;2025-02-12
6266;12596;1229;49;2025-03-05
6267;12599;225;68;2025-02-18
6268;12601;746;5;2025-06-17
6269;12602;1205;70;2025-03-18
6270;12604;1509;26;2025-03-06
6271;12606;914;46;2025-03-29
6272;12609;1554;50;2025-06-11
6273;12611;745;66;2025-01-10
6274;12613;84;75;2025-01-10
6275;12615;420;82;2025-06-26
6276;12616;1322;65;2025-04-25
6277;12618;1985;30;2025-01-05
6278;12624;1798;92;2025-06-09
6279;12626;1053;86;2025-06-09
6280;12630;1622;49;2025-03-07
6281;12634;1698;66;2025-03-08
6282;12635;548;2;2025-05-23
6283;12639;1991;59;2025-04-30
6284;12640;1283;69;2025-04-23
6285;12645;424;57;2025-02-03
6286;12647;1275;70;2025-04-08
6287;12650;1865;55;2025-04-02
6288;12651;1741;32;2025-04-01
6289;12653;61;45;2025-06-03
6290;12654;1317;17;2025-01-31
6291;12655;1646;76;2025-03-12
6292;12660;1248;58;2025-02-25
6293;12661;192;76;2025-03-26
6294;12672;1452;43;2025-02-27
6295;12676;1662;84;2025-02-08
6296;12677;555;81;2025-06-15
6297;12678;1393;86;2025-03-04
6298;12682;1761;20;2025-05-13
6299;12684;1909;15;2025-02-05
6300;12688;1325;93;2025-06-27
6301;12689;858;29;2025-05-15
6302;12692;85;61;2025-01-14
6303;12693;1919;25;2025-02-03
6304;12694;1178;54;2025-06-10
6305;12695;673;40;2025-03-10
6306;12696;1520;24;2025-04-29
6307;12697;794;45;2025-06-23
6308;12700;1136;1;2025-05-31
6309;12701;1515;65;2025-03-25
6310;12703;1172;2;2025-06-19
6311;12707;909;91;2025-06-03
6312;12708;1906;73;2025-03-31
6313;12709;1606;20;2025-06-05
6314;12710;1430;93;2025-04-07
6315;12711;1764;53;2025-05-12
6316;12712;1047;39;2025-01-17
6317;12713;1040;85;2025-06-20
6318;12714;313;58;2025-04-24
6319;12715;1590;85;2025-03-19
6320;12716;916;86;2025-06-12
6321;12718;763;84;2025-02-17
6322;12721;917;67;2025-03-17
6323;12723;989;86;2025-05-03
6324;12724;1261;50;2025-01-07
6325;12727;1229;74;2025-05-22
6326;12728;1705;12;2025-05-26
6327;12729;1410;7;2025-05-01
6328;12732;405;90;2025-03-29
6329;12735;316;23;2025-04-04
6330;12738;1591;8;2025-04-21
6331;12746;1943;14;2025-06-27
6332;12749;1678;67;2025-01-15
6333;12750;695;76;2025-04-05
6334;12753;729;59;2025-03-29
6335;12754;1819;89;2025-04-24
6336;12755;1642;100;2025-02-01
6337;12756;869;10;2025-06-20
6338;12758;1627;64;2025-06-30
6339;12761;1681;75;2025-04-02
6340;12762;1554;81;2025-03-19
6341;12763;1646;89;2025-01-26
6342;12766;412;35;2025-05-02
6343;12772;801;71;2025-04-11
6344;12773;1817;31;2025-06-08
6345;12774;1397;77;2025-01-20
6346;12775;1369;59;2025-01-10
6347;12776;1073;71;2025-05-14
6348;12778;1324;93;2025-01-25
6349;12780;1619;15;2025-02-22
6350;12781;1224;60;2025-01-25
6351;12782;222;87;2025-02-22
6352;12784;832;98;2025-01-14
6353;12785;68;77;2025-02-19
6354;12786;1405;72;2025-02-26
6355;12787;1927;62;2025-04-21
6356;12789;88;98;2025-01-02
6357;12790;1364;16;2025-05-21
6358;12792;348;85;2025-05-26
6359;12794;1082;76;2025-03-16
6360;12796;204;26;2025-04-26
6361;12797;886;4;2025-03-07
6362;12804;570;39;2025-04-17
6363;12805;629;6;2025-01-10
6364;12806;528;32;2025-06-17
6365;12808;1567;62;2025-05-08
6366;12809;1228;56;2025-04-16
6367;12810;491;50;2025-06-03
6368;12812;191;80;2025-05-04
6369;12814;1249;80;2025-02-15
6370;12815;638;30;2025-05-17
6371;12816;914;57;2025-03-22
6372;12817;1910;1;2025-04-10
6373;12819;1625;81;2025-06-07
6374;12820;1441;49;2025-03-05
6375;12822;1655;63;2025-04-14
6376;12823;637;11;2025-02-22
6377;12829;1569;21;2025-04-12
6378;12831;1655;65;2025-01-19
6379;12832;1964;49;2025-06-19
6380;12833;1102;25;2025-02-06
6381;12834;1181;48;2025-03-05
6382;12836;786;93;2025-05-06
6383;12838;464;69;2025-02-23
6384;12840;1143;43;2025-01-16
6385;12842;1055;67;2025-05-06
6386;12843;1884;48;2025-07-02
6387;12844;1809;58;2025-03-27
6388;12845;1016;22;2025-03-05
6389;12848;1406;76;2025-06-22
6390;12849;1589;49;2025-06-20
6391;12850;818;41;2025-04-29
6392;12853;1816;61;2025-03-28
6393;12856;870;26;2025-06-14
6394;12857;524;60;2025-03-09
6395;12859;340;15;2025-01-11
6396;12860;753;68;2025-01-28
6397;12861;523;27;2025-04-03
6398;12863;364;28;2025-01-17
6399;12864;598;20;2025-01-25
6400;12866;908;36;2025-04-28
6401;12867;1466;90;2025-04-07
6402;12869;668;39;2025-06-11
6403;12872;1374;36;2025-03-30
6404;12874;208;98;2025-02-27
6405;12882;1750;67;2025-06-21
6406;12885;1123;62;2025-01-03
6407;12888;89;74;2025-04-06
6408;12893;1704;49;2025-04-04
6409;12894;1266;11;2025-01-07
6410;12895;684;68;2025-05-03
6411;12896;39;11;2025-04-01
6412;12898;196;42;2025-03-17
6413;12899;442;14;2025-05-11
6414;12904;877;84;2025-01-03
6415;12905;1220;88;2025-02-06
6416;12906;223;24;2025-05-23
6417;12907;1204;56;2025-03-15
6418;12908;695;35;2025-04-30
6419;12910;490;5;2025-01-12
6420;12912;1249;32;2025-04-26
6421;12915;843;18;2025-04-12
6422;12916;1753;90;2025-02-14
6423;12917;454;87;2025-04-15
6424;12919;696;68;2025-01-07
6425;12920;858;9;2025-03-08
6426;12921;930;50;2025-03-26
6427;12926;295;12;2025-03-23
6428;12928;1822;62;2025-06-25
6429;12929;1891;26;2025-05-22
6430;12930;999;86;2025-04-20
6431;12931;1186;27;2025-03-24
6432;12934;1430;8;2025-01-24
6433;12935;1740;85;2025-04-29
6434;12936;1781;42;2025-02-23
6435;12937;1660;84;2025-03-03
6436;12939;1646;68;2025-06-30
6437;12940;1883;8;2025-01-07
6438;12941;1290;24;2025-03-13
6439;12943;1436;29;2025-01-21
6440;12944;1784;85;2025-03-27
6441;12946;1192;26;2025-02-19
6442;12949;303;83;2025-02-15
6443;12952;1287;1;2025-01-29
6444;12953;1175;85;2025-02-08
6445;12955;141;3;2025-03-24
6446;12956;1455;10;2025-05-20
6447;12957;1034;63;2025-03-23
6448;12959;454;33;2025-03-16
6449;12961;460;84;2025-02-22
6450;12962;1565;84;2025-01-02
6451;12963;647;82;2025-04-07
6452;12965;954;4;2025-01-03
6453;12966;1184;82;2025-03-16
6454;12970;1611;49;2025-01-04
6455;12972;126;26;2025-02-18
6456;12974;1131;32;2025-02-25
6457;12976;190;39;2025-06-14
6458;12977;1722;100;2025-04-06
6459;12981;727;26;2025-01-27
6460;12984;63;28;2025-01-16
6461;12986;1828;54;2025-01-22
6462;12987;1587;29;2025-06-05
6463;12990;1206;15;2025-04-08
6464;12991;589;94;2025-01-10
6465;12995;1470;46;2025-04-03
6466;12998;957;22;2025-06-20
6467;13000;14;32;2025-03-09
6468;13002;961;56;2025-06-15
6469;13003;657;31;2025-02-07
6470;13005;227;79;2025-06-21
6471;13006;1677;58;2025-04-16
6472;13008;1347;17;2025-01-17
6473;13011;55;92;2025-02-27
6474;13012;893;9;2025-05-31
6475;13017;101;2;2025-02-06
6476;13020;706;60;2025-05-01
6477;13022;1608;49;2025-01-23
6478;13024;275;87;2025-05-12
6479;13027;1327;27;2025-04-13
6480;13028;627;76;2025-01-08
6481;13030;415;23;2025-06-04
6482;13031;742;28;2025-06-30
6483;13032;1635;27;2025-06-25
6484;13033;230;99;2025-02-12
6485;13035;1773;5;2025-02-22
6486;13037;1753;22;2025-06-21
6487;13038;942;1;2025-05-16
6488;13039;1603;17;2025-02-16
6489;13040;721;1;2025-01-15
6490;13041;1016;65;2025-01-29
6491;13043;1801;4;2025-04-18
6492;13044;1309;7;2025-02-18
6493;13046;1129;46;2025-01-30
6494;13048;1044;56;2025-03-14
6495;13049;1023;21;2025-06-05
6496;13052;1389;68;2025-06-18
6497;13053;1127;30;2025-02-26
6498;13055;792;30;2025-05-30
6499;13057;364;63;2025-02-08
6500;13058;1584;5;2025-01-23
6501;13061;873;30;2025-02-03
6502;13062;305;18;2025-05-07
6503;13066;757;99;2025-06-24
6504;13068;157;75;2025-05-23
6505;13069;980;2;2025-02-25
6506;13071;806;51;2025-02-05
6507;13073;476;40;2025-03-26
6508;13074;1727;39;2025-02-15
6509;13075;868;76;2025-01-16
6510;13078;520;79;2025-05-11
6511;13079;254;100;2025-02-17
6512;13081;1211;66;2025-02-22
6513;13082;595;97;2025-02-01
6514;13084;1994;69;2025-02-04
6515;13089;1163;29;2025-06-27
6516;13090;1478;85;2025-04-08
6517;13092;667;20;2025-06-27
6518;13093;1353;37;2025-05-06
6519;13094;1600;35;2025-01-23
6520;13099;717;73;2025-05-10
6521;13100;1895;62;2025-01-18
6522;13101;1413;18;2025-05-07
6523;13103;289;79;2025-02-11
6524;13109;382;30;2025-03-09
6525;13112;774;94;2025-01-02
6526;13113;1652;70;2025-05-20
6527;13114;646;55;2025-01-07
6528;13115;819;44;2025-03-13
6529;13116;467;88;2025-06-16
6530;13119;1610;88;2025-01-06
6531;13120;615;24;2025-05-06
6532;13121;1597;53;2025-05-02
6533;13122;534;63;2025-02-21
6534;13123;715;30;2025-05-31
6535;13127;1260;36;2025-06-08
6536;13129;233;77;2025-02-11
6537;13130;1562;6;2025-03-05
6538;13132;431;36;2025-03-21
6539;13133;1632;29;2025-06-13
6540;13134;159;8;2025-01-24
6541;13136;1752;38;2025-03-19
6542;13138;109;93;2025-04-18
6543;13139;587;1;2025-04-11
6544;13142;853;20;2025-01-03
6545;13145;1453;93;2025-04-11
6546;13147;1360;55;2025-05-27
6547;13150;505;25;2025-02-28
6548;13158;905;70;2025-04-04
6549;13161;532;39;2025-02-17
6550;13163;597;88;2025-05-06
6551;13164;693;90;2025-01-18
6552;13165;785;92;2025-01-11
6553;13169;1499;99;2025-03-13
6554;13170;250;72;2025-02-25
6555;13172;803;92;2025-01-04
6556;13178;1255;67;2025-06-20
6557;13179;765;85;2025-05-23
6558;13180;350;42;2025-01-17
6559;13182;1511;48;2025-06-03
6560;13183;366;72;2025-01-23
6561;13184;1668;72;2025-01-31
6562;13187;1194;76;2025-03-13
6563;13188;1032;15;2025-03-16
6564;13191;1671;17;2025-04-04
6565;13195;845;56;2025-02-09
6566;13196;12;81;2025-02-13
6567;13198;923;57;2025-01-11
6568;13201;620;28;2025-04-22
6569;13204;826;54;2025-06-09
6570;13205;609;85;2025-01-21
6571;13207;949;7;2025-06-04
6572;13209;790;90;2025-06-23
6573;13215;1630;81;2025-02-01
6574;13217;202;79;2025-01-17
6575;13218;1060;36;2025-02-05
6576;13221;1818;44;2025-03-18
6577;13223;1914;17;2025-02-02
6578;13225;357;85;2025-05-05
6579;13226;1708;22;2025-06-11
6580;13229;1920;33;2025-02-11
6581;13232;971;29;2025-01-09
6582;13233;637;19;2025-06-09
6583;13234;1882;68;2025-06-18
6584;13235;1300;87;2025-05-20
6585;13239;1796;8;2025-05-05
6586;13240;1768;100;2025-01-20
6587;13241;82;39;2025-06-18
6588;13244;494;70;2025-06-28
6589;13245;74;37;2025-01-19
6590;13247;1980;18;2025-03-15
6591;13248;1635;2;2025-02-06
6592;13249;706;94;2025-02-18
6593;13250;886;77;2025-03-17
6594;13251;1814;19;2025-04-22
6595;13252;1526;79;2025-06-01
6596;13253;1375;83;2025-06-01
6597;13254;365;17;2025-04-23
6598;13255;1542;30;2025-05-30
6599;13256;1129;59;2025-07-01
6600;13257;380;92;2025-05-23
6601;13261;393;8;2025-04-28
6602;13262;1125;37;2025-05-14
6603;13264;562;80;2025-06-16
6604;13265;1795;97;2025-04-02
6605;13267;474;5;2025-05-16
6606;13269;1186;3;2025-01-19
6607;13270;1681;5;2025-04-22
6608;13272;384;12;2025-06-17
6609;13273;392;12;2025-03-07
6610;13276;1751;61;2025-05-09
6611;13279;1882;84;2025-05-26
6612;13281;1254;53;2025-02-20
6613;13282;1603;70;2025-04-28
6614;13283;774;86;2025-04-18
6615;13285;1575;3;2025-03-03
6616;13287;1868;50;2025-04-02
6617;13289;1132;21;2025-04-04
6618;13290;570;50;2025-02-13
6619;13292;682;40;2025-01-28
6620;13293;402;81;2025-01-09
6621;13296;198;10;2025-04-16
6622;13298;1886;91;2025-01-08
6623;13299;1222;99;2025-05-09
6624;13300;633;16;2025-01-28
6625;13301;1378;16;2025-04-20
6626;13304;1931;7;2025-01-09
6627;13306;487;40;2025-02-07
6628;13314;904;75;2025-05-16
6629;13316;1486;31;2025-02-28
6630;13318;908;61;2025-02-07
6631;13320;1850;66;2025-04-24
6632;13322;867;60;2025-05-09
6633;13323;1826;100;2025-01-20
6634;13324;180;1;2025-06-07
6635;13325;1723;4;2025-03-05
6636;13327;1032;55;2025-02-13
6637;13329;1673;2;2025-03-28
6638;13331;1379;3;2025-01-07
6639;13332;482;20;2025-01-27
6640;13333;1044;45;2025-03-05
6641;13334;1444;72;2025-03-20
6642;13336;1388;57;2025-01-13
6643;13337;265;38;2025-05-09
6644;13338;314;98;2025-01-22
6645;13341;94;84;2025-05-13
6646;13344;1092;19;2025-06-15
6647;13345;1624;27;2025-02-17
6648;13347;1164;50;2025-05-27
6649;13348;980;80;2025-02-25
6650;13350;574;98;2025-06-14
6651;13352;437;7;2025-03-20
6652;13353;626;14;2025-01-27
6653;13354;89;77;2025-04-05
6654;13357;135;52;2025-06-11
6655;13358;599;86;2025-02-22
6656;13361;1170;85;2025-02-05
6657;13363;1403;31;2025-06-23
6658;13366;1346;24;2025-05-06
6659;13367;774;14;2025-05-14
6660;13368;1640;93;2025-05-26
6661;13370;1018;49;2025-04-29
6662;13371;1006;3;2025-05-04
6663;13376;1618;25;2025-06-07
6664;13381;569;51;2025-05-04
6665;13382;461;54;2025-03-14
6666;13383;740;79;2025-06-01
6667;13384;518;30;2025-03-31
6668;13389;1138;81;2025-05-10
6669;13390;1970;31;2025-06-19
6670;13391;825;41;2025-06-24
6671;13394;1795;5;2025-03-24
6672;13397;1572;84;2025-06-13
6673;13402;1196;53;2025-04-27
6674;13403;167;99;2025-03-23
6675;13404;516;63;2025-04-18
6676;13406;1736;65;2025-04-28
6677;13407;18;2;2025-01-16
6678;13412;1407;6;2025-04-03
6679;13414;1548;80;2025-06-23
6680;13415;655;73;2025-03-16
6681;13417;1555;40;2025-06-03
6682;13421;1320;60;2025-01-30
6683;13422;1562;96;2025-01-10
6684;13425;45;46;2025-03-21
6685;13426;1013;68;2025-02-01
6686;13430;1008;72;2025-06-29
6687;13431;32;46;2025-01-25
6688;13432;1931;1;2025-06-27
6689;13435;1069;86;2025-03-07
6690;13436;1948;70;2025-02-09
6691;13440;1425;51;2025-05-25
6692;13441;1124;9;2025-05-03
6693;13442;169;67;2025-01-06
6694;13443;241;58;2025-04-30
6695;13444;955;100;2025-03-03
6696;13446;949;100;2025-06-28
6697;13447;585;74;2025-03-01
6698;13450;1721;46;2025-06-20
6699;13452;1257;47;2025-06-18
6700;13453;1828;93;2025-06-04
6701;13457;208;34;2025-04-26
6702;13458;1279;74;2025-05-11
6703;13459;1912;95;2025-05-29
6704;13461;1724;79;2025-02-11
6705;13469;1412;92;2025-04-06
6706;13470;199;40;2025-02-02
6707;13471;341;40;2025-04-05
6708;13472;1218;24;2025-05-03
6709;13475;555;20;2025-02-11
6710;13476;726;75;2025-06-25
6711;13477;961;98;2025-01-10
6712;13478;1992;95;2025-02-25
6713;13481;253;7;2025-03-29
6714;13482;529;49;2025-06-15
6715;13484;1713;88;2025-06-13
6716;13485;282;59;2025-04-08
6717;13486;24;5;2025-01-27
6718;13487;508;94;2025-06-18
6719;13488;1195;60;2025-01-14
6720;13490;1785;11;2025-02-16
6721;13492;336;97;2025-04-23
6722;13494;1672;44;2025-05-26
6723;13495;544;67;2025-03-24
6724;13496;1588;42;2025-02-01
6725;13497;254;29;2025-01-30
6726;13498;1973;22;2025-06-23
6727;13500;1466;46;2025-03-22
6728;13501;554;85;2025-04-17
6729;13502;1623;48;2025-05-19
6730;13504;430;87;2025-03-23
6731;13506;1086;74;2025-06-15
6732;13509;1744;16;2025-05-30
6733;13512;400;32;2025-05-24
6734;13518;62;50;2025-01-08
6735;13520;94;45;2025-06-22
6736;13521;1042;62;2025-05-30
6737;13522;1406;92;2025-02-26
6738;13524;1868;69;2025-04-03
6739;13525;371;64;2025-07-02
6740;13527;1001;20;2025-03-08
6741;13528;585;37;2025-05-26
6742;13529;800;3;2025-05-31
6743;13531;875;42;2025-01-16
6744;13532;100;20;2025-01-04
6745;13534;1790;15;2025-02-04
6746;13535;800;21;2025-05-20
6747;13537;937;32;2025-04-06
6748;13538;1644;6;2025-05-09
6749;13540;1609;88;2025-04-02
6750;13542;1648;13;2025-01-07
6751;13543;1194;88;2025-02-06
6752;13545;50;8;2025-02-12
6753;13546;1761;5;2025-03-08
6754;13548;1236;64;2025-01-12
6755;13550;1175;65;2025-02-27
6756;13551;290;17;2025-05-02
6757;13556;255;42;2025-01-16
6758;13558;121;99;2025-06-26
6759;13559;1419;22;2025-03-18
6760;13561;1914;9;2025-03-09
6761;13562;1941;41;2025-02-09
6762;13563;942;11;2025-05-28
6763;13564;733;66;2025-06-27
6764;13565;1894;41;2025-04-20
6765;13567;1865;82;2025-05-28
6766;13568;849;52;2025-03-28
6767;13569;1898;6;2025-06-04
6768;13572;1794;10;2025-02-15
6769;13576;1494;77;2025-05-16
6770;13577;469;73;2025-02-07
6771;13578;1909;3;2025-01-09
6772;13579;331;36;2025-06-04
6773;13580;1977;93;2025-04-13
6774;13581;1767;56;2025-05-02
6775;13583;837;49;2025-01-09
6776;13584;1570;27;2025-01-13
6777;13588;774;10;2025-05-12
6778;13589;163;94;2025-01-06
6779;13592;1472;11;2025-02-13
6780;13596;1471;20;2025-04-26
6781;13597;1598;33;2025-05-07
6782;13598;987;51;2025-02-18
6783;13600;652;63;2025-02-25
6784;13601;1866;4;2025-06-15
6785;13605;857;41;2025-02-19
6786;13606;164;18;2025-02-02
6787;13607;85;38;2025-02-05
6788;13611;1284;73;2025-06-28
6789;13613;1365;36;2025-03-30
6790;13616;510;18;2025-01-07
6791;13618;1148;17;2025-05-26
6792;13623;430;58;2025-04-30
6793;13624;921;77;2025-01-27
6794;13625;267;86;2025-05-04
6795;13626;395;3;2025-01-22
6796;13627;1520;54;2025-05-15
6797;13628;697;19;2025-02-10
6798;13629;1402;66;2025-06-22
6799;13630;1869;21;2025-06-07
6800;13631;1309;33;2025-05-17
6801;13632;306;41;2025-05-21
6802;13637;1785;49;2025-02-01
6803;13639;712;20;2025-03-04
6804;13640;1222;53;2025-05-26
6805;13641;847;41;2025-02-03
6806;13643;1665;41;2025-06-08
6807;13644;1858;73;2025-05-15
6808;13646;236;23;2025-04-05
6809;13647;913;86;2025-01-09
6810;13648;405;79;2025-02-21
6811;13650;1103;3;2025-04-22
6812;13651;1769;49;2025-06-04
6813;13652;580;46;2025-05-01
6814;13653;689;33;2025-02-13
6815;13655;1940;73;2025-01-07
6816;13657;1281;63;2025-04-20
6817;13660;698;85;2025-03-30
6818;13662;694;34;2025-01-27
6819;13663;622;42;2025-01-13
6820;13665;361;96;2025-04-11
6821;13667;1387;84;2025-02-04
6822;13669;880;55;2025-01-28
6823;13670;1107;85;2025-03-15
6824;13673;1134;8;2025-06-19
6825;13674;664;79;2025-06-26
6826;13676;300;54;2025-05-05
6827;13678;1357;5;2025-03-17
6828;13679;1239;48;2025-05-28
6829;13681;872;41;2025-04-25
6830;13682;526;53;2025-04-24
6831;13683;1139;21;2025-06-24
6832;13684;1797;36;2025-05-26
6833;13686;645;4;2025-03-12
6834;13687;1271;42;2025-01-24
6835;13688;112;66;2025-06-17
6836;13689;1662;41;2025-04-29
6837;13693;1338;47;2025-04-28
6838;13695;444;40;2025-05-02
6839;13696;108;92;2025-02-12
6840;13697;571;96;2025-02-25
6841;13698;1800;15;2025-04-21
6842;13699;1517;25;2025-04-03
6843;13702;1918;14;2025-05-21
6844;13703;30;31;2025-04-23
6845;13704;6;98;2025-01-13
6846;13705;989;37;2025-02-21
6847;13707;1643;97;2025-04-25
6848;13708;765;28;2025-05-31
6849;13710;1849;38;2025-02-05
6850;13711;1551;62;2025-02-26
6851;13713;1952;56;2025-03-29
6852;13715;289;43;2025-04-10
6853;13719;1599;30;2025-04-28
6854;13720;1352;25;2025-05-29
6855;13723;1446;61;2025-02-16
6856;13725;41;58;2025-05-29
6857;13726;1106;47;2025-03-29
6858;13728;436;53;2025-06-19
6859;13729;1241;31;2025-06-30
6860;13731;415;17;2025-01-20
6861;13732;1682;4;2025-06-13
6862;13736;1500;86;2025-03-10
6863;13740;873;51;2025-01-07
6864;13742;204;94;2025-03-04
6865;13743;507;64;2025-01-10
6866;13744;105;43;2025-06-03
6867;13745;163;67;2025-03-21
6868;13747;794;78;2025-04-25
6869;13748;169;71;2025-03-03
6870;13749;1032;81;2025-04-22
6871;13751;1827;73;2025-05-06
6872;13752;1639;90;2025-01-02
6873;13753;1514;89;2025-03-09
6874;13754;1992;63;2025-05-10
6875;13757;1558;44;2025-05-09
6876;13758;630;43;2025-03-14
6877;13761;131;20;2025-01-28
6878;13763;1026;95;2025-02-16
6879;13764;857;94;2025-03-09
6880;13765;1406;45;2025-02-15
6881;13766;169;37;2025-02-04
6882;13771;30;77;2025-06-30
6883;13772;1684;69;2025-02-24
6884;13773;1764;69;2025-06-19
6885;13775;1472;13;2025-05-11
6886;13777;929;65;2025-01-20
6887;13779;1504;25;2025-06-17
6888;13780;1425;34;2025-04-10
6889;13782;856;93;2025-06-01
6890;13785;1405;14;2025-04-05
6891;13786;902;93;2025-05-07
6892;13787;1886;40;2025-04-13
6893;13789;1474;56;2025-04-10
6894;13790;821;28;2025-05-04
6895;13793;18;23;2025-06-22
6896;13794;1511;20;2025-06-16
6897;13795;287;24;2025-04-24
6898;13797;1898;29;2025-01-19
6899;13798;1006;84;2025-01-16
6900;13800;1101;28;2025-05-09
6901;13805;342;19;2025-04-21
6902;13806;158;56;2025-04-03
6903;13807;1418;33;2025-04-17
6904;13808;1824;11;2025-02-13
6905;13814;626;16;2025-04-23
6906;13815;415;28;2025-01-10
6907;13818;398;62;2025-05-21
6908;13819;1427;26;2025-05-27
6909;13821;1681;57;2025-01-21
6910;13824;725;69;2025-05-10
6911;13825;1090;52;2025-03-29
6912;13827;761;84;2025-06-29
6913;13830;704;60;2025-03-12
6914;13831;395;93;2025-06-07
6915;13833;932;76;2025-02-25
6916;13834;650;21;2025-04-28
6917;13835;1962;97;2025-05-21
6918;13837;1460;20;2025-06-19
6919;13838;495;89;2025-04-02
6920;13842;417;77;2025-05-28
6921;13843;728;92;2025-04-23
6922;13844;1361;79;2025-01-18
6923;13846;670;80;2025-01-12
6924;13847;1419;6;2025-06-03
6925;13849;1588;14;2025-02-03
6926;13850;541;39;2025-06-04
6927;13851;628;64;2025-04-20
6928;13854;1917;61;2025-03-15
6929;13856;1762;16;2025-02-01
6930;13859;1157;64;2025-01-13
6931;13861;1342;8;2025-01-22
6932;13862;1243;87;2025-06-23
6933;13864;1754;75;2025-01-04
6934;13866;931;7;2025-01-27
6935;13867;1875;75;2025-02-02
6936;13869;155;63;2025-01-13
6937;13871;1498;52;2025-02-14
6938;13873;855;35;2025-02-10
6939;13874;74;71;2025-04-13
6940;13878;1069;81;2025-03-16
6941;13879;387;18;2025-04-10
6942;13880;263;35;2025-03-05
6943;13883;482;46;2025-06-14
6944;13887;1378;14;2025-02-10
6945;13888;126;23;2025-03-15
6946;13890;1543;57;2025-01-13
6947;13892;30;23;2025-02-25
6948;13894;1056;60;2025-06-01
6949;13897;287;20;2025-03-12
6950;13902;483;51;2025-06-29
6951;13903;1413;68;2025-02-05
6952;13904;1550;96;2025-05-04
6953;13907;527;37;2025-04-13
6954;13909;909;96;2025-05-04
6955;13910;1940;90;2025-03-28
6956;13911;657;39;2025-05-23
6957;13912;1898;79;2025-03-15
6958;13915;877;3;2025-03-29
6959;13916;1826;11;2025-05-29
6960;13917;445;61;2025-02-02
6961;13918;1244;52;2025-02-15
6962;13920;1970;81;2025-03-31
6963;13921;121;71;2025-02-24
6964;13924;104;20;2025-02-11
6965;13925;968;81;2025-05-20
6966;13926;1992;22;2025-06-14
6967;13928;371;17;2025-04-26
6968;13929;970;81;2025-02-25
6969;13930;1444;91;2025-01-18
6970;13932;1772;13;2025-01-12
6971;13936;1228;79;2025-05-27
6972;13940;1618;37;2025-04-20
6973;13941;1926;92;2025-02-15
6974;13942;69;46;2025-06-17
6975;13943;1478;67;2025-06-05
6976;13944;182;48;2025-01-03
6977;13945;1469;72;2025-03-06
6978;13948;547;8;2025-03-07
6979;13949;431;10;2025-05-26
6980;13953;116;42;2025-06-12
6981;13954;308;78;2025-04-25
6982;13956;654;86;2025-04-30
6983;13957;1042;42;2025-06-10
6984;13959;655;24;2025-01-29
6985;13961;386;72;2025-04-07
6986;13962;447;67;2025-01-06
6987;13964;1843;44;2025-06-21
6988;13965;867;56;2025-06-14
6989;13967;1054;65;2025-06-16
6990;13970;825;95;2025-05-23
6991;13972;340;19;2025-06-19
6992;13974;57;66;2025-03-16
6993;13976;444;59;2025-02-19
6994;13978;725;4;2025-05-18
6995;13979;584;49;2025-03-28
6996;13980;608;64;2025-02-23
6997;13983;643;15;2025-05-14
6998;13986;792;44;2025-06-30
6999;13987;1674;47;2025-04-03
7000;13989;671;22;2025-01-06
7001;13990;86;12;2025-06-30
7002;13992;315;22;2025-05-28
7003;13995;287;72;2025-01-05
7004;13996;1155;11;2025-02-19
7005;13998;190;18;2025-03-28
7006;14002;993;55;2025-04-16
7007;14003;93;72;2025-01-18
7008;14008;452;57;2025-02-10
7009;14011;1270;60;2025-04-03
7010;14014;313;43;2025-06-05
7011;14016;179;88;2025-05-26
7012;14018;534;30;2025-04-30
7013;14028;320;33;2025-03-20
7014;14029;818;49;2025-04-13
7015;14031;1409;40;2025-02-28
7016;14032;884;10;2025-06-26
7017;14033;1982;75;2025-06-12
7018;14034;634;16;2025-05-13
7019;14038;1187;38;2025-03-28
7020;14039;1613;8;2025-02-14
7021;14041;773;95;2025-05-25
7022;14042;1538;43;2025-02-24
7023;14043;1654;2;2025-03-27
7024;14044;918;59;2025-05-07
7025;14045;502;82;2025-04-17
7026;14047;1458;45;2025-05-03
7027;14048;1969;97;2025-06-26
7028;14050;395;44;2025-03-08
7029;14051;1307;33;2025-04-23
7030;14053;95;41;2025-01-27
7031;14054;1920;8;2025-06-03
7032;14055;1493;2;2025-01-25
7033;14057;1782;50;2025-04-13
7034;14058;346;91;2025-05-23
7035;14059;791;86;2025-06-29
7036;14063;1832;86;2025-01-07
7037;14064;1545;17;2025-06-24
7038;14065;1916;85;2025-04-03
7039;14067;1274;89;2025-04-17
7040;14068;1639;31;2025-03-02
7041;14070;97;60;2025-05-20
7042;14071;467;79;2025-01-27
7043;14073;57;30;2025-04-14
7044;14074;1187;83;2025-03-12
7045;14075;961;80;2025-05-31
7046;14076;140;78;2025-06-15
7047;14077;1706;62;2025-05-08
7048;14078;1978;12;2025-06-05
7049;14081;1653;14;2025-01-24
7050;14082;1590;99;2025-02-10
7051;14083;1906;23;2025-01-21
7052;14084;790;67;2025-01-25
7053;14087;314;56;2025-05-31
7054;14088;204;49;2025-02-08
7055;14090;497;68;2025-06-13
7056;14092;137;23;2025-01-02
7057;14094;163;81;2025-05-07
7058;14098;384;8;2025-01-31
7059;14099;375;74;2025-04-02
7060;14100;1238;99;2025-03-04
7061;14101;201;1;2025-05-06
7062;14102;1302;63;2025-04-14
7063;14103;1852;27;2025-06-30
7064;14104;1412;59;2025-01-03
7065;14105;1432;31;2025-06-27
7066;14107;1540;58;2025-05-01
7067;14108;771;72;2025-02-24
7068;14109;1682;24;2025-03-17
7069;14110;1741;34;2025-05-16
7070;14111;489;29;2025-02-27
7071;14112;1606;11;2025-05-05
7072;14117;2000;9;2025-06-26
7073;14118;1132;53;2025-01-04
7074;14119;274;90;2025-02-06
7075;14121;1729;39;2025-01-14
7076;14122;96;13;2025-03-03
7077;14123;1346;75;2025-01-04
7078;14127;344;7;2025-04-09
7079;14130;365;48;2025-06-28
7080;14132;285;45;2025-02-18
7081;14133;1457;73;2025-04-10
7082;14134;329;58;2025-02-09
7083;14135;1343;22;2025-02-11
7084;14136;181;16;2025-01-30
7085;14137;203;54;2025-04-30
7086;14143;914;60;2025-01-30
7087;14144;232;12;2025-05-01
7088;14145;1628;17;2025-04-18
7089;14147;15;20;2025-03-25
7090;14148;197;52;2025-02-18
7091;14149;1039;86;2025-03-09
7092;14151;907;64;2025-01-06
7093;14157;1937;64;2025-04-03
7094;14159;1246;10;2025-03-13
7095;14160;1597;27;2025-01-18
7096;14161;1362;95;2025-01-10
7097;14162;917;77;2025-03-24
7098;14166;1903;64;2025-04-27
7099;14168;1033;59;2025-04-24
7100;14171;1342;84;2025-01-07
7101;14174;696;29;2025-03-03
7102;14175;660;96;2025-01-04
7103;14177;905;63;2025-04-27
7104;14178;1314;7;2025-04-24
7105;14180;384;8;2025-01-08
7106;14183;222;34;2025-02-11
7107;14185;57;69;2025-02-22
7108;14187;64;10;2025-06-08
7109;14189;61;85;2025-03-20
7110;14191;132;42;2025-06-24
7111;14196;721;15;2025-05-26
7112;14198;831;51;2025-06-11
7113;14201;918;90;2025-01-07
7114;14203;1403;1;2025-03-05
7115;14204;1111;6;2025-02-02
7116;14205;1183;30;2025-02-03
7117;14209;900;15;2025-01-21
7118;14211;549;79;2025-04-13
7119;14212;1512;65;2025-01-27
7120;14213;992;39;2025-05-28
7121;14215;865;74;2025-03-26
7122;14216;154;49;2025-04-30
7123;14218;1812;37;2025-06-20
7124;14221;626;54;2025-05-11
7125;14224;1766;3;2025-02-10
7126;14229;1138;12;2025-03-02
7127;14231;358;10;2025-02-14
7128;14232;1269;24;2025-02-20
7129;14233;441;13;2025-06-30
7130;14238;1364;21;2025-02-20
7131;14239;1463;79;2025-05-17
7132;14240;632;92;2025-03-16
7133;14242;278;55;2025-03-05
7134;14245;711;77;2025-03-05
7135;14246;1235;13;2025-05-23
7136;14247;1502;22;2025-04-18
7137;14250;510;96;2025-02-27
7138;14251;1701;61;2025-03-23
7139;14252;1833;33;2025-04-10
7140;14253;1292;37;2025-01-17
7141;14255;869;89;2025-03-04
7142;14257;537;85;2025-01-25
7143;14258;767;91;2025-06-27
7144;14264;400;47;2025-04-28
7145;14265;66;62;2025-03-14
7146;14266;546;91;2025-04-04
7147;14268;1932;15;2025-02-22
7148;14269;555;50;2025-02-08
7149;14271;957;34;2025-03-09
7150;14272;1822;26;2025-03-09
7151;14273;601;95;2025-03-28
7152;14275;1568;72;2025-06-11
7153;14276;1136;2;2025-03-18
7154;14277;368;22;2025-04-07
7155;14281;252;35;2025-03-12
7156;14282;1541;55;2025-06-14
7157;14283;1251;84;2025-03-06
7158;14284;1353;74;2025-03-16
7159;14287;356;79;2025-04-24
7160;14288;1492;51;2025-03-25
7161;14290;1082;53;2025-04-07
7162;14291;1567;60;2025-01-31
7163;14292;738;74;2025-01-01
7164;14295;755;18;2025-05-18
7165;14298;1879;85;2025-01-13
7166;14300;352;38;2025-03-26
7167;14301;1516;6;2025-01-21
7168;14302;53;83;2025-01-24
7169;14305;1096;70;2025-02-13
7170;14306;632;63;2025-01-15
7171;14308;1295;7;2025-01-04
7172;14309;872;43;2025-06-02
7173;14313;1871;7;2025-06-05
7174;14319;172;18;2025-05-31
7175;14320;19;15;2025-01-29
7176;14326;1143;63;2025-05-21
7177;14335;1239;47;2025-05-11
7178;14336;1793;86;2025-02-11
7179;14338;139;100;2025-01-24
7180;14339;570;47;2025-02-06
7181;14343;506;41;2025-04-21
7182;14344;139;4;2025-05-29
7183;14345;755;48;2025-05-14
7184;14346;1444;47;2025-06-03
7185;14347;1452;48;2025-03-12
7186;14348;936;87;2025-06-20
7187;14350;1834;5;2025-07-01
7188;14351;1567;1;2025-05-11
7189;14352;350;67;2025-03-01
7190;14355;961;67;2025-06-16
7191;14358;961;93;2025-06-10
7192;14362;649;8;2025-03-15
7193;14366;1792;30;2025-05-16
7194;14367;729;19;2025-06-11
7195;14368;840;18;2025-06-12
7196;14370;1468;46;2025-06-09
7197;14371;859;80;2025-04-04
7198;14375;179;79;2025-01-25
7199;14377;798;35;2025-06-19
7200;14378;281;71;2025-03-21
7201;14383;1028;67;2025-06-06
7202;14385;831;91;2025-03-04
7203;14386;689;66;2025-03-13
7204;14387;1313;3;2025-05-01
7205;14392;940;38;2025-05-06
7206;14394;1664;51;2025-02-10
7207;14395;677;83;2025-02-15
7208;14397;1699;20;2025-04-18
7209;14398;938;57;2025-06-13
7210;14399;106;28;2025-06-18
7211;14400;1008;2;2025-02-13
7212;14402;1207;37;2025-06-11
7213;14404;1559;35;2025-03-25
7214;14405;1797;69;2025-02-25
7215;14406;1611;98;2025-04-13
7216;14408;1789;55;2025-05-27
7217;14411;1059;11;2025-03-11
7218;14413;121;66;2025-03-10
7219;14417;1156;74;2025-05-02
7220;14418;1821;11;2025-02-27
7221;14419;1715;32;2025-03-31
7222;14420;142;71;2025-06-24
7223;14423;330;2;2025-03-16
7224;14426;45;46;2025-01-16
7225;14427;1047;43;2025-02-08
7226;14429;419;77;2025-04-16
7227;14430;157;99;2025-05-17
7228;14432;1016;53;2025-04-25
7229;14433;295;54;2025-02-17
7230;14435;1236;18;2025-06-18
7231;14442;1670;7;2025-03-17
7232;14445;860;50;2025-01-16
7233;14449;1865;30;2025-05-21
7234;14451;1861;21;2025-01-09
7235;14453;995;46;2025-05-10
7236;14454;1925;26;2025-05-01
7237;14455;932;34;2025-04-18
7238;14456;701;56;2025-04-09
7239;14458;612;18;2025-06-09
7240;14459;1814;40;2025-02-23
7241;14461;1257;51;2025-06-28
7242;14463;1581;41;2025-01-30
7243;14466;1176;30;2025-04-08
7244;14468;1101;89;2025-02-06
7245;14470;1337;55;2025-02-24
7246;14479;1295;45;2025-03-18
7247;14480;627;4;2025-05-05
7248;14481;895;81;2025-01-28
7249;14484;1354;97;2025-04-28
7250;14485;1428;44;2025-04-29
7251;14489;1690;47;2025-02-15
7252;14492;1517;92;2025-05-12
7253;14493;1270;30;2025-04-29
7254;14494;947;35;2025-02-11
7255;14497;1570;91;2025-06-04
7256;14498;1831;22;2025-06-03
7257;14501;1950;94;2025-04-10
7258;14502;1390;68;2025-06-10
7259;14503;1193;81;2025-07-01
7260;14504;1435;59;2025-03-14
7261;14508;488;91;2025-01-04
7262;14512;770;67;2025-05-20
7263;14513;749;99;2025-03-09
7264;14516;1561;2;2025-06-03
7265;14517;1408;54;2025-01-13
7266;14521;1004;40;2025-06-15
7267;14522;1952;22;2025-01-14
7268;14523;1522;35;2025-05-10
7269;14524;1429;72;2025-01-15
7270;14526;158;66;2025-05-04
7271;14527;1844;47;2025-06-12
7272;14529;1436;94;2025-01-13
7273;14530;1379;83;2025-01-30
7274;14531;848;57;2025-02-26
7275;14534;1266;56;2025-06-27
7276;14537;986;22;2025-02-15
7277;14539;1327;53;2025-05-10
7278;14541;1558;24;2025-04-14
7279;14543;1886;86;2025-04-01
7280;14545;1859;13;2025-05-15
7281;14546;1916;86;2025-01-20
7282;14548;225;64;2025-04-05
7283;14549;1712;80;2025-06-23
7284;14551;850;34;2025-05-31
7285;14553;1159;20;2025-04-18
7286;14556;29;52;2025-05-28
7287;14557;1808;96;2025-03-24
7288;14558;245;47;2025-02-01
7289;14560;425;2;2025-03-29
7290;14563;1907;78;2025-05-12
7291;14564;305;32;2025-04-14
7292;14565;1244;26;2025-01-18
7293;14568;1453;83;2025-05-27
7294;14573;1544;53;2025-06-10
7295;14577;712;24;2025-05-08
7296;14578;1285;100;2025-03-10
7297;14580;1169;3;2025-02-18
7298;14581;1561;74;2025-05-25
7299;14583;513;11;2025-03-03
7300;14584;9;32;2025-02-04
7301;14585;989;97;2025-04-14
7302;14587;1000;4;2025-02-22
7303;14590;1766;20;2025-03-05
7304;14591;956;3;2025-05-15
7305;14593;1664;16;2025-01-04
7306;14594;861;53;2025-02-15
7307;14596;387;34;2025-04-17
7308;14601;1570;75;2025-05-16
7309;14602;634;90;2025-01-01
7310;14605;1752;66;2025-05-01
7311;14607;1541;58;2025-03-21
7312;14610;1772;49;2025-02-22
7313;14612;1400;61;2025-03-29
7314;14614;238;69;2025-05-13
7315;14616;1978;60;2025-05-20
7316;14617;7;28;2025-06-23
7317;14623;193;84;2025-05-11
7318;14624;1561;25;2025-04-30
7319;14629;1334;93;2025-03-20
7320;14631;151;97;2025-02-12
7321;14634;21;94;2025-02-23
7322;14636;101;35;2025-06-21
7323;14639;740;70;2025-03-30
7324;14641;1521;33;2025-06-19
7325;14648;1666;77;2025-01-14
7326;14649;757;65;2025-05-10
7327;14651;935;62;2025-02-02
7328;14653;311;92;2025-06-09
7329;14654;599;51;2025-06-04
7330;14658;1843;90;2025-01-04
7331;14660;248;40;2025-06-01
7332;14661;957;44;2025-05-08
7333;14662;848;81;2025-05-28
7334;14664;1487;29;2025-04-17
7335;14666;848;40;2025-02-06
7336;14667;1041;40;2025-02-04
7337;14668;1441;84;2025-01-30
7338;14669;1720;46;2025-06-19
7339;14670;672;92;2025-05-25
7340;14671;1365;2;2025-02-03
7341;14674;1595;85;2025-02-19
7342;14678;1479;40;2025-05-20
7343;14681;1592;96;2025-06-01
7344;14682;1743;82;2025-06-30
7345;14683;753;29;2025-03-31
7346;14684;1476;75;2025-04-25
7347;14686;1938;38;2025-05-27
7348;14687;1428;41;2025-06-02
7349;14688;1550;71;2025-04-09
7350;14689;1653;54;2025-02-01
7351;14690;1187;93;2025-01-24
7352;14693;1151;64;2025-06-21
7353;14694;471;48;2025-01-09
7354;14695;1445;11;2025-05-08
7355;14696;1096;18;2025-04-24
7356;14699;1898;59;2025-05-22
7357;14700;1925;16;2025-01-28
7358;14701;1933;17;2025-02-12
7359;14703;875;57;2025-05-04
7360;14704;878;47;2025-04-26
7361;14707;605;30;2025-05-09
7362;14712;831;12;2025-05-06
7363;14713;1650;46;2025-02-19
7364;14714;1207;18;2025-05-08
7365;14718;156;74;2025-03-08
7366;14719;1487;61;2025-01-04
7367;14724;1060;78;2025-04-20
7368;14726;1741;17;2025-03-27
7369;14727;435;13;2025-02-04
7370;14728;1982;100;2025-02-16
7371;14730;648;3;2025-05-08
7372;14731;1593;27;2025-01-15
7373;14733;672;86;2025-01-15
7374;14736;251;82;2025-06-05
7375;14737;1613;34;2025-01-05
7376;14738;84;28;2025-01-20
7377;14739;1877;24;2025-06-21
7378;14741;430;53;2025-05-12
7379;14742;1922;70;2025-03-08
7380;14743;804;74;2025-03-02
7381;14744;1292;20;2025-05-10
7382;14746;1543;98;2025-03-02
7383;14747;1680;1;2025-06-14
7384;14748;1986;91;2025-05-22
7385;14749;1238;41;2025-01-27
7386;14750;432;95;2025-05-29
7387;14751;1088;47;2025-05-29
7388;14753;1073;62;2025-02-08
7389;14757;519;62;2025-04-04
7390;14761;1232;52;2025-01-06
7391;14762;1184;33;2025-02-12
7392;14764;130;97;2025-03-24
7393;14767;1493;41;2025-02-06
7394;14768;506;64;2025-05-21
7395;14769;1454;33;2025-06-25
7396;14770;858;68;2025-04-11
7397;14771;1747;89;2025-01-11
7398;14774;1921;44;2025-01-19
7399;14776;35;3;2025-05-27
7400;14777;1254;37;2025-05-21
7401;14778;447;69;2025-04-29
7402;14782;403;54;2025-03-05
7403;14784;419;93;2025-06-26
7404;14786;18;92;2025-04-11
7405;14787;1541;47;2025-03-04
7406;14788;1045;84;2025-01-04
7407;14789;967;25;2025-04-01
7408;14790;1912;20;2025-05-25
7409;14791;164;85;2025-03-25
7410;14795;850;8;2025-03-31
7411;14797;1725;68;2025-05-07
7412;14798;147;71;2025-02-04
7413;14800;1243;91;2025-01-10
7414;14802;1888;39;2025-05-16
7415;14804;1647;54;2025-03-11
7416;14805;69;21;2025-05-10
7417;14808;856;88;2025-04-09
7418;14809;897;67;2025-05-18
7419;14812;1556;4;2025-05-02
7420;14813;1357;38;2025-04-09
7421;14820;469;25;2025-04-03
7422;14821;1568;41;2025-04-01
7423;14822;909;41;2025-03-18
7424;14824;300;68;2025-02-05
7425;14825;1476;23;2025-06-18
7426;14826;1728;60;2025-05-27
7427;14827;1981;9;2025-01-31
7428;14828;1672;39;2025-04-05
7429;14829;1943;25;2025-01-29
7430;14830;1678;85;2025-03-23
7431;14832;1830;47;2025-03-03
7432;14833;1113;9;2025-01-20
7433;14834;655;26;2025-04-22
7434;14836;76;56;2025-01-16
7435;14837;1354;60;2025-05-18
7436;14838;19;36;2025-05-22
7437;14842;1439;39;2025-02-17
7438;14844;1043;1;2025-01-15
7439;14852;158;3;2025-03-30
7440;14853;1480;91;2025-05-18
7441;14854;1923;16;2025-04-15
7442;14856;16;54;2025-02-13
7443;14858;1514;21;2025-05-01
7444;14859;182;47;2025-01-29
7445;14860;1363;71;2025-06-23
7446;14861;799;16;2025-06-28
7447;14862;1048;75;2025-05-31
7448;14865;1952;14;2025-06-11
7449;14866;962;32;2025-02-25
7450;14868;1335;14;2025-05-03
7451;14870;380;30;2025-05-17
7452;14874;1949;28;2025-01-26
7453;14875;1581;87;2025-06-29
7454;14876;457;61;2025-05-11
7455;14879;1404;77;2025-03-07
7456;14880;1777;34;2025-05-10
7457;14881;739;48;2025-03-31
7458;14885;1839;6;2025-03-03
7459;14886;176;52;2025-01-03
7460;14888;824;27;2025-01-10
7461;14891;391;24;2025-06-20
7462;14892;621;63;2025-01-05
7463;14895;738;83;2025-01-26
7464;14896;874;42;2025-05-30
7465;14899;303;22;2025-01-16
7466;14900;1075;5;2025-02-14
7467;14902;1858;100;2025-03-23
7468;14906;1393;60;2025-05-18
7469;14907;359;54;2025-01-06
7470;14908;1181;37;2025-04-03
7471;14909;1115;37;2025-02-16
7472;14911;1311;76;2025-04-13
7473;14913;429;46;2025-04-13
7474;14915;1745;10;2025-03-19
7475;14919;1576;40;2025-03-04
7476;14922;1247;68;2025-05-12
7477;14923;1691;26;2025-06-21
7478;14924;1024;56;2025-05-29
7479;14926;1653;61;2025-03-08
7480;14927;1748;70;2025-06-26
7481;14928;71;77;2025-01-26
7482;14929;126;6;2025-04-11
7483;14930;844;4;2025-04-07
7484;14931;884;48;2025-02-07
7485;14934;149;5;2025-01-02
7486;14935;1093;33;2025-04-27
7487;14936;1261;3;2025-02-09
7488;14937;334;43;2025-04-03
7489;14939;4;57;2025-03-21
7490;14949;1699;70;2025-01-28
7491;14950;1862;70;2025-02-05
7492;14954;1115;81;2025-03-25
7493;14955;964;79;2025-02-07
7494;14958;1867;100;2025-02-10
7495;14959;1837;76;2025-05-16
7496;14962;944;69;2025-01-18
7497;14963;1316;68;2025-06-26
7498;14964;951;36;2025-06-08
7499;14967;1350;84;2025-04-01
7500;14968;1309;69;2025-04-20
7501;14969;889;2;2025-01-25
7502;14970;518;5;2025-03-30
7503;14972;408;84;2025-05-09
7504;14974;933;13;2025-03-25
7505;14976;350;88;2025-05-23
7506;14977;1424;3;2025-03-16
7507;14978;1544;85;2025-02-16
7508;14979;321;65;2025-02-16
7509;14980;1040;25;2025-01-20
7510;14984;1731;18;2025-04-13
7511;14986;1992;58;2025-04-18
7512;14987;1244;22;2025-02-12
7513;14993;489;88;2025-03-06
7514;14995;94;51;2025-05-07
7515;14998;1150;9;2025-05-12
7516;15000;97;42;2025-05-04
7517;15001;1316;10;2025-04-02
7518;15002;527;89;2025-06-02
7519;15004;317;69;2025-04-03
7520;15005;1511;81;2025-01-06
7521;15006;392;89;2025-01-07
7522;15009;1140;50;2025-06-18
7523;15010;504;24;2025-06-02
7524;15014;1920;36;2025-05-07
7525;15018;1867;78;2025-04-30
7526;15019;1000;76;2025-01-27
7527;15020;122;16;2025-01-14
7528;15021;990;25;2025-03-16
7529;15023;1415;74;2025-05-26
7530;15024;220;61;2025-05-02
7531;15026;1750;56;2025-01-09
7532;15029;1823;95;2025-06-28
7533;15035;277;87;2025-04-12
7534;15039;1144;57;2025-05-22
7535;15040;4;70;2025-04-22
7536;15041;1059;31;2025-02-25
7537;15044;1390;67;2025-06-10
7538;15045;578;97;2025-03-22
7539;15047;1585;64;2025-01-30
7540;15048;824;12;2025-02-07
7541;15049;811;66;2025-03-26
7542;15050;990;69;2025-04-07
7543;15052;1149;24;2025-05-24
7544;15054;1365;21;2025-04-20
7545;15060;999;13;2025-03-11
7546;15061;321;60;2025-05-12
7547;15063;24;37;2025-06-09
7548;15064;1563;12;2025-03-03
7549;15065;1228;90;2025-02-05
7550;15068;386;90;2025-06-04
7551;15069;1651;28;2025-05-02
7552;15071;1444;60;2025-01-26
7553;15075;674;4;2025-05-08
7554;15079;1180;95;2025-04-28
7555;15082;1762;81;2025-05-29
7556;15083;982;98;2025-03-01
7557;15084;1249;32;2025-01-26
7558;15085;1598;6;2025-06-20
7559;15086;411;48;2025-01-06
7560;15087;703;28;2025-02-23
7561;15089;1852;62;2025-01-27
7562;15090;1890;45;2025-05-14
7563;15092;1660;79;2025-07-01
7564;15093;1382;57;2025-03-23
7565;15094;880;53;2025-06-13
7566;15097;1839;67;2025-06-20
7567;15100;1388;2;2025-05-28
7568;15101;1205;38;2025-04-10
7569;15104;507;83;2025-01-20
7570;15106;1102;20;2025-04-25
7571;15108;1911;50;2025-02-07
7572;15110;1422;57;2025-05-23
7573;15111;1704;53;2025-05-23
7574;15113;1721;68;2025-02-14
7575;15115;1278;73;2025-05-13
7576;15116;752;82;2025-03-09
7577;15117;1183;45;2025-01-17
7578;15118;1280;2;2025-01-07
7579;15121;1148;3;2025-04-05
7580;15122;396;22;2025-03-02
7581;15123;127;7;2025-02-24
7582;15128;1010;81;2025-04-23
7583;15132;10;22;2025-03-11
7584;15134;841;14;2025-02-08
7585;15137;1985;78;2025-04-26
7586;15140;1074;48;2025-02-17
7587;15143;316;13;2025-02-24
7588;15144;1521;8;2025-03-08
7589;15146;1686;87;2025-02-09
7590;15147;1836;83;2025-02-01
7591;15148;1633;52;2025-05-05
7592;15151;913;40;2025-05-12
7593;15152;1846;3;2025-05-25
7594;15153;1439;86;2025-06-22
7595;15154;992;18;2025-01-17
7596;15160;1652;30;2025-04-30
7597;15161;247;4;2025-03-24
7598;15162;400;73;2025-01-02
7599;15163;1573;54;2025-05-03
7600;15165;42;96;2025-01-16
7601;15166;1973;80;2025-04-01
7602;15167;773;54;2025-01-12
7603;15169;1844;15;2025-04-17
7604;15173;227;68;2025-04-27
7605;15174;1179;4;2025-01-28
7606;15175;900;50;2025-02-25
7607;15178;1427;75;2025-02-12
7608;15184;1911;18;2025-04-25
7609;15185;71;93;2025-03-31
7610;15187;812;69;2025-05-30
7611;15189;633;15;2025-03-11
7612;15191;688;66;2025-01-16
7613;15193;1653;54;2025-05-14
7614;15196;44;4;2025-06-28
7615;15197;1860;53;2025-03-23
7616;15198;1455;74;2025-01-11
7617;15201;528;83;2025-06-29
7618;15204;1624;51;2025-04-21
7619;15207;1344;77;2025-03-25
7620;15208;480;68;2025-03-14
7621;15210;1767;90;2025-05-27
7622;15211;569;92;2025-03-28
7623;15213;1527;65;2025-01-21
7624;15216;1822;17;2025-03-05
7625;15217;1999;64;2025-01-11
7626;15218;1953;23;2025-04-28
7627;15220;458;54;2025-04-25
7628;15222;1148;95;2025-03-19
7629;15225;646;3;2025-01-10
7630;15226;903;72;2025-04-02
7631;15227;1364;68;2025-05-09
7632;15229;1276;66;2025-01-12
7633;15230;1152;17;2025-05-17
7634;15231;1010;38;2025-03-18
7635;15233;704;46;2025-05-31
7636;15235;889;66;2025-03-23
7637;15236;1150;89;2025-06-04
7638;15239;72;78;2025-06-16
7639;15240;384;57;2025-06-20
7640;15241;709;65;2025-04-05
7641;15242;179;100;2025-06-01
7642;15245;1774;72;2025-02-22
7643;15247;1205;47;2025-02-25
7644;15249;1644;54;2025-03-10
7645;15252;136;53;2025-05-07
7646;15253;867;62;2025-01-30
7647;15258;1648;19;2025-03-29
7648;15259;509;40;2025-02-06
7649;15264;1194;94;2025-01-20
7650;15266;559;22;2025-05-25
7651;15270;1832;73;2025-05-14
7652;15271;226;57;2025-06-05
7653;15272;512;38;2025-01-04
7654;15274;1055;16;2025-06-03
7655;15275;1246;9;2025-03-27
7656;15276;1747;52;2025-01-13
7657;15277;1120;23;2025-03-12
7658;15279;579;63;2025-03-30
7659;15281;1424;44;2025-03-28
7660;15282;772;47;2025-03-31
7661;15284;885;35;2025-06-01
7662;15288;850;21;2025-03-19
7663;15291;1869;83;2025-04-22
7664;15293;1589;42;2025-02-08
7665;15297;1592;70;2025-01-14
7666;15301;154;14;2025-04-12
7667;15302;10;37;2025-02-08
7668;15303;1;11;2025-03-01
7669;15305;757;60;2025-06-27
7670;15306;725;53;2025-02-01
7671;15309;1294;100;2025-02-25
7672;15312;621;87;2025-05-09
7673;15316;1083;32;2025-02-08
7674;15320;967;61;2025-03-12
7675;15324;203;7;2025-06-22
7676;15325;1775;9;2025-04-06
7677;15328;813;97;2025-05-11
7678;15329;1528;2;2025-06-27
7679;15333;450;97;2025-03-12
7680;15334;1298;36;2025-02-08
7681;15335;1384;42;2025-05-14
7682;15336;1087;70;2025-05-27
7683;15340;764;4;2025-06-08
7684;15341;402;51;2025-04-07
7685;15343;1660;91;2025-04-29
7686;15344;893;61;2025-02-05
7687;15345;492;61;2025-05-18
7688;15346;484;85;2025-02-14
7689;15349;1091;9;2025-06-06
7690;15353;1682;6;2025-02-12
7691;15357;1994;57;2025-04-19
7692;15358;267;83;2025-03-18
7693;15359;744;100;2025-02-05
7694;15363;1592;5;2025-06-22
7695;15364;438;5;2025-01-25
7696;15366;506;84;2025-01-19
7697;15367;63;1;2025-02-19
7698;15368;1946;8;2025-06-29
7699;15369;254;78;2025-04-21
7700;15378;4;20;2025-03-01
7701;15381;356;36;2025-01-06
7702;15382;1623;44;2025-06-14
7703;15384;1458;5;2025-06-10
7704;15385;1543;88;2025-06-15
7705;15389;1928;2;2025-02-03
7706;15390;275;30;2025-02-04
7707;15392;924;17;2025-04-27
7708;15393;935;53;2025-04-04
7709;15396;1648;28;2025-05-15
7710;15397;1797;16;2025-02-19
7711;15400;72;61;2025-04-07
7712;15401;389;44;2025-03-01
7713;15403;1002;40;2025-05-10
7714;15406;585;15;2025-03-27
7715;15414;698;83;2025-02-03
7716;15415;1322;97;2025-02-10
7717;15417;835;94;2025-04-18
7718;15418;1460;42;2025-06-02
7719;15420;1529;82;2025-06-16
7720;15424;1613;15;2025-02-26
7721;15425;1470;4;2025-01-21
7722;15427;667;59;2025-03-16
7723;15428;1598;87;2025-05-30
7724;15430;1459;25;2025-03-29
7725;15431;1533;43;2025-02-16
7726;15433;106;22;2025-06-10
7727;15436;866;98;2025-04-15
7728;15439;1810;5;2025-03-16
7729;15440;1569;13;2025-06-10
7730;15441;1798;79;2025-06-25
7731;15445;42;22;2025-05-22
7732;15447;1616;18;2025-01-26
7733;15448;1521;2;2025-02-17
7734;15449;1034;4;2025-06-22
7735;15450;853;80;2025-01-17
7736;15452;176;85;2025-05-07
7737;15454;221;2;2025-06-01
7738;15456;1433;78;2025-04-24
7739;15466;716;2;2025-06-10
7740;15467;610;90;2025-02-22
7741;15468;1748;62;2025-03-30
7742;15470;1201;70;2025-02-11
7743;15471;1522;72;2025-01-19
7744;15473;422;76;2025-03-25
7745;15475;765;50;2025-06-24
7746;15478;795;29;2025-05-18
7747;15479;1750;76;2025-03-26
7748;15481;143;44;2025-03-19
7749;15482;1452;25;2025-04-25
7750;15484;3;31;2025-05-05
7751;15486;62;16;2025-01-23
7752;15487;1926;65;2025-06-04
7753;15490;1238;40;2025-06-21
7754;15492;1626;64;2025-04-30
7755;15493;246;21;2025-03-17
7756;15494;1573;67;2025-04-06
7757;15495;799;6;2025-05-10
7758;15498;1551;46;2025-04-10
7759;15500;1465;56;2025-04-05
7760;15504;972;81;2025-01-26
7761;15505;1529;87;2025-06-19
7762;15506;1023;65;2025-05-15
7763;15507;1411;50;2025-06-17
7764;15509;1723;43;2025-03-12
7765;15511;1977;83;2025-02-18
7766;15513;534;82;2025-06-29
7767;15515;1345;68;2025-06-23
7768;15516;1909;69;2025-01-29
7769;15519;808;89;2025-03-08
7770;15520;457;13;2025-01-10
7771;15521;1195;38;2025-01-18
7772;15527;735;5;2025-04-10
7773;15529;1046;7;2025-06-15
7774;15530;114;18;2025-05-11
7775;15531;222;13;2025-02-23
7776;15534;1374;36;2025-06-06
7777;15535;852;71;2025-02-11
7778;15540;739;97;2025-05-13
7779;15542;972;19;2025-02-18
7780;15548;102;65;2025-05-27
7781;15549;507;52;2025-06-30
7782;15550;1691;95;2025-02-24
7783;15552;1172;11;2025-05-03
7784;15554;41;72;2025-01-18
7785;15556;1730;63;2025-03-17
7786;15557;156;70;2025-05-08
7787;15558;988;56;2025-06-29
7788;15559;278;69;2025-01-20
7789;15561;1435;33;2025-01-19
7790;15562;1480;37;2025-04-03
7791;15563;1632;58;2025-01-22
7792;15564;969;18;2025-06-20
7793;15565;1858;23;2025-03-29
7794;15568;755;21;2025-02-04
7795;15569;1415;43;2025-03-26
7796;15571;53;28;2025-02-19
7797;15573;1121;34;2025-06-07
7798;15574;1902;99;2025-03-03
7799;15575;731;7;2025-05-21
7800;15576;1749;37;2025-05-15
7801;15579;1645;72;2025-06-18
7802;15580;840;90;2025-05-06
7803;15581;1932;26;2025-04-17
7804;15583;545;78;2025-03-12
7805;15588;1128;88;2025-06-27
7806;15590;101;9;2025-05-04
7807;15591;648;47;2025-03-22
7808;15592;1677;70;2025-01-09
7809;15593;1531;91;2025-05-19
7810;15596;4;19;2025-06-14
7811;15598;1218;84;2025-03-08
7812;15599;520;75;2025-04-24
7813;15601;915;28;2025-05-23
7814;15605;497;87;2025-03-03
7815;15606;616;13;2025-04-24
7816;15607;567;54;2025-04-17
7817;15609;1952;58;2025-05-30
7818;15610;1832;1;2025-02-10
7819;15612;1029;37;2025-06-09
7820;15616;1126;63;2025-03-04
7821;15617;591;83;2025-01-14
7822;15622;55;71;2025-05-05
7823;15624;336;12;2025-01-22
7824;15628;33;35;2025-05-17
7825;15629;1539;10;2025-05-29
7826;15631;191;18;2025-03-19
7827;15633;893;66;2025-02-24
7828;15635;1083;52;2025-04-02
7829;15636;1074;50;2025-03-20
7830;15637;1037;4;2025-06-25
7831;15638;1393;85;2025-06-17
7832;15640;239;17;2025-01-30
7833;15641;1638;19;2025-05-20
7834;15642;519;2;2025-03-11
7835;15643;1963;97;2025-04-10
7836;15644;133;40;2025-03-06
7837;15646;371;48;2025-05-05
7838;15649;899;48;2025-01-21
7839;15650;291;22;2025-05-11
7840;15651;562;20;2025-04-27
7841;15656;681;22;2025-05-09
7842;15657;1214;95;2025-02-28
7843;15661;655;42;2025-04-01
7844;15667;568;27;2025-02-18
7845;15668;595;13;2025-02-04
7846;15670;276;12;2025-06-06
7847;15671;480;77;2025-01-16
7848;15675;1255;67;2025-03-23
7849;15676;1911;93;2025-06-23
7850;15679;381;90;2025-06-04
7851;15684;1761;60;2025-02-09
7852;15687;98;34;2025-05-03
7853;15688;934;69;2025-05-29
7854;15692;1024;86;2025-05-09
7855;15693;1031;100;2025-03-29
7856;15695;1406;33;2025-03-14
7857;15696;746;31;2025-04-24
7858;15699;1833;70;2025-06-27
7859;15700;168;12;2025-04-24
7860;15703;729;64;2025-04-27
7861;15704;1059;2;2025-03-30
7862;15705;594;16;2025-03-02
7863;15706;33;54;2025-06-09
7864;15708;872;95;2025-01-31
7865;15709;139;66;2025-04-25
7866;15711;1129;90;2025-02-14
7867;15713;186;78;2025-05-24
7868;15719;747;14;2025-04-12
7869;15720;694;50;2025-06-12
7870;15722;1069;34;2025-06-09
7871;15723;1937;43;2025-01-11
7872;15724;1576;15;2025-06-29
7873;15725;1995;74;2025-04-01
7874;15727;838;85;2025-04-17
7875;15729;1597;87;2025-05-17
7876;15732;922;57;2025-02-17
7877;15733;991;73;2025-03-27
7878;15734;460;1;2025-05-28
7879;15735;1797;14;2025-02-10
7880;15736;229;90;2025-05-28
7881;15739;982;62;2025-01-02
7882;15740;1784;15;2025-06-27
7883;15741;394;37;2025-01-10
7884;15743;1087;50;2025-01-09
7885;15744;836;44;2025-03-08
7886;15746;1763;59;2025-05-15
7887;15748;908;96;2025-02-22
7888;15749;1098;77;2025-04-19
7889;15750;689;42;2025-01-14
7890;15751;1914;55;2025-05-02
7891;15752;985;69;2025-04-02
7892;15757;1844;40;2025-04-03
7893;15760;1690;22;2025-06-17
7894;15761;1260;88;2025-05-21
7895;15762;133;36;2025-06-12
7896;15763;1108;90;2025-03-26
7897;15764;1083;95;2025-02-10
7898;15766;1032;18;2025-04-04
7899;15767;1607;88;2025-06-12
7900;15769;44;26;2025-03-16
7901;15770;1928;62;2025-01-07
7902;15772;758;41;2025-04-30
7903;15773;1506;85;2025-05-29
7904;15774;502;69;2025-04-15
7905;15777;1570;67;2025-01-23
7906;15781;1444;15;2025-04-25
7907;15786;283;39;2025-06-11
7908;15787;979;29;2025-04-14
7909;15789;1397;34;2025-06-18
7910;15796;807;17;2025-05-26
7911;15797;446;73;2025-03-16
7912;15798;998;77;2025-02-13
7913;15799;624;43;2025-03-27
7914;15803;716;24;2025-03-17
7915;15804;1785;56;2025-03-10
7916;15806;1700;89;2025-04-14
7917;15807;1439;16;2025-06-23
7918;15810;732;76;2025-06-01
7919;15811;1858;3;2025-01-06
7920;15812;560;68;2025-05-22
7921;15813;1637;52;2025-05-07
7922;15814;1295;66;2025-03-22
7923;15817;225;7;2025-01-14
7924;15819;1936;28;2025-02-23
7925;15821;1951;77;2025-05-09
7926;15823;1986;19;2025-05-19
7927;15826;1758;70;2025-03-17
7928;15827;778;10;2025-01-29
7929;15828;1392;30;2025-05-23
7930;15829;197;62;2025-01-15
7931;15830;208;52;2025-03-06
7932;15833;900;77;2025-01-29
7933;15834;318;15;2025-02-28
7934;15836;904;93;2025-06-02
7935;15838;353;75;2025-06-01
7936;15841;574;10;2025-01-12
7937;15842;1138;14;2025-06-12
7938;15845;955;89;2025-06-16
7939;15846;452;48;2025-03-29
7940;15847;1586;11;2025-01-26
7941;15849;1831;75;2025-02-16
7942;15850;784;40;2025-03-11
7943;15851;1709;70;2025-04-26
7944;15852;180;83;2025-03-29
7945;15857;1351;70;2025-06-14
7946;15858;294;80;2025-04-17
7947;15860;1492;12;2025-03-08
7948;15862;1711;82;2025-04-29
7949;15864;1219;27;2025-05-07
7950;15865;1697;13;2025-02-06
7951;15866;43;24;2025-02-18
7952;15869;804;12;2025-02-12
7953;15873;1352;38;2025-03-23
7954;15875;7;9;2025-04-22
7955;15876;1421;23;2025-02-20
7956;15880;1141;83;2025-02-06
7957;15881;1674;70;2025-02-11
7958;15884;1768;14;2025-04-01
7959;15885;149;21;2025-05-30
7960;15886;1367;31;2025-03-13
7961;15887;1905;86;2025-06-11
7962;15889;695;68;2025-04-05
7963;15891;1308;87;2025-05-12
7964;15897;421;50;2025-01-09
7965;15900;1085;37;2025-03-05
7966;15903;500;76;2025-04-17
7967;15904;257;57;2025-04-26
7968;15906;597;28;2025-06-08
7969;15907;688;69;2025-05-11
7970;15908;1762;2;2025-05-31
7971;15909;1300;85;2025-04-11
7972;15911;1447;13;2025-03-19
7973;15912;1196;74;2025-05-30
7974;15913;593;58;2025-06-06
7975;15916;710;13;2025-02-12
7976;15919;1975;54;2025-06-26
7977;15920;677;61;2025-04-16
7978;15922;1324;83;2025-02-25
7979;15923;1564;35;2025-01-11
7980;15924;392;94;2025-04-13
7981;15926;991;23;2025-06-02
7982;15927;31;74;2025-03-05
7983;15929;1136;4;2025-02-28
7984;15930;388;10;2025-01-28
7985;15935;1675;17;2025-02-10
7986;15938;1785;32;2025-02-27
7987;15940;1511;69;2025-06-16
7988;15941;1789;99;2025-02-20
7989;15942;148;46;2025-04-03
7990;15947;1188;18;2025-01-08
7991;15949;26;51;2025-04-20
7992;15951;1466;14;2025-04-02
7993;15952;123;34;2025-04-13
7994;15953;78;97;2025-04-16
7995;15954;1870;37;2025-02-06
7996;15956;1309;81;2025-02-04
7997;15957;297;80;2025-01-29
7998;15963;593;31;2025-01-21
7999;15964;662;50;2025-06-09
8000;15966;1891;14;2025-04-13
8001;15968;132;52;2025-05-26
8002;15969;1253;51;2025-06-14
8003;15970;725;59;2025-04-20
8004;15973;1093;86;2025-04-18
8005;15977;1954;30;2025-05-01
8006;15979;1405;80;2025-01-22
8007;15985;1732;33;2025-02-15
8008;15989;585;32;2025-03-26
8009;15990;1829;5;2025-06-10
8010;15991;1072;29;2025-05-17
8011;15994;468;8;2025-02-01
8012;15995;1823;65;2025-02-15
8013;16002;1401;50;2025-05-08
8014;16005;1100;84;2025-03-21
8015;16006;740;44;2025-03-11
8016;16007;931;87;2025-01-14
8017;16008;118;58;2025-06-12
8018;16009;1703;82;2025-02-16
8019;16010;1509;97;2025-04-22
8020;16012;1227;60;2025-03-03
8021;16015;35;57;2025-03-29
8022;16017;1010;40;2025-01-12
8023;16021;237;29;2025-02-08
8024;16022;195;69;2025-03-02
8025;16025;580;60;2025-02-24
8026;16028;862;65;2025-01-07
8027;16030;640;2;2025-01-08
8028;16032;410;68;2025-03-27
8029;16036;159;22;2025-03-13
8030;16038;1716;38;2025-03-01
8031;16041;1953;1;2025-02-18
8032;16042;216;10;2025-01-17
8033;16044;920;4;2025-06-06
8034;16047;95;68;2025-01-31
8035;16049;60;95;2025-01-21
8036;16054;1644;20;2025-03-01
8037;16055;748;29;2025-04-07
8038;16058;541;27;2025-03-03
8039;16060;1443;16;2025-05-15
8040;16061;1605;6;2025-05-04
8041;16063;849;13;2025-04-20
8042;16066;751;3;2025-04-24
8043;16067;909;76;2025-01-23
8044;16070;176;89;2025-03-29
8045;16076;1080;52;2025-05-16
8046;16082;137;72;2025-02-11
8047;16083;1482;82;2025-01-30
8048;16088;1875;71;2025-04-24
8049;16091;1398;95;2025-04-14
8050;16092;1223;68;2025-03-21
8051;16094;110;41;2025-04-01
8052;16095;975;7;2025-02-19
8053;16097;1331;35;2025-05-09
8054;16098;826;69;2025-04-30
8055;16099;60;26;2025-01-27
8056;16101;213;43;2025-04-28
8057;16103;1756;19;2025-06-21
8058;16110;26;41;2025-01-18
8059;16111;1167;31;2025-06-21
8060;16114;1481;28;2025-04-23
8061;16115;1133;49;2025-03-16
8062;16116;154;48;2025-04-18
8063;16117;1782;85;2025-02-24
8064;16120;520;88;2025-03-25
8065;16121;1798;91;2025-06-20
8066;16122;811;39;2025-02-07
8067;16123;563;2;2025-02-08
8068;16124;260;19;2025-01-17
8069;16125;1320;8;2025-03-18
8070;16126;259;88;2025-01-22
8071;16127;866;83;2025-03-10
8072;16129;1062;58;2025-04-01
8073;16131;305;81;2025-03-15
8074;16133;653;50;2025-01-17
8075;16137;1939;6;2025-03-11
8076;16141;197;21;2025-05-04
8077;16146;1113;47;2025-06-25
8078;16147;94;95;2025-05-18
8079;16149;1535;92;2025-04-26
8080;16150;1532;82;2025-01-14
8081;16154;1759;8;2025-06-13
8082;16155;581;5;2025-03-20
8083;16158;457;72;2025-06-17
8084;16159;1700;23;2025-05-03
8085;16161;979;1;2025-01-25
8086;16165;157;14;2025-03-24
8087;16166;100;38;2025-01-02
8088;16167;1629;75;2025-02-24
8089;16168;971;37;2025-01-22
8090;16172;917;37;2025-06-14
8091;16176;1227;29;2025-05-06
8092;16177;1888;74;2025-02-10
8093;16179;547;85;2025-02-10
8094;16180;800;23;2025-05-12
8095;16182;1518;71;2025-06-07
8096;16183;1301;18;2025-03-17
8097;16185;195;90;2025-06-03
8098;16188;1515;33;2025-05-14
8099;16189;1324;24;2025-01-08
8100;16193;1561;8;2025-02-09
8101;16194;1967;77;2025-04-29
8102;16196;1235;4;2025-05-24
8103;16197;305;14;2025-02-25
8104;16198;495;13;2025-02-17
8105;16200;1021;8;2025-04-01
8106;16201;5;4;2025-05-15
8107;16202;1744;84;2025-04-20
8108;16203;253;32;2025-02-14
8109;16204;1412;14;2025-07-01
8110;16205;238;45;2025-01-24
8111;16208;295;23;2025-03-22
8112;16209;1333;45;2025-03-02
8113;16210;1433;46;2025-03-07
8114;16214;380;31;2025-04-24
8115;16218;135;11;2025-06-09
8116;16219;589;94;2025-03-29
8117;16222;1951;29;2025-05-29
8118;16229;714;64;2025-02-08
8119;16231;204;71;2025-06-25
8120;16233;1194;97;2025-01-22
8121;16234;491;93;2025-01-29
8122;16235;209;15;2025-03-05
8123;16236;1343;51;2025-01-13
8124;16237;219;82;2025-05-03
8125;16240;1779;86;2025-04-16
8126;16241;1996;98;2025-03-15
8127;16242;1956;30;2025-03-15
8128;16245;372;95;2025-02-13
8129;16246;1857;41;2025-05-24
8130;16248;1542;88;2025-06-30
8131;16249;1762;24;2025-01-17
8132;16250;1928;98;2025-03-20
8133;16255;421;54;2025-06-08
8134;16259;288;61;2025-06-17
8135;16268;910;53;2025-06-17
8136;16270;253;26;2025-03-01
8137;16276;1754;100;2025-01-04
8138;16277;32;72;2025-03-03
8139;16278;1881;74;2025-03-26
8140;16279;1332;21;2025-05-14
8141;16280;267;93;2025-03-10
8142;16282;255;32;2025-01-10
8143;16283;1368;42;2025-02-15
8144;16285;660;28;2025-02-04
8145;16287;1008;28;2025-06-02
8146;16289;1970;93;2025-05-14
8147;16290;996;62;2025-02-27
8148;16291;952;35;2025-04-06
8149;16295;1581;81;2025-04-09
8150;16296;842;76;2025-06-25
8151;16299;1568;47;2025-01-25
8152;16300;205;84;2025-01-19
8153;16301;1472;42;2025-06-30
8154;16304;53;16;2025-03-06
8155;16310;1586;55;2025-05-05
8156;16313;1190;86;2025-01-15
8157;16315;1884;82;2025-05-15
8158;16317;295;83;2025-04-13
8159;16320;612;68;2025-05-25
8160;16321;553;12;2025-03-04
8161;16325;1353;25;2025-01-07
8162;16326;687;15;2025-04-10
8163;16327;1653;12;2025-06-09
8164;16329;50;60;2025-02-10
8165;16330;1857;60;2025-06-09
8166;16331;708;15;2025-05-21
8167;16337;1106;6;2025-03-13
8168;16338;660;50;2025-03-26
8169;16340;1474;27;2025-01-21
8170;16349;240;95;2025-06-15
8171;16350;1021;82;2025-06-04
8172;16355;1789;23;2025-04-01
8173;16356;1511;89;2025-01-15
8174;16359;1605;82;2025-04-21
8175;16360;736;81;2025-05-15
8176;16362;28;36;2025-03-17
8177;16364;1461;29;2025-03-07
8178;16367;1083;40;2025-03-19
8179;16368;1499;84;2025-04-23
8180;16370;833;97;2025-03-14
8181;16371;1834;1;2025-05-31
8182;16372;1240;69;2025-03-16
8183;16377;964;38;2025-03-28
8184;16378;1513;89;2025-01-25
8185;16379;1039;53;2025-02-15
8186;16380;1368;34;2025-04-10
8187;16381;723;100;2025-06-24
8188;16382;1348;77;2025-01-16
8189;16383;1141;7;2025-04-06
8190;16384;1160;19;2025-06-06
8191;16385;47;70;2025-03-05
8192;16386;223;98;2025-01-07
8193;16388;526;2;2025-06-11
8194;16392;1282;80;2025-06-26
8195;16393;1972;18;2025-02-11
8196;16399;521;19;2025-03-13
8197;16400;778;76;2025-04-19
8198;16403;515;88;2025-01-23
8199;16407;1770;1;2025-06-13
8200;16408;261;54;2025-06-25
8201;16409;1395;23;2025-05-09
8202;16410;1912;16;2025-02-11
8203;16411;1600;32;2025-04-30
8204;16412;1533;77;2025-05-30
8205;16416;1177;25;2025-04-10
8206;16417;696;49;2025-03-09
8207;16422;1148;8;2025-06-14
8208;16423;1962;53;2025-03-05
8209;16425;1308;74;2025-04-18
8210;16426;1645;4;2025-05-29
8211;16428;1088;66;2025-03-26
8212;16429;509;83;2025-02-08
8213;16430;719;58;2025-05-26
8214;16432;252;24;2025-02-04
8215;16433;1735;25;2025-05-28
8216;16435;892;3;2025-04-23
8217;16436;871;12;2025-01-16
8218;16437;1418;18;2025-01-23
8219;16439;389;95;2025-02-11
8220;16441;702;13;2025-06-19
8221;16443;232;55;2025-04-22
8222;16445;1732;20;2025-05-18
8223;16446;1626;41;2025-04-19
8224;16449;1287;23;2025-06-17
8225;16453;1608;48;2025-05-03
8226;16455;557;19;2025-04-02
8227;16456;1649;86;2025-05-02
8228;16457;1935;47;2025-02-05
8229;16460;755;67;2025-03-07
8230;16461;1266;28;2025-01-11
8231;16462;1311;77;2025-06-28
8232;16463;1276;58;2025-03-25
8233;16468;552;78;2025-03-29
8234;16473;557;65;2025-01-03
8235;16476;1599;97;2025-06-25
8236;16478;1902;80;2025-02-05
8237;16479;1082;78;2025-05-02
8238;16481;1377;78;2025-05-24
8239;16482;1020;4;2025-05-24
8240;16483;1191;3;2025-02-10
8241;16484;1507;95;2025-04-15
8242;16487;1107;19;2025-06-14
8243;16488;384;92;2025-04-22
8244;16489;1396;86;2025-03-10
8245;16494;1702;56;2025-01-27
8246;16496;980;73;2025-05-01
8247;16497;1395;92;2025-03-07
8248;16498;286;23;2025-05-07
8249;16499;218;89;2025-03-17
8250;16501;229;72;2025-02-21
8251;16503;684;59;2025-06-26
8252;16505;1244;55;2025-03-30
8253;16506;74;72;2025-04-12
8254;16511;427;20;2025-05-03
8255;16512;1372;55;2025-01-08
8256;16518;1176;6;2025-03-14
8257;16519;1277;29;2025-01-26
8258;16522;1183;8;2025-06-07
8259;16523;1256;83;2025-02-02
8260;16524;1321;7;2025-05-28
8261;16529;947;32;2025-01-25
8262;16531;1209;42;2025-01-25
8263;16534;1153;75;2025-04-05
8264;16542;1086;9;2025-03-19
8265;16546;1594;93;2025-01-16
8266;16547;1506;75;2025-01-03
8267;16550;1624;16;2025-04-29
8268;16553;96;21;2025-04-01
8269;16557;1298;83;2025-06-22
8270;16560;809;68;2025-04-30
8271;16561;1562;88;2025-05-31
8272;16562;1813;94;2025-05-12
8273;16563;1802;47;2025-05-26
8274;16564;1705;94;2025-06-03
8275;16566;1982;85;2025-04-25
8276;16568;984;63;2025-05-09
8277;16573;1786;81;2025-06-02
8278;16576;206;57;2025-05-07
8279;16581;1835;80;2025-04-28
8280;16582;1651;63;2025-05-26
8281;16585;1612;49;2025-04-29
8282;16586;116;34;2025-04-21
8283;16587;747;59;2025-05-18
8284;16591;62;35;2025-06-01
8285;16592;430;86;2025-02-23
8286;16596;619;36;2025-04-14
8287;16597;908;85;2025-01-24
8288;16598;1665;38;2025-05-04
8289;16599;118;40;2025-06-28
8290;16601;1420;93;2025-03-12
8291;16604;850;53;2025-05-09
8292;16605;478;76;2025-02-19
8293;16608;929;26;2025-03-03
8294;16612;1353;75;2025-05-27
8295;16614;158;63;2025-06-09
8296;16616;1945;49;2025-01-04
8297;16617;1;3;2025-01-20
8298;16621;109;17;2025-06-18
8299;16622;642;43;2025-03-12
8300;16623;512;86;2025-05-19
8301;16624;1479;68;2025-03-12
8302;16625;1698;19;2025-01-22
8303;16627;1611;11;2025-03-21
8304;16628;695;91;2025-01-23
8305;16629;1832;62;2025-03-05
8306;16630;1890;36;2025-01-29
8307;16632;1981;10;2025-01-16
8308;16633;1701;88;2025-05-04
8309;16636;993;61;2025-04-22
8310;16637;855;77;2025-03-27
8311;16650;1625;24;2025-03-20
8312;16651;1151;97;2025-01-27
8313;16653;1976;33;2025-01-06
8314;16655;1023;53;2025-04-03
8315;16656;1865;22;2025-01-13
8316;16657;1141;44;2025-04-15
8317;16659;1742;29;2025-01-13
8318;16662;1530;48;2025-06-09
8319;16663;1993;61;2025-02-08
8320;16664;1534;77;2025-05-09
8321;16666;1104;77;2025-07-01
8322;16667;710;54;2025-01-19
8323;16671;1045;6;2025-06-10
8324;16673;601;90;2025-03-07
8325;16675;1363;60;2025-01-31
8326;16676;604;39;2025-01-03
8327;16679;1339;88;2025-01-13
8328;16681;1847;5;2025-02-26
8329;16682;873;4;2025-05-28
8330;16684;1909;74;2025-06-03
8331;16686;842;7;2025-06-25
8332;16687;98;8;2025-03-06
8333;16688;249;78;2025-01-23
8334;16689;661;45;2025-01-09
8335;16690;1632;22;2025-04-22
8336;16695;1842;48;2025-05-02
8337;16698;743;1;2025-04-24
8338;16699;211;27;2025-06-12
8339;16703;1410;59;2025-06-04
8340;16705;1134;17;2025-03-20
8341;16706;1201;88;2025-03-10
8342;16709;743;57;2025-04-26
8343;16710;1950;44;2025-04-04
8344;16713;1954;13;2025-03-13
8345;16714;1608;100;2025-05-17
8346;16715;1389;64;2025-01-27
8347;16717;1215;23;2025-03-10
8348;16720;1505;58;2025-05-19
8349;16721;60;9;2025-02-15
8350;16722;1375;100;2025-03-31
8351;16723;1547;53;2025-02-03
8352;16727;79;65;2025-04-04
8353;16729;1741;93;2025-06-16
8354;16730;345;60;2025-06-18
8355;16731;816;79;2025-04-30
8356;16733;1899;97;2025-06-10
8357;16734;721;72;2025-01-28
8358;16735;652;88;2025-04-11
8359;16742;1765;16;2025-05-12
8360;16744;1658;62;2025-06-08
8361;16745;304;71;2025-03-27
8362;16746;1789;5;2025-04-03
8363;16748;794;81;2025-03-11
8364;16749;38;88;2025-04-23
8365;16750;1146;44;2025-02-24
8366;16753;1874;59;2025-06-12
8367;16754;1821;27;2025-01-31
8368;16758;600;11;2025-03-17
8369;16759;1967;67;2025-05-26
8370;16761;567;15;2025-01-17
8371;16762;462;23;2025-06-17
8372;16763;1464;87;2025-01-02
8373;16765;1427;92;2025-01-11
8374;16767;1766;61;2025-05-03
8375;16768;764;83;2025-01-03
8376;16770;1810;22;2025-01-15
8377;16777;539;58;2025-02-01
8378;16782;1900;29;2025-05-07
8379;16783;673;28;2025-05-05
8380;16784;430;6;2025-05-11
8381;16785;1587;67;2025-05-20
8382;16786;580;27;2025-05-07
8383;16788;328;57;2025-02-12
8384;16789;1027;54;2025-01-03
8385;16793;287;10;2025-04-04
8386;16794;150;58;2025-04-05
8387;16795;1840;11;2025-01-30
8388;16797;518;4;2025-01-23
8389;16798;189;46;2025-05-24
8390;16799;1045;85;2025-06-22
8391;16800;1559;14;2025-01-04
8392;16801;1474;64;2025-02-01
8393;16802;427;70;2025-06-27
8394;16803;247;37;2025-06-14
8395;16804;548;3;2025-05-13
8396;16805;51;99;2025-01-25
8397;16809;1895;57;2025-03-13
8398;16811;679;11;2025-05-31
8399;16812;1237;92;2025-02-26
8400;16815;1607;21;2025-05-25
8401;16816;1171;45;2025-03-11
8402;16817;918;70;2025-05-13
8403;16818;954;25;2025-02-22
8404;16820;1382;68;2025-02-15
8405;16823;752;22;2025-02-22
8406;16825;166;31;2025-03-21
8407;16826;1699;92;2025-02-22
8408;16829;178;1;2025-06-15
8409;16830;641;85;2025-01-20
8410;16836;1348;51;2025-03-24
8411;16840;65;69;2025-05-30
8412;16841;655;27;2025-03-18
8413;16849;319;45;2025-03-04
8414;16850;1665;60;2025-06-29
8415;16853;1355;13;2025-04-09
8416;16854;9;52;2025-03-26
8417;16855;56;81;2025-06-19
8418;16860;1903;53;2025-04-22
8419;16861;1055;98;2025-05-02
8420;16862;83;55;2025-06-16
8421;16867;415;19;2025-05-09
8422;16869;1989;40;2025-02-20
8423;16871;1587;59;2025-02-08
8424;16878;204;65;2025-06-27
8425;16880;214;6;2025-05-27
8426;16881;1039;48;2025-02-20
8427;16883;1914;85;2025-05-12
8428;16885;1116;90;2025-04-11
8429;16886;24;14;2025-04-08
8430;16888;1395;61;2025-01-17
8431;16890;1205;16;2025-03-21
8432;16892;352;1;2025-06-23
8433;16895;1119;16;2025-06-23
8434;16896;921;39;2025-02-05
8435;16898;1364;86;2025-06-07
8436;16901;253;37;2025-05-25
8437;16903;542;2;2025-01-03
8438;16904;1266;30;2025-03-31
8439;16906;1861;78;2025-04-28
8440;16910;853;41;2025-05-20
8441;16912;278;29;2025-01-17
8442;16913;375;66;2025-02-27
8443;16914;144;75;2025-06-27
8444;16915;61;45;2025-07-01
8445;16917;115;13;2025-06-13
8446;16920;1312;40;2025-05-16
8447;16923;1074;80;2025-06-16
8448;16925;1889;52;2025-04-23
8449;16927;1506;93;2025-05-17
8450;16929;1834;48;2025-03-29
8451;16931;1107;24;2025-03-03
8452;16932;1294;67;2025-02-23
8453;16933;1464;43;2025-03-16
8454;16934;1677;20;2025-01-31
8455;16936;693;93;2025-02-07
8456;16937;554;21;2025-06-04
8457;16943;837;74;2025-02-06
8458;16944;66;66;2025-03-22
8459;16946;1067;54;2025-04-13
8460;16947;519;82;2025-01-31
8461;16949;603;37;2025-04-09
8462;16950;285;20;2025-06-03
8463;16953;703;85;2025-03-22
8464;16954;1850;15;2025-06-19
8465;16955;1750;50;2025-02-08
8466;16956;539;69;2025-05-26
8467;16957;1615;39;2025-04-15
8468;16958;931;54;2025-06-08
8469;16959;366;26;2025-06-06
8470;16961;278;46;2025-05-03
8471;16962;1262;74;2025-01-12
8472;16963;888;11;2025-01-28
8473;16964;644;25;2025-01-29
8474;16967;834;41;2025-05-16
8475;16969;277;31;2025-05-19
8476;16973;1330;93;2025-04-20
8477;16976;124;18;2025-04-05
8478;16977;823;10;2025-05-08
8479;16978;551;2;2025-01-16
8480;16980;1005;47;2025-06-30
8481;16982;841;22;2025-05-05
8482;16985;108;44;2025-02-08
8483;16988;1304;33;2025-05-30
8484;16990;584;55;2025-01-11
8485;16994;1710;74;2025-03-26
8486;16996;1916;40;2025-01-10
8487;17006;1906;64;2025-01-17
8488;17007;1023;65;2025-02-10
8489;17008;224;35;2025-04-12
8490;17009;765;14;2025-05-28
8491;17011;1535;57;2025-01-17
8492;17012;1285;1;2025-06-24
8493;17017;1310;25;2025-04-04
8494;17020;939;42;2025-03-07
8495;17023;848;91;2025-02-06
8496;17033;1477;87;2025-03-31
8497;17034;736;5;2025-06-13
8498;17036;1891;46;2025-05-27
8499;17039;706;28;2025-02-13
8500;17040;1971;13;2025-02-12
8501;17041;1563;3;2025-01-15
8502;17043;1892;76;2025-03-02
8503;17045;1979;9;2025-06-04
8504;17046;1966;8;2025-04-28
8505;17048;1318;16;2025-03-01
8506;17054;605;10;2025-04-27
8507;17055;266;4;2025-06-13
8508;17058;308;1;2025-02-24
8509;17059;1355;68;2025-01-29
8510;17060;1153;17;2025-04-16
8511;17062;66;32;2025-05-27
8512;17063;906;84;2025-03-17
8513;17066;1168;98;2025-01-17
8514;17067;777;45;2025-02-05
8515;17068;249;76;2025-05-10
8516;17069;260;85;2025-04-04
8517;17071;963;30;2025-02-16
8518;17074;1318;17;2025-05-03
8519;17075;1155;59;2025-05-27
8520;17080;302;95;2025-03-16
8521;17082;115;11;2025-06-28
8522;17086;674;46;2025-06-16
8523;17087;599;82;2025-03-25
8524;17088;1911;39;2025-05-19
8525;17089;1536;78;2025-03-27
8526;17090;1269;75;2025-05-02
8527;17093;1305;55;2025-01-21
8528;17096;1991;60;2025-01-23
8529;17097;655;16;2025-03-10
8530;17099;1035;15;2025-02-25
8531;17100;1572;91;2025-06-14
8532;17101;1990;86;2025-01-14
8533;17102;999;73;2025-04-06
8534;17103;1753;71;2025-04-24
8535;17104;52;1;2025-04-05
8536;17105;1940;13;2025-06-13
8537;17106;824;63;2025-04-11
8538;17108;909;69;2025-02-15
8539;17109;1909;88;2025-06-20
8540;17110;1789;40;2025-02-05
8541;17115;986;88;2025-06-11
8542;17119;1435;26;2025-06-08
8543;17120;1207;17;2025-04-22
8544;17124;549;32;2025-06-24
8545;17125;1652;30;2025-05-20
8546;17127;1873;33;2025-04-27
8547;17128;1993;60;2025-02-11
8548;17129;1080;15;2025-04-15
8549;17130;1656;84;2025-06-06
8550;17135;1902;48;2025-04-25
8551;17136;1746;37;2025-05-09
8552;17137;1962;87;2025-04-04
8553;17138;1317;58;2025-03-01
8554;17140;1999;63;2025-05-27
8555;17141;1927;27;2025-01-20
8556;17143;612;72;2025-03-26
8557;17144;1837;42;2025-01-18
8558;17146;1760;88;2025-04-09
8559;17150;1022;66;2025-04-19
8560;17151;631;83;2025-05-27
8561;17152;731;31;2025-06-22
8562;17153;1875;30;2025-01-17
8563;17155;248;78;2025-03-27
8564;17158;196;6;2025-07-01
8565;17159;6;23;2025-02-26
8566;17161;1225;92;2025-02-15
8567;17163;1298;43;2025-06-27
8568;17165;1384;72;2025-02-17
8569;17167;1386;10;2025-05-03
8570;17169;158;8;2025-02-12
8571;17170;1369;41;2025-02-24
8572;17171;1104;66;2025-02-04
8573;17173;666;54;2025-06-04
8574;17175;1764;98;2025-03-07
8575;17177;1658;36;2025-06-03
8576;17180;1985;7;2025-06-17
8577;17181;788;5;2025-06-14
8578;17184;1942;41;2025-05-07
8579;17185;915;87;2025-04-02
8580;17187;1303;25;2025-05-18
8581;17189;911;65;2025-03-25
8582;17195;928;10;2025-01-07
8583;17197;216;79;2025-03-13
8584;17201;1406;51;2025-01-04
8585;17202;1984;47;2025-03-28
8586;17203;112;67;2025-03-04
8587;17204;558;85;2025-01-23
8588;17205;3;67;2025-04-12
8589;17206;1340;11;2025-03-29
8590;17207;929;9;2025-06-27
8591;17208;623;9;2025-04-06
8592;17209;859;58;2025-04-04
8593;17211;1486;40;2025-06-02
8594;17212;1317;88;2025-05-04
8595;17215;6;35;2025-05-14
8596;17218;500;78;2025-06-08
8597;17219;1605;99;2025-04-21
8598;17222;48;5;2025-01-26
8599;17225;1713;51;2025-03-25
8600;17227;1113;20;2025-01-02
8601;17230;1186;12;2025-01-16
8602;17232;774;29;2025-04-01
8603;17234;229;29;2025-04-21
8604;17235;816;5;2025-04-12
8605;17236;1237;6;2025-02-27
8606;17237;888;38;2025-01-17
8607;17239;552;12;2025-02-01
8608;17240;943;29;2025-06-14
8609;17242;1247;65;2025-06-23
8610;17246;1905;66;2025-04-11
8611;17247;1379;11;2025-05-21
8612;17248;945;79;2025-06-09
8613;17249;861;22;2025-02-09
8614;17250;307;70;2025-05-13
8615;17251;449;26;2025-05-12
8616;17252;1372;8;2025-05-20
8617;17253;1059;85;2025-05-03
8618;17257;714;46;2025-04-15
8619;17258;1088;18;2025-05-18
8620;17260;916;17;2025-05-10
8621;17262;1788;63;2025-05-27
8622;17264;1842;12;2025-03-07
8623;17269;1489;9;2025-01-18
8624;17270;1711;76;2025-04-09
8625;17274;1941;90;2025-04-14
8626;17275;632;66;2025-06-16
8627;17276;1700;32;2025-06-15
8628;17277;492;48;2025-01-21
8629;17281;1660;50;2025-06-19
8630;17283;837;27;2025-05-01
8631;17285;242;66;2025-01-19
8632;17289;54;64;2025-04-25
8633;17290;1217;42;2025-03-19
8634;17292;1226;32;2025-01-18
8635;17293;1577;20;2025-06-26
8636;17295;673;99;2025-06-04
8637;17296;1558;45;2025-06-07
8638;17298;1147;25;2025-01-24
8639;17299;1773;41;2025-06-11
8640;17300;1405;89;2025-04-23
8641;17301;1618;8;2025-06-04
8642;17302;112;68;2025-06-10
8643;17303;1026;56;2025-06-25
8644;17306;1762;24;2025-04-21
8645;17307;1836;94;2025-04-11
8646;17310;312;25;2025-03-13
8647;17316;1390;83;2025-03-09
8648;17317;1277;100;2025-05-07
8649;17319;661;76;2025-02-15
8650;17322;172;28;2025-01-19
8651;17328;623;18;2025-04-18
8652;17330;554;16;2025-03-31
8653;17332;371;59;2025-01-20
8654;17334;170;10;2025-02-04
8655;17335;1764;18;2025-03-02
8656;17336;435;94;2025-06-11
8657;17344;541;38;2025-06-28
8658;17345;570;85;2025-05-19
8659;17348;9;18;2025-02-02
8660;17349;642;77;2025-05-03
8661;17350;831;93;2025-03-13
8662;17354;1563;92;2025-04-07
8663;17356;1855;9;2025-05-02
8664;17359;1014;84;2025-02-01
8665;17364;1431;59;2025-01-26
8666;17365;1513;88;2025-05-26
8667;17368;1932;97;2025-02-12
8668;17371;39;22;2025-04-18
8669;17373;668;87;2025-05-15
8670;17374;91;17;2025-05-13
8671;17375;350;71;2025-03-17
8672;17376;86;4;2025-06-23
8673;17377;1109;28;2025-05-14
8674;17378;777;51;2025-04-04
8675;17380;903;93;2025-05-30
8676;17383;1291;62;2025-05-10
8677;17384;1950;32;2025-02-25
8678;17385;780;58;2025-05-15
8679;17387;1103;69;2025-06-25
8680;17388;279;31;2025-02-07
8681;17391;943;71;2025-01-06
8682;17392;131;48;2025-04-07
8683;17395;1589;21;2025-03-20
8684;17397;1920;74;2025-05-04
8685;17398;1895;77;2025-04-10
8686;17399;1744;99;2025-05-13
8687;17403;1204;14;2025-05-01
8688;17405;1765;98;2025-03-07
8689;17407;1915;7;2025-05-22
8690;17408;1513;43;2025-02-17
8691;17410;1604;28;2025-06-18
8692;17413;1409;36;2025-02-20
8693;17417;672;90;2025-02-10
8694;17420;421;54;2025-04-15
8695;17421;1703;4;2025-06-24
8696;17422;551;19;2025-06-01
8697;17424;430;31;2025-01-17
8698;17425;917;53;2025-05-24
8699;17427;1876;94;2025-05-26
8700;17428;1214;67;2025-06-05
8701;17432;1063;80;2025-06-08
8702;17433;289;72;2025-04-09
8703;17435;1497;42;2025-01-06
8704;17436;627;82;2025-05-06
8705;17437;1039;6;2025-06-30
8706;17438;1015;45;2025-01-16
8707;17440;391;66;2025-04-04
8708;17441;772;77;2025-03-27
8709;17442;1334;2;2025-02-15
8710;17443;648;94;2025-06-27
8711;17444;1191;95;2025-06-09
8712;17448;1259;49;2025-06-24
8713;17449;1626;49;2025-06-25
8714;17450;1979;1;2025-05-14
8715;17452;1562;77;2025-05-15
8716;17454;943;78;2025-03-16
8717;17455;1221;48;2025-02-23
8718;17456;1442;97;2025-01-07
8719;17457;501;94;2025-05-13
8720;17459;684;99;2025-06-21
8721;17460;1036;85;2025-03-08
8722;17462;1643;64;2025-02-06
8723;17464;356;74;2025-05-07
8724;17468;156;100;2025-01-16
8725;17469;1641;78;2025-03-02
8726;17471;493;42;2025-06-01
8727;17472;961;9;2025-05-06
8728;17473;675;41;2025-05-13
8729;17474;1467;82;2025-02-16
8730;17476;1139;63;2025-01-17
8731;17478;572;93;2025-02-14
8732;17481;252;27;2025-04-09
8733;17482;731;8;2025-06-28
8734;17483;903;54;2025-04-10
8735;17485;269;80;2025-01-30
8736;17489;364;74;2025-02-07
8737;17490;1012;81;2025-05-17
8738;17494;50;4;2025-02-26
8739;17495;50;42;2025-01-31
8740;17496;781;98;2025-02-05
8741;17497;1773;92;2025-02-12
8742;17502;39;68;2025-04-30
8743;17506;400;36;2025-06-18
8744;17508;1357;93;2025-01-10
8745;17511;1706;69;2025-03-23
8746;17513;795;7;2025-04-11
8747;17515;74;57;2025-05-08
8748;17517;75;1;2025-04-05
8749;17518;100;18;2025-05-23
8750;17519;15;97;2025-02-23
8751;17520;1413;91;2025-02-28
8752;17521;494;92;2025-04-03
8753;17525;74;58;2025-05-29
8754;17526;558;89;2025-02-01
8755;17529;153;47;2025-01-26
8756;17530;424;9;2025-06-18
8757;17532;811;23;2025-02-21
8758;17533;113;41;2025-02-10
8759;17534;601;40;2025-05-05
8760;17536;1726;93;2025-03-30
8761;17537;1162;7;2025-04-19
8762;17539;1154;66;2025-02-28
8763;17540;1629;1;2025-02-27
8764;17543;454;19;2025-01-27
8765;17548;1397;84;2025-05-06
8766;17549;739;83;2025-01-24
8767;17550;1461;80;2025-04-21
8768;17552;249;14;2025-04-13
8769;17554;462;21;2025-03-08
8770;17555;1574;18;2025-04-05
8771;17557;1762;6;2025-06-14
8772;17560;1874;73;2025-01-06
8773;17565;15;24;2025-01-06
8774;17566;1727;89;2025-01-29
8775;17569;246;66;2025-02-13
8776;17573;1814;34;2025-06-15
8777;17576;1938;86;2025-02-20
8778;17582;1732;41;2025-05-06
8779;17583;165;37;2025-03-02
8780;17584;786;65;2025-03-02
8781;17586;1541;20;2025-01-24
8782;17590;1921;52;2025-03-30
8783;17593;728;86;2025-05-25
8784;17594;1969;51;2025-01-15
8785;17596;874;56;2025-03-31
8786;17600;1662;57;2025-06-28
8787;17603;191;70;2025-06-08
8788;17605;1926;67;2025-03-10
8789;17606;663;41;2025-06-15
8790;17607;1069;24;2025-03-10
8791;17608;1454;57;2025-06-21
8792;17609;609;66;2025-01-12
8793;17610;309;39;2025-04-18
8794;17614;343;69;2025-04-03
8795;17616;1860;34;2025-06-19
8796;17617;1349;92;2025-02-19
8797;17618;522;84;2025-04-26
8798;17620;1119;25;2025-05-28
8799;17621;710;42;2025-01-19
8800;17622;1008;2;2025-03-10
8801;17623;1391;38;2025-01-25
8802;17626;1580;20;2025-03-10
8803;17631;1267;96;2025-01-08
8804;17633;1642;34;2025-04-21
8805;17634;1335;87;2025-04-23
8806;17635;1951;95;2025-02-04
8807;17636;1664;60;2025-04-09
8808;17638;1477;67;2025-05-04
8809;17639;771;69;2025-04-30
8810;17641;348;41;2025-01-15
8811;17642;1137;90;2025-04-03
8812;17643;119;20;2025-06-16
8813;17644;1776;95;2025-03-05
8814;17647;960;44;2025-05-30
8815;17650;296;21;2025-03-30
8816;17652;514;63;2025-05-18
8817;17654;1400;22;2025-02-08
8818;17655;23;8;2025-02-18
8819;17658;1100;3;2025-05-25
8820;17659;1622;40;2025-01-12
8821;17660;1596;64;2025-02-19
8822;17662;1580;11;2025-03-29
8823;17669;1306;1;2025-04-29
8824;17670;1622;59;2025-06-03
8825;17671;292;87;2025-05-29
8826;17672;1772;6;2025-01-07
8827;17674;1805;28;2025-05-29
8828;17678;1918;66;2025-01-09
8829;17679;1741;80;2025-06-01
8830;17680;1933;25;2025-03-23
8831;17682;1636;12;2025-05-03
8832;17684;626;99;2025-01-31
8833;17685;1581;35;2025-04-06
8834;17688;1874;11;2025-06-10
8835;17689;335;9;2025-04-07
8836;17690;369;26;2025-02-28
8837;17691;337;76;2025-02-26
8838;17699;392;8;2025-04-27
8839;17702;1945;31;2025-05-11
8840;17703;910;91;2025-06-28
8841;17704;1121;29;2025-06-14
8842;17706;1910;83;2025-06-10
8843;17708;965;74;2025-02-10
8844;17710;1773;35;2025-04-21
8845;17714;138;87;2025-01-20
8846;17717;706;94;2025-02-02
8847;17719;293;73;2025-02-01
8848;17721;945;41;2025-02-13
8849;17723;523;4;2025-05-18
8850;17724;987;63;2025-03-30
8851;17725;640;81;2025-03-15
8852;17727;1626;66;2025-03-22
8853;17732;825;20;2025-05-03
8854;17733;1305;7;2025-01-06
8855;17734;1118;96;2025-06-04
8856;17736;399;37;2025-02-03
8857;17739;1507;21;2025-04-15
8858;17740;765;49;2025-01-04
8859;17741;1064;27;2025-01-13
8860;17744;1539;19;2025-03-14
8861;17745;583;73;2025-02-18
8862;17746;1139;28;2025-02-15
8863;17750;937;91;2025-04-24
8864;17753;1413;12;2025-05-15
8865;17755;1866;84;2025-02-09
8866;17759;470;13;2025-06-14
8867;17764;1190;67;2025-05-05
8868;17766;1995;7;2025-05-23
8869;17770;331;29;2025-06-28
8870;17772;1144;3;2025-04-06
8871;17773;708;25;2025-06-18
8872;17774;1188;73;2025-04-05
8873;17777;181;1;2025-04-13
8874;17778;997;93;2025-04-17
8875;17779;106;61;2025-03-06
8876;17780;1032;37;2025-01-20
8877;17782;932;49;2025-01-06
8878;17783;317;75;2025-05-07
8879;17784;635;28;2025-01-04
8880;17786;1871;75;2025-05-18
8881;17791;356;35;2025-05-12
8882;17792;1371;64;2025-04-26
8883;17797;1829;80;2025-02-19
8884;17799;1956;23;2025-01-26
8885;17803;1209;40;2025-02-10
8886;17805;899;5;2025-06-12
8887;17806;616;6;2025-04-17
8888;17807;204;36;2025-03-29
8889;17808;885;14;2025-03-01
8890;17810;1132;4;2025-01-18
8891;17812;790;10;2025-01-10
8892;17813;174;32;2025-07-01
8893;17814;159;98;2025-05-26
8894;17817;1817;32;2025-01-11
8895;17818;1151;27;2025-04-19
8896;17819;263;69;2025-05-22
8897;17821;676;71;2025-02-17
8898;17822;439;40;2025-05-20
8899;17823;1325;11;2025-04-20
8900;17825;1898;80;2025-02-04
8901;17826;1634;79;2025-04-29
8902;17828;1441;69;2025-02-19
8903;17829;1252;57;2025-06-13
8904;17833;1583;2;2025-03-16
8905;17835;1124;23;2025-06-15
8906;17837;1908;24;2025-06-23
8907;17838;506;66;2025-04-06
8908;17839;853;42;2025-05-10
8909;17840;558;54;2025-02-28
8910;17842;987;27;2025-05-15
8911;17844;1410;63;2025-03-12
8912;17845;1976;49;2025-05-11
8913;17847;1098;5;2025-06-28
8914;17850;1852;46;2025-02-19
8915;17853;551;85;2025-03-25
8916;17854;9;57;2025-04-02
8917;17855;1706;84;2025-05-10
8918;17859;1617;99;2025-05-24
8919;17860;1120;19;2025-04-14
8920;17862;1972;22;2025-04-23
8921;17863;1477;43;2025-02-24
8922;17864;1565;66;2025-06-01
8923;17865;598;77;2025-02-28
8924;17867;623;51;2025-05-07
8925;17868;524;32;2025-06-12
8926;17869;322;27;2025-06-06
8927;17870;1827;46;2025-01-04
8928;17872;654;23;2025-01-06
8929;17873;1074;11;2025-01-29
8930;17875;1880;43;2025-05-08
8931;17876;1737;86;2025-02-22
8932;17878;164;20;2025-02-04
8933;17879;1275;16;2025-01-11
8934;17884;919;54;2025-04-04
8935;17885;655;40;2025-03-20
8936;17886;1068;58;2025-02-26
8937;17889;1857;85;2025-06-23
8938;17894;105;61;2025-04-14
8939;17895;14;81;2025-04-22
8940;17896;1901;87;2025-01-30
8941;17900;43;41;2025-03-17
8942;17902;1231;54;2025-06-29
8943;17904;174;36;2025-02-26
8944;17905;472;92;2025-06-09
8945;17906;1998;29;2025-03-26
8946;17909;788;70;2025-02-18
8947;17910;550;45;2025-04-19
8948;17912;483;38;2025-05-22
8949;17913;323;25;2025-06-07
8950;17914;1443;72;2025-04-23
8951;17918;955;33;2025-05-14
8952;17920;222;49;2025-06-13
8953;17923;912;60;2025-03-29
8954;17925;248;14;2025-03-04
8955;17926;1775;55;2025-06-06
8956;17930;1325;36;2025-03-17
8957;17932;335;80;2025-02-21
8958;17934;1703;17;2025-06-05
8959;17935;1251;42;2025-01-08
8960;17938;794;29;2025-05-07
8961;17939;269;72;2025-01-16
8962;17941;714;75;2025-05-17
8963;17943;1430;42;2025-06-17
8964;17947;995;74;2025-05-06
8965;17951;1474;70;2025-03-12
8966;17954;163;34;2025-04-18
8967;17955;966;66;2025-03-26
8968;17961;1444;57;2025-06-27
8969;17964;773;45;2025-04-26
8970;17969;1067;32;2025-05-12
8971;17971;1234;31;2025-05-14
8972;17973;869;54;2025-05-27
8973;17974;1870;56;2025-03-18
8974;17975;251;90;2025-06-27
8975;17976;491;92;2025-05-31
8976;17978;1250;47;2025-06-25
8977;17980;956;62;2025-02-17
8978;17981;939;79;2025-04-27
8979;17982;283;51;2025-03-19
8980;17984;984;28;2025-04-18
8981;17988;974;77;2025-01-15
8982;17989;935;57;2025-01-24
8983;17991;1252;53;2025-03-07
8984;17992;782;99;2025-03-05
8985;17993;920;21;2025-02-13
8986;17995;644;14;2025-05-14
8987;17997;1412;26;2025-06-23
8988;17998;1852;1;2025-05-25
8989;17999;1336;4;2025-05-19
8990;18003;1180;98;2025-02-26
8991;18006;1984;73;2025-06-06
8992;18007;1906;66;2025-06-29
8993;18008;1581;84;2025-06-23
8994;18011;138;16;2025-04-15
8995;18014;843;41;2025-04-16
8996;18015;1848;63;2025-02-27
8997;18017;426;89;2025-02-02
8998;18019;292;38;2025-02-05
8999;18021;863;53;2025-01-07
9000;18022;1250;61;2025-04-14
9001;18023;813;9;2025-03-14
9002;18024;1162;65;2025-04-28
9003;18027;1974;18;2025-03-08
9004;18028;1978;70;2025-06-17
9005;18029;690;85;2025-01-27
9006;18030;271;32;2025-06-18
9007;18037;1879;39;2025-06-22
9008;18038;1207;59;2025-01-05
9009;18042;1075;68;2025-06-09
9010;18045;347;72;2025-02-18
9011;18047;1651;100;2025-01-05
9012;18049;1901;41;2025-06-15
9013;18051;1413;90;2025-06-27
9014;18053;867;100;2025-04-19
9015;18056;920;78;2025-02-20
9016;18057;1648;81;2025-02-28
9017;18061;192;2;2025-03-10
9018;18062;526;79;2025-04-27
9019;18064;849;83;2025-05-28
9020;18065;1723;88;2025-01-14
9021;18066;1498;80;2025-03-15
9022;18067;134;26;2025-02-25
9023;18068;160;17;2025-03-21
9024;18070;1369;76;2025-06-14
9025;18076;1676;61;2025-02-28
9026;18077;1559;75;2025-03-14
9027;18078;1511;29;2025-04-29
9028;18079;1384;24;2025-04-24
9029;18080;534;36;2025-06-24
9030;18082;1933;45;2025-06-08
9031;18083;355;81;2025-06-05
9032;18084;235;40;2025-06-23
9033;18085;431;20;2025-02-26
9034;18086;696;33;2025-02-18
9035;18087;703;4;2025-02-03
9036;18088;1699;12;2025-06-23
9037;18091;1047;35;2025-03-06
9038;18093;1985;44;2025-03-28
9039;18094;1735;54;2025-03-04
9040;18095;1514;70;2025-01-14
9041;18098;38;67;2025-06-28
9042;18103;856;98;2025-01-21
9043;18105;1264;40;2025-06-20
9044;18107;197;68;2025-04-01
9045;18108;1580;38;2025-04-29
9046;18109;448;53;2025-02-11
9047;18110;673;90;2025-01-01
9048;18113;634;47;2025-06-04
9049;18118;1197;2;2025-02-24
9050;18119;221;5;2025-04-03
9051;18121;1148;28;2025-03-05
9052;18122;31;55;2025-06-27
9053;18123;387;63;2025-01-08
9054;18124;1740;100;2025-03-04
9055;18125;1555;88;2025-06-12
9056;18126;1498;28;2025-02-18
9057;18127;1528;99;2025-02-12
9058;18129;52;39;2025-06-25
9059;18130;747;87;2025-07-01
9060;18133;1244;14;2025-04-07
9061;18134;788;90;2025-04-26
9062;18135;1119;51;2025-02-28
9063;18137;1189;5;2025-02-25
9064;18143;1887;35;2025-05-18
9065;18149;1397;24;2025-05-25
9066;18151;1667;39;2025-06-12
9067;18152;1318;5;2025-06-24
9068;18153;1071;69;2025-04-16
9069;18158;1529;6;2025-06-15
9070;18160;1869;82;2025-04-27
9071;18161;204;53;2025-06-14
9072;18163;1066;87;2025-03-26
9073;18164;110;88;2025-05-23
9074;18165;1784;75;2025-06-22
9075;18166;271;29;2025-05-07
9076;18170;589;47;2025-05-30
9077;18172;1884;29;2025-03-06
9078;18174;1258;20;2025-01-13
9079;18176;1627;41;2025-03-10
9080;18177;27;18;2025-03-04
9081;18178;1302;4;2025-05-28
9082;18180;1337;48;2025-06-24
9083;18181;1;11;2025-01-19
9084;18182;371;16;2025-02-22
9085;18184;1864;32;2025-06-06
9086;18185;1395;30;2025-04-13
9087;18187;1830;83;2025-01-24
9088;18189;1357;6;2025-03-12
9089;18196;1846;80;2025-01-04
9090;18197;1335;27;2025-01-21
9091;18198;1509;4;2025-01-22
9092;18199;1302;58;2025-02-26
9093;18200;366;35;2025-03-26
9094;18202;122;23;2025-03-17
9095;18203;143;45;2025-04-08
9096;18205;1945;1;2025-05-23
9097;18206;774;66;2025-03-18
9098;18208;482;99;2025-04-14
9099;18210;268;66;2025-04-08
9100;18214;126;61;2025-04-28
9101;18217;1089;27;2025-02-14
9102;18219;1113;89;2025-01-12
9103;18222;1032;31;2025-05-01
9104;18225;195;88;2025-01-16
9105;18226;1505;91;2025-04-12
9106;18229;1105;20;2025-04-27
9107;18232;1650;98;2025-04-15
9108;18234;1297;6;2025-03-14
9109;18238;1196;9;2025-05-05
9110;18241;333;85;2025-01-14
9111;18242;1102;81;2025-03-17
9112;18244;542;28;2025-01-07
9113;18245;541;72;2025-05-21
9114;18247;1739;96;2025-01-01
9115;18249;1952;54;2025-04-02
9116;18250;692;44;2025-04-26
9117;18251;712;18;2025-06-07
9118;18254;1084;18;2025-03-30
9119;18256;1749;67;2025-06-14
9120;18258;1726;69;2025-05-12
9121;18260;1642;7;2025-04-11
9122;18261;1960;3;2025-06-27
9123;18263;1571;22;2025-03-08
9124;18264;1134;19;2025-05-18
9125;18267;341;45;2025-05-09
9126;18268;43;88;2025-03-21
9127;18269;1438;16;2025-01-17
9128;18273;274;21;2025-01-29
9129;18274;1439;12;2025-05-14
9130;18275;217;12;2025-05-27
9131;18276;1088;52;2025-06-19
9132;18277;1787;59;2025-04-19
9133;18278;1844;17;2025-03-01
9134;18279;1870;2;2025-02-03
9135;18281;1909;38;2025-05-06
9136;18284;1567;27;2025-04-13
9137;18289;717;82;2025-03-23
9138;18294;941;28;2025-04-08
9139;18296;1311;27;2025-05-06
9140;18297;1662;79;2025-06-24
9141;18300;1845;94;2025-01-09
9142;18306;901;46;2025-03-31
9143;18308;1250;15;2025-06-21
9144;18311;629;69;2025-05-08
9145;18312;310;67;2025-06-03
9146;18315;1976;81;2025-07-02
9147;18319;1893;87;2025-06-24
9148;18322;179;47;2025-06-29
9149;18323;1494;95;2025-04-13
9150;18325;1988;46;2025-05-18
9151;18326;119;46;2025-01-24
9152;18328;539;27;2025-03-13
9153;18329;1671;100;2025-02-22
9154;18331;892;85;2025-01-18
9155;18333;908;44;2025-06-13
9156;18335;998;88;2025-03-18
9157;18336;1848;77;2025-01-26
9158;18341;43;2;2025-04-16
9159;18342;586;51;2025-03-21
9160;18343;268;19;2025-06-15
9161;18344;412;7;2025-04-12
9162;18345;1082;98;2025-03-21
9163;18350;1454;39;2025-01-13
9164;18351;1140;87;2025-04-02
9165;18353;774;92;2025-04-24
9166;18354;977;80;2025-03-01
9167;18356;1068;75;2025-02-03
9168;18358;806;45;2025-02-27
9169;18361;906;39;2025-03-08
9170;18362;1885;70;2025-04-21
9171;18364;622;48;2025-06-06
9172;18367;1214;42;2025-01-18
9173;18370;761;36;2025-06-12
9174;18371;1134;68;2025-03-27
9175;18372;534;15;2025-01-09
9176;18373;1458;16;2025-01-02
9177;18375;1650;93;2025-03-09
9178;18376;1399;92;2025-05-16
9179;18379;1096;22;2025-05-15
9180;18380;611;36;2025-02-27
9181;18381;1118;40;2025-01-31
9182;18382;367;22;2025-04-24
9183;18386;1108;15;2025-06-15
9184;18387;1879;42;2025-03-09
9185;18388;743;89;2025-03-16
9186;18390;244;52;2025-01-05
9187;18391;1359;64;2025-04-04
9188;18395;835;62;2025-03-10
9189;18398;224;1;2025-06-18
9190;18399;205;77;2025-06-23
9191;18401;1164;7;2025-06-11
9192;18402;347;66;2025-05-12
9193;18403;1679;25;2025-03-23
9194;18404;1065;11;2025-03-15
9195;18407;973;73;2025-02-04
9196;18409;1429;91;2025-03-25
9197;18410;789;60;2025-03-28
9198;18412;1707;71;2025-01-25
9199;18413;1395;61;2025-03-16
9200;18414;556;28;2025-05-26
9201;18418;1625;86;2025-06-03
9202;18419;1503;28;2025-02-12
9203;18420;1160;6;2025-04-14
9204;18423;1139;54;2025-01-09
9205;18424;317;23;2025-03-05
9206;18426;660;70;2025-04-19
9207;18427;1311;5;2025-05-23
9208;18428;928;15;2025-05-15
9209;18431;860;83;2025-04-17
9210;18434;1114;53;2025-06-23
9211;18436;1574;77;2025-05-11
9212;18437;28;82;2025-06-28
9213;18438;507;81;2025-01-02
9214;18442;1508;34;2025-06-11
9215;18443;329;2;2025-01-14
9216;18444;1861;39;2025-01-04
9217;18445;931;40;2025-01-18
9218;18448;1512;49;2025-02-12
9219;18451;232;32;2025-03-12
9220;18452;142;51;2025-06-29
9221;18454;122;66;2025-01-01
9222;18456;1503;79;2025-06-10
9223;18457;1359;38;2025-06-28
9224;18458;1218;47;2025-02-09
9225;18461;1575;92;2025-03-22
9226;18462;1196;51;2025-06-30
9227;18466;1321;67;2025-06-09
9228;18468;182;54;2025-06-08
9229;18469;289;30;2025-03-05
9230;18472;1732;29;2025-05-12
9231;18477;1358;31;2025-01-08
9232;18479;1000;43;2025-02-25
9233;18480;38;96;2025-05-31
9234;18482;1474;46;2025-06-03
9235;18483;1371;47;2025-06-25
9236;18486;1160;15;2025-06-11
9237;18489;1221;61;2025-06-09
9238;18490;1398;95;2025-03-12
9239;18493;1951;15;2025-01-31
9240;18496;617;83;2025-05-05
9241;18499;1780;83;2025-04-20
9242;18500;377;30;2025-05-14
9243;18505;1142;80;2025-04-04
9244;18511;1859;8;2025-02-04
9245;18512;677;24;2025-06-29
9246;18514;864;43;2025-01-07
9247;18517;3;31;2025-03-28
9248;18518;1423;93;2025-01-29
9249;18519;262;77;2025-04-10
9250;18521;1442;81;2025-03-18
9251;18522;1272;92;2025-05-06
9252;18523;1390;45;2025-01-02
9253;18524;278;83;2025-02-01
9254;18526;1836;19;2025-02-07
9255;18533;498;58;2025-06-25
9256;18535;901;96;2025-06-23
9257;18536;1099;29;2025-01-08
9258;18539;1467;100;2025-03-06
9259;18540;547;81;2025-03-21
9260;18543;94;27;2025-02-12
9261;18544;399;74;2025-03-22
9262;18545;1600;86;2025-05-04
9263;18547;511;25;2025-04-21
9264;18549;1739;99;2025-04-09
9265;18550;705;74;2025-04-05
9266;18552;285;39;2025-05-12
9267;18553;848;26;2025-03-25
9268;18554;1927;85;2025-05-19
9269;18555;738;98;2025-04-22
9270;18561;93;35;2025-01-16
9271;18562;360;67;2025-04-01
9272;18563;535;49;2025-06-16
9273;18564;543;54;2025-03-07
9274;18566;1274;41;2025-04-01
9275;18569;590;5;2025-01-04
9276;18570;588;87;2025-06-26
9277;18571;1432;30;2025-04-06
9278;18572;73;6;2025-06-22
9279;18573;1527;81;2025-02-26
9280;18576;1863;33;2025-06-17
9281;18578;214;82;2025-04-13
9282;18580;1096;85;2025-04-05
9283;18581;1342;44;2025-04-02
9284;18582;668;25;2025-03-14
9285;18585;392;73;2025-06-15
9286;18586;311;66;2025-01-21
9287;18587;1262;41;2025-04-30
9288;18588;1735;73;2025-01-23
9289;18592;1606;81;2025-03-19
9290;18594;106;6;2025-05-20
9291;18595;1278;18;2025-06-02
9292;18600;964;4;2025-06-04
9293;18603;1193;32;2025-05-12
9294;18604;856;34;2025-04-12
9295;18605;1295;69;2025-07-01
9296;18606;1890;24;2025-06-21
9297;18607;985;61;2025-04-10
9298;18611;1617;82;2025-04-19
9299;18614;916;27;2025-01-10
9300;18616;397;41;2025-02-05
9301;18618;653;22;2025-03-18
9302;18619;128;41;2025-06-10
9303;18622;753;79;2025-04-24
9304;18623;868;61;2025-03-26
9305;18626;1057;29;2025-03-02
9306;18629;224;24;2025-06-27
9307;18630;1413;13;2025-04-01
9308;18631;1191;79;2025-01-30
9309;18635;1420;57;2025-01-15
9310;18636;1976;17;2025-03-17
9311;18637;712;38;2025-05-09
9312;18639;367;88;2025-03-11
9313;18641;211;19;2025-06-04
9314;18642;258;21;2025-04-17
9315;18643;412;2;2025-05-07
9316;18645;421;20;2025-04-29
9317;18647;1075;70;2025-01-14
9318;18649;1600;33;2025-04-11
9319;18650;476;44;2025-03-12
9320;18651;426;58;2025-03-14
9321;18654;504;44;2025-04-13
9322;18657;1649;60;2025-06-21
9323;18658;1931;43;2025-01-10
9324;18661;1477;79;2025-03-10
9325;18662;1389;74;2025-04-02
9326;18666;90;94;2025-06-18
9327;18668;348;86;2025-01-14
9328;18672;526;20;2025-03-23
9329;18673;1900;54;2025-03-04
9330;18674;94;97;2025-01-21
9331;18675;1969;82;2025-02-28
9332;18676;1256;50;2025-01-02
9333;18678;1088;67;2025-02-05
9334;18679;970;12;2025-06-12
9335;18680;339;100;2025-03-12
9336;18682;74;8;2025-04-19
9337;18683;1152;22;2025-02-27
9338;18684;685;80;2025-04-02
9339;18685;823;7;2025-05-13
9340;18688;1140;79;2025-02-25
9341;18691;1188;84;2025-01-11
9342;18692;90;93;2025-04-04
9343;18694;1859;6;2025-01-01
9344;18697;1184;17;2025-01-05
9345;18699;1812;27;2025-01-07
9346;18700;211;49;2025-03-22
9347;18701;32;45;2025-04-18
9348;18704;1220;50;2025-06-13
9349;18706;815;29;2025-05-19
9350;18707;1912;59;2025-06-02
9351;18708;1018;68;2025-02-11
9352;18709;414;32;2025-03-17
9353;18710;373;14;2025-03-07
9354;18713;132;74;2025-01-28
9355;18714;1777;21;2025-04-20
9356;18718;1212;95;2025-06-22
9357;18719;1633;25;2025-03-19
9358;18720;1472;67;2025-01-13
9359;18721;1999;13;2025-05-23
9360;18723;1671;70;2025-02-26
9361;18726;5;28;2025-06-13
9362;18728;280;27;2025-03-10
9363;18735;917;61;2025-06-05
9364;18736;351;4;2025-06-20
9365;18739;126;26;2025-05-08
9366;18741;688;58;2025-02-13
9367;18742;1238;24;2025-04-09
9368;18744;377;50;2025-03-15
9369;18745;1832;20;2025-03-14
9370;18746;836;85;2025-04-09
9371;18747;586;52;2025-05-20
9372;18748;1544;70;2025-04-29
9373;18749;939;4;2025-04-05
9374;18750;442;2;2025-01-18
9375;18752;1131;60;2025-01-02
9376;18754;1224;70;2025-04-11
9377;18756;113;63;2025-05-06
9378;18759;963;88;2025-04-20
9379;18762;299;91;2025-03-25
9380;18766;401;61;2025-02-17
9381;18768;1939;52;2025-02-11
9382;18769;132;61;2025-04-23
9383;18770;341;24;2025-02-11
9384;18771;340;40;2025-02-11
9385;18772;1938;60;2025-03-01
9386;18775;362;97;2025-02-25
9387;18777;789;28;2025-05-07
9388;18780;1798;74;2025-03-15
9389;18781;613;100;2025-02-15
9390;18783;380;15;2025-02-09
9391;18785;907;47;2025-05-16
9392;18786;1363;65;2025-02-28
9393;18787;1179;23;2025-06-28
9394;18788;1320;78;2025-01-10
9395;18790;1422;37;2025-06-27
9396;18792;1955;23;2025-03-14
9397;18795;1678;37;2025-02-25
9398;18797;1042;95;2025-04-04
9399;18799;1498;68;2025-01-06
9400;18800;698;13;2025-01-11
9401;18801;1187;33;2025-03-31
9402;18803;1169;27;2025-01-16
9403;18804;1042;74;2025-03-31
9404;18805;1657;74;2025-02-05
9405;18806;461;74;2025-06-30
9406;18810;1142;26;2025-06-04
9407;18812;1692;10;2025-04-11
9408;18813;1396;27;2025-03-16
9409;18817;1516;96;2025-06-17
9410;18818;780;6;2025-01-11
9411;18820;280;50;2025-04-28
9412;18822;682;31;2025-06-23
9413;18823;1400;78;2025-06-13
9414;18825;212;6;2025-06-22
9415;18827;1514;99;2025-02-15
9416;18829;293;40;2025-06-18
9417;18830;836;74;2025-04-20
9418;18831;1836;13;2025-01-09
9419;18833;1945;38;2025-03-22
9420;18834;1165;50;2025-03-20
9421;18835;991;74;2025-03-06
9422;18837;350;90;2025-03-27
9423;18838;1556;99;2025-02-10
9424;18839;49;76;2025-03-25
9425;18841;836;25;2025-03-18
9426;18843;1425;32;2025-05-03
9427;18845;1822;32;2025-02-19
9428;18846;1628;62;2025-01-13
9429;18847;1247;82;2025-03-27
9430;18848;1385;27;2025-05-17
9431;18849;507;75;2025-06-10
9432;18851;1489;36;2025-02-17
9433;18852;335;83;2025-02-12
9434;18853;1511;12;2025-03-12
9435;18854;1202;59;2025-03-16
9436;18855;898;98;2025-04-29
9437;18856;127;54;2025-04-24
9438;18857;1333;72;2025-03-17
9439;18858;578;99;2025-05-11
9440;18860;956;14;2025-04-30
9441;18862;1499;6;2025-01-12
9442;18864;1719;21;2025-05-16
9443;18865;1580;70;2025-04-06
9444;18868;231;54;2025-05-05
9445;18869;630;84;2025-06-19
9446;18871;525;29;2025-01-19
9447;18872;1693;10;2025-06-20
9448;18873;1985;61;2025-04-24
9449;18875;147;17;2025-05-27
9450;18876;355;90;2025-03-16
9451;18877;1165;44;2025-02-25
9452;18879;116;57;2025-01-22
9453;18880;267;51;2025-01-17
9454;18881;939;63;2025-06-22
9455;18882;1736;28;2025-06-25
9456;18883;1982;85;2025-01-21
9457;18885;1610;96;2025-02-26
9458;18889;851;44;2025-04-22
9459;18890;912;20;2025-06-17
9460;18893;708;59;2025-03-28
9461;18894;826;53;2025-05-27
9462;18898;320;80;2025-03-30
9463;18899;1595;89;2025-05-20
9464;18901;1976;48;2025-02-01
9465;18904;525;44;2025-04-06
9466;18906;230;28;2025-04-13
9467;18909;1789;45;2025-02-18
9468;18910;1940;47;2025-04-02
9469;18911;442;49;2025-06-28
9470;18913;1023;52;2025-02-18
9471;18914;299;1;2025-04-25
9472;18915;298;36;2025-01-11
9473;18917;1667;53;2025-03-19
9474;18920;1515;98;2025-04-21
9475;18924;1377;92;2025-05-31
9476;18932;278;75;2025-05-14
9477;18933;1067;47;2025-03-21
9478;18935;1455;90;2025-03-07
9479;18938;1450;4;2025-01-13
9480;18941;498;88;2025-04-21
9481;18944;1124;92;2025-01-23
9482;18946;1951;63;2025-05-27
9483;18948;1799;27;2025-02-09
9484;18950;40;59;2025-05-08
9485;18951;965;59;2025-06-09
9486;18952;1059;81;2025-06-21
9487;18953;790;30;2025-04-30
9488;18955;1011;31;2025-05-13
9489;18956;1416;7;2025-03-06
9490;18960;1764;10;2025-02-19
9491;18961;1521;39;2025-04-02
9492;18962;931;4;2025-02-17
9493;18963;113;60;2025-02-16
9494;18965;790;21;2025-04-11
9495;18966;1317;39;2025-01-05
9496;18967;169;52;2025-02-10
9497;18968;1208;88;2025-02-01
9498;18970;1320;69;2025-01-15
9499;18974;1743;60;2025-05-24
9500;18977;1521;26;2025-02-18
9501;18980;1552;33;2025-01-06
9502;18981;1587;1;2025-04-19
9503;18984;1328;48;2025-01-14
9504;18985;802;1;2025-06-29
9505;18989;55;6;2025-03-29
9506;18995;1454;48;2025-05-12
9507;18996;1699;67;2025-04-02
9508;18997;2000;48;2025-04-23
9509;19002;433;84;2025-01-19
9510;19005;1302;97;2025-06-08
9511;19008;241;56;2025-01-31
9512;19010;1797;52;2025-02-24
9513;19014;922;69;2025-03-14
9514;19015;1155;48;2025-01-31
9515;19017;899;17;2025-04-08
9516;19018;48;61;2025-03-14
9517;19019;386;78;2025-03-28
9518;19020;1315;25;2025-01-29
9519;19021;681;20;2025-04-03
9520;19023;1272;94;2025-01-14
9521;19027;121;64;2025-04-21
9522;19029;880;7;2025-04-04
9523;19031;1949;12;2025-02-24
9524;19032;1582;46;2025-01-22
9525;19033;1820;50;2025-03-05
9526;19035;414;59;2025-02-06
9527;19036;1017;82;2025-05-15
9528;19037;215;93;2025-01-15
9529;19038;939;22;2025-01-13
9530;19045;1857;86;2025-04-14
9531;19047;1259;54;2025-05-30
9532;19049;1443;3;2025-05-18
9533;19050;1652;67;2025-01-31
9534;19051;1816;55;2025-04-14
9535;19052;173;10;2025-01-06
9536;19054;640;89;2025-06-03
9537;19056;1606;99;2025-03-16
9538;19057;1526;96;2025-01-20
9539;19061;884;88;2025-01-07
9540;19063;1622;69;2025-02-14
9541;19067;729;5;2025-05-31
9542;19068;292;99;2025-05-18
9543;19076;1091;31;2025-02-16
9544;19078;1140;7;2025-04-17
9545;19082;774;85;2025-06-08
9546;19084;675;76;2025-03-30
9547;19085;457;29;2025-06-04
9548;19086;627;61;2025-04-12
9549;19087;1544;47;2025-01-27
9550;19088;1083;30;2025-06-18
9551;19091;585;40;2025-02-13
9552;19092;1316;52;2025-05-19
9553;19093;1919;28;2025-02-11
9554;19098;826;20;2025-05-15
9555;19099;1908;29;2025-04-17
9556;19102;1036;72;2025-04-26
9557;19105;1736;37;2025-04-05
9558;19107;448;65;2025-03-28
9559;19110;1283;20;2025-01-07
9560;19112;1128;62;2025-02-20
9561;19115;1548;53;2025-05-14
9562;19119;1457;80;2025-03-27
9563;19121;1139;98;2025-01-21
9564;19124;1827;93;2025-01-28
9565;19126;1445;98;2025-06-30
9566;19127;1017;61;2025-04-21
9567;19128;1933;90;2025-01-20
9568;19130;1456;20;2025-03-03
9569;19133;1081;14;2025-06-05
9570;19136;428;67;2025-05-08
9571;19138;624;45;2025-03-21
9572;19140;938;77;2025-02-28
9573;19142;1681;90;2025-06-04
9574;19143;729;84;2025-06-18
9575;19145;1042;96;2025-04-27
9576;19146;915;99;2025-03-27
9577;19149;1630;2;2025-01-17
9578;19150;1336;85;2025-04-11
9579;19151;1759;86;2025-02-25
9580;19153;552;45;2025-03-06
9581;19154;967;33;2025-01-23
9582;19156;1505;70;2025-02-08
9583;19157;1262;76;2025-04-23
9584;19158;852;17;2025-06-16
9585;19159;564;17;2025-06-28
9586;19162;1118;53;2025-01-22
9587;19165;741;75;2025-05-04
9588;19166;416;5;2025-04-10
9589;19168;61;48;2025-05-09
9590;19170;1220;11;2025-03-21
9591;19171;53;36;2025-01-17
9592;19172;1691;14;2025-02-09
9593;19176;1886;40;2025-02-02
9594;19177;914;4;2025-03-05
9595;19179;979;68;2025-04-08
9596;19180;673;77;2025-01-01
9597;19181;275;6;2025-03-18
9598;19184;1815;17;2025-04-28
9599;19185;559;89;2025-02-03
9600;19191;742;74;2025-02-17
9601;19192;931;8;2025-03-07
9602;19193;699;77;2025-01-04
9603;19194;480;56;2025-05-31
9604;19197;740;30;2025-04-04
9605;19198;675;17;2025-04-14
9606;19199;1345;25;2025-06-12
9607;19200;1924;100;2025-02-16
9608;19201;1405;61;2025-05-29
9609;19202;537;52;2025-01-10
9610;19203;680;32;2025-03-10
9611;19205;1033;49;2025-06-06
9612;19206;1355;53;2025-01-18
9613;19208;960;25;2025-06-26
9614;19213;1774;65;2025-04-28
9615;19215;1061;65;2025-03-11
9616;19216;1335;29;2025-02-28
9617;19217;51;57;2025-05-30
9618;19219;1125;24;2025-03-22
9619;19225;1076;8;2025-06-30
9620;19227;1304;49;2025-01-13
9621;19228;1105;17;2025-04-13
9622;19229;409;67;2025-06-18
9623;19232;213;28;2025-04-02
9624;19233;913;78;2025-04-29
9625;19235;175;84;2025-04-17
9626;19240;405;64;2025-03-17
9627;19246;1484;91;2025-05-14
9628;19247;1481;14;2025-06-14
9629;19248;1500;87;2025-05-05
9630;19253;1291;8;2025-02-03
9631;19257;934;14;2025-04-12
9632;19259;1307;49;2025-05-15
9633;19260;1364;50;2025-04-04
9634;19261;943;56;2025-02-07
9635;19262;684;78;2025-05-19
9636;19263;759;14;2025-02-20
9637;19265;1224;85;2025-01-17
9638;19266;54;85;2025-02-19
9639;19267;599;63;2025-02-27
9640;19268;1592;1;2025-03-04
9641;19269;515;33;2025-03-11
9642;19270;264;82;2025-05-03
9643;19272;709;92;2025-05-13
9644;19273;381;37;2025-01-17
9645;19274;1142;41;2025-05-26
9646;19278;935;83;2025-06-17
9647;19279;876;76;2025-02-21
9648;19284;1823;9;2025-02-12
9649;19285;715;99;2025-01-04
9650;19286;1752;7;2025-04-05
9651;19287;502;78;2025-06-28
9652;19289;68;36;2025-02-11
9653;19290;691;47;2025-06-30
9654;19293;599;47;2025-06-01
9655;19294;1370;43;2025-04-03
9656;19296;966;96;2025-03-01
9657;19297;196;22;2025-01-02
9658;19304;1648;48;2025-04-14
9659;19305;1792;53;2025-06-09
9660;19307;1646;38;2025-04-24
9661;19309;859;34;2025-06-22
9662;19310;639;52;2025-05-29
9663;19311;1040;28;2025-01-08
9664;19312;1356;15;2025-02-20
9665;19315;1157;70;2025-06-13
9666;19316;56;94;2025-01-06
9667;19317;563;7;2025-05-30
9668;19320;184;11;2025-02-14
9669;19321;546;15;2025-03-09
9670;19326;123;49;2025-05-31
9671;19327;1512;14;2025-05-11
9672;19328;984;18;2025-02-02
9673;19330;442;55;2025-02-10
9674;19331;1482;74;2025-06-07
9675;19332;1035;27;2025-06-02
9676;19334;215;5;2025-01-02
9677;19336;716;67;2025-05-08
9678;19337;873;72;2025-04-22
9679;19339;796;74;2025-01-10
9680;19340;1946;39;2025-01-12
9681;19341;636;54;2025-01-04
9682;19342;1771;75;2025-06-26
9683;19345;1647;56;2025-02-02
9684;19349;537;94;2025-02-19
9685;19350;210;71;2025-02-02
9686;19354;1184;4;2025-06-24
9687;19356;1222;91;2025-06-09
9688;19358;1771;55;2025-03-02
9689;19360;1004;53;2025-03-24
9690;19362;38;50;2025-05-28
9691;19364;418;76;2025-01-08
9692;19367;1689;84;2025-01-05
9693;19368;220;83;2025-03-30
9694;19369;1831;42;2025-04-19
9695;19371;598;15;2025-06-07
9696;19372;614;19;2025-06-13
9697;19381;1977;86;2025-02-14
9698;19382;1899;46;2025-06-25
9699;19387;844;49;2025-05-24
9700;19389;730;45;2025-06-24
9701;19390;829;57;2025-02-23
9702;19392;1728;73;2025-06-15
9703;19395;165;6;2025-02-24
9704;19396;757;80;2025-05-26
9705;19397;202;91;2025-03-04
9706;19400;1020;77;2025-06-25
9707;19403;1040;21;2025-06-23
9708;19406;1424;21;2025-06-05
9709;19409;1387;65;2025-06-01
9710;19410;293;91;2025-05-20
9711;19411;1697;85;2025-05-06
9712;19412;1053;8;2025-06-07
9713;19417;106;83;2025-05-23
9714;19419;1161;85;2025-05-14
9715;19423;160;51;2025-03-08
9716;19424;1997;54;2025-06-02
9717;19426;30;46;2025-01-15
9718;19427;1523;76;2025-05-24
9719;19429;154;24;2025-01-10
9720;19431;1055;10;2025-03-21
9721;19433;1397;21;2025-06-20
9722;19438;1434;59;2025-04-11
9723;19440;884;52;2025-03-12
9724;19441;551;41;2025-02-09
9725;19442;1359;72;2025-05-20
9726;19444;1867;37;2025-06-07
9727;19446;683;89;2025-06-01
9728;19447;524;33;2025-05-08
9729;19449;227;80;2025-03-21
9730;19450;1055;45;2025-02-12
9731;19451;514;26;2025-06-04
9732;19452;832;24;2025-02-05
9733;19455;1675;92;2025-05-25
9734;19459;1454;40;2025-02-26
9735;19460;1426;84;2025-02-01
9736;19461;860;22;2025-05-31
9737;19466;1636;64;2025-04-12
9738;19468;601;48;2025-03-22
9739;19471;1536;31;2025-03-10
9740;19472;1357;86;2025-06-15
9741;19474;1050;40;2025-06-15
9742;19475;28;7;2025-06-08
9743;19477;1564;63;2025-02-11
9744;19478;1075;77;2025-04-24
9745;19479;1113;46;2025-04-12
9746;19489;696;55;2025-01-26
9747;19490;1131;16;2025-06-02
9748;19491;732;81;2025-02-12
9749;19494;283;95;2025-05-05
9750;19496;626;58;2025-03-11
9751;19497;1592;83;2025-05-04
9752;19498;1897;72;2025-05-26
9753;19503;787;58;2025-01-28
9754;19506;1281;18;2025-05-07
9755;19511;125;44;2025-01-17
9756;19513;1741;48;2025-02-26
9757;19514;33;81;2025-01-30
9758;19515;232;89;2025-01-17
9759;19516;577;79;2025-03-19
9760;19517;1706;27;2025-02-18
9761;19520;1389;74;2025-04-07
9762;19521;688;59;2025-02-07
9763;19523;1978;77;2025-01-07
9764;19528;1196;14;2025-04-28
9765;19530;826;31;2025-04-23
9766;19534;890;78;2025-06-10
9767;19535;1276;55;2025-04-28
9768;19539;54;4;2025-04-26
9769;19540;232;74;2025-06-08
9770;19541;1769;32;2025-05-10
9771;19543;1944;72;2025-06-12
9772;19552;1656;66;2025-03-02
9773;19556;966;4;2025-06-24
9774;19557;630;22;2025-06-01
9775;19559;235;79;2025-06-06
9776;19564;492;50;2025-01-16
9777;19565;1871;5;2025-05-07
9778;19569;618;91;2025-02-24
9779;19570;826;45;2025-03-20
9780;19574;914;16;2025-03-13
9781;19575;946;91;2025-05-08
9782;19576;710;85;2025-05-15
9783;19577;1373;65;2025-04-04
9784;19579;135;79;2025-05-10
9785;19582;124;84;2025-05-07
9786;19584;1234;97;2025-02-14
9787;19585;566;57;2025-03-03
9788;19590;1610;17;2025-01-31
9789;19593;1078;22;2025-05-06
9790;19594;1469;50;2025-06-17
9791;19595;452;60;2025-04-27
9792;19598;1518;8;2025-04-08
9793;19600;1835;63;2025-06-29
9794;19601;497;15;2025-06-13
9795;19604;670;61;2025-01-31
9796;19605;1679;74;2025-03-27
9797;19607;1356;33;2025-06-04
9798;19608;936;69;2025-04-29
9799;19611;114;77;2025-06-13
9800;19612;1311;81;2025-03-29
9801;19615;402;29;2025-03-09
9802;19616;214;82;2025-05-03
9803;19617;353;11;2025-06-01
9804;19619;376;69;2025-06-10
9805;19620;1136;1;2025-04-09
9806;19625;961;14;2025-06-14
9807;19626;1090;16;2025-04-23
9808;19627;657;78;2025-06-18
9809;19628;827;11;2025-02-11
9810;19629;1556;70;2025-02-26
9811;19632;49;98;2025-02-02
9812;19640;945;16;2025-01-15
9813;19641;1276;86;2025-04-28
9814;19642;1947;34;2025-04-25
9815;19644;113;7;2025-03-05
9816;19646;702;38;2025-06-09
9817;19647;400;63;2025-01-16
9818;19648;767;76;2025-04-21
9819;19650;813;28;2025-04-12
9820;19656;1189;79;2025-01-21
9821;19657;212;23;2025-01-10
9822;19658;1628;64;2025-01-09
9823;19659;1102;82;2025-04-09
9824;19661;610;60;2025-04-17
9825;19662;295;94;2025-02-19
9826;19663;198;54;2025-01-31
9827;19665;256;85;2025-04-09
9828;19670;166;44;2025-06-25
9829;19671;1632;10;2025-03-11
9830;19675;162;64;2025-04-27
9831;19678;520;27;2025-06-02
9832;19682;1108;17;2025-01-09
9833;19684;1816;85;2025-06-20
9834;19685;1775;83;2025-04-27
9835;19688;242;30;2025-01-19
9836;19691;1408;16;2025-02-08
9837;19692;1936;16;2025-05-18
9838;19693;456;88;2025-02-13
9839;19694;303;77;2025-04-30
9840;19697;1643;66;2025-04-12
9841;19698;1338;7;2025-06-11
9842;19699;384;63;2025-03-13
9843;19703;1897;29;2025-04-20
9844;19704;215;28;2025-04-04
9845;19705;666;21;2025-02-05
9846;19708;961;33;2025-02-04
9847;19709;248;63;2025-06-23
9848;19712;970;49;2025-01-21
9849;19713;104;39;2025-06-06
9850;19715;1553;56;2025-03-10
9851;19716;602;66;2025-06-02
9852;19718;407;5;2025-05-01
9853;19719;1776;14;2025-02-12
9854;19724;1945;29;2025-02-17
9855;19727;1656;91;2025-01-04
9856;19729;1787;40;2025-01-24
9857;19731;1867;32;2025-03-25
9858;19733;361;86;2025-06-24
9859;19734;828;51;2025-06-04
9860;19735;146;67;2025-01-21
9861;19737;690;66;2025-02-18
9862;19741;831;80;2025-03-17
9863;19745;1119;45;2025-01-21
9864;19746;1131;35;2025-03-27
9865;19747;1620;44;2025-04-12
9866;19748;178;31;2025-04-14
9867;19751;1722;48;2025-05-16
9868;19754;1199;66;2025-02-25
9869;19758;804;28;2025-04-03
9870;19759;1707;3;2025-02-18
9871;19765;688;12;2025-01-14
9872;19766;52;85;2025-02-17
9873;19768;747;54;2025-06-09
9874;19771;964;33;2025-06-10
9875;19773;481;44;2025-04-28
9876;19775;291;90;2025-02-27
9877;19776;1648;61;2025-03-15
9878;19777;921;92;2025-05-10
9879;19778;1696;61;2025-03-02
9880;19780;295;74;2025-07-02
9881;19784;1686;44;2025-02-04
9882;19786;1925;56;2025-05-28
9883;19787;1787;77;2025-02-24
9884;19789;1391;1;2025-02-14
9885;19792;1253;85;2025-01-27
9886;19795;1208;87;2025-01-10
9887;19797;1483;73;2025-03-10
9888;19799;474;49;2025-02-16
9889;19802;1698;13;2025-02-17
9890;19806;1413;68;2025-02-15
9891;19807;380;91;2025-01-28
9892;19808;1640;45;2025-04-01
9893;19809;488;4;2025-03-23
9894;19812;1592;28;2025-05-27
9895;19815;1444;67;2025-03-30
9896;19816;1669;95;2025-04-20
9897;19817;9;91;2025-04-15
9898;19820;461;79;2025-05-30
9899;19823;663;30;2025-06-15
9900;19827;176;8;2025-02-04
9901;19828;1349;36;2025-04-29
9902;19829;318;67;2025-05-27
9903;19830;244;19;2025-01-25
9904;19831;1101;13;2025-04-15
9905;19832;676;59;2025-01-15
9906;19833;1588;90;2025-02-27
9907;19837;939;6;2025-06-18
9908;19838;1790;14;2025-04-02
9909;19839;1270;73;2025-05-29
9910;19842;907;90;2025-01-17
9911;19844;405;18;2025-03-13
9912;19846;1625;84;2025-06-25
9913;19848;923;94;2025-03-10
9914;19849;404;77;2025-02-10
9915;19851;1745;54;2025-02-10
9916;19852;881;77;2025-02-02
9917;19854;1565;63;2025-03-12
9918;19855;303;75;2025-02-07
9919;19857;618;39;2025-06-16
9920;19860;1369;94;2025-01-10
9921;19861;1878;18;2025-03-08
9922;19865;1901;88;2025-05-19
9923;19867;31;62;2025-02-22
9924;19868;482;48;2025-05-02
9925;19871;180;98;2025-03-25
9926;19872;1332;18;2025-02-21
9927;19876;472;12;2025-04-01
9928;19879;1773;98;2025-03-06
9929;19882;993;66;2025-05-21
9930;19883;1171;39;2025-06-27
9931;19884;1381;17;2025-01-10
9932;19885;816;32;2025-02-06
9933;19886;1167;92;2025-03-09
9934;19890;944;45;2025-06-24
9935;19893;1360;70;2025-01-24
9936;19895;1929;2;2025-06-02
9937;19896;1240;90;2025-01-30
9938;19898;510;48;2025-03-30
9939;19900;1886;37;2025-04-23
9940;19903;168;12;2025-01-26
9941;19904;880;98;2025-03-24
9942;19905;559;9;2025-02-27
9943;19906;928;19;2025-05-06
9944;19909;1021;82;2025-05-04
9945;19912;1648;88;2025-02-16
9946;19913;222;89;2025-05-18
9947;19914;1670;81;2025-03-20
9948;19915;1754;63;2025-06-21
9949;19916;1408;55;2025-06-10
9950;19917;1577;28;2025-02-07
9951;19919;289;56;2025-03-12
9952;19924;1131;14;2025-03-22
9953;19927;1976;22;2025-01-06
9954;19928;1820;30;2025-06-07
9955;19929;1681;67;2025-06-15
9956;19930;745;32;2025-03-05
9957;19932;1996;89;2025-03-26
9958;19933;1637;17;2025-03-09
9959;19934;801;4;2025-04-23
9960;19937;101;22;2025-06-06
9961;19938;1788;29;2025-02-02
9962;19939;1732;64;2025-05-03
9963;19940;689;38;2025-04-01
9964;19943;603;41;2025-03-10
9965;19945;1541;12;2025-06-08
9966;19947;837;84;2025-02-26
9967;19948;1044;80;2025-06-16
9968;19951;389;49;2025-02-25
9969;19953;876;7;2025-05-14
9970;19957;1186;4;2025-06-06
9971;19958;949;54;2025-04-15
9972;19961;1641;69;2025-02-09
9973;19962;291;99;2025-06-15
9974;19964;999;60;2025-02-22
9975;19967;158;89;2025-01-31
9976;19970;702;54;2025-03-27
9977;19971;711;55;2025-06-07
9978;19972;552;25;2025-01-15
9979;19974;1261;100;2025-05-10
9980;19975;1595;71;2025-06-05
9981;19976;540;37;2025-04-17
9982;19977;483;86;2025-06-07
9983;19978;1176;36;2025-07-02
9984;19979;309;40;2025-03-28
9985;19983;1869;52;2025-01-24
9986;19986;1866;33;2025-04-02
9987;19987;517;82;2025-01-11
9988;19989;1726;98;2025-02-08
9989;19991;1954;92;2025-05-09
9990;19992;536;74;2025-03-22
9991;19993;47;78;2025-02-12
9992;19994;1525;71;2025-06-12
9993;19996;412;34;2025-03-08
9994;19997;1887;97;2025-04-23
