search_id;user_id;search_query;search_date
1;652;language learning;2025-04-14
2;782;video editor;2025-05-20
3;433;fitness tracker;2025-05-02
4;285;chat app;2025-05-23
5;788;vpn;2025-04-17
6;316;crypto tracker;2025-06-21
7;258;music player;2025-01-03
8;147;free games;2025-02-06
9;1478;job search;2025-06-18
10;895;music player;2025-01-22
11;282;video editor;2025-04-27
12;1831;puzzle games;2025-04-19
13;1277;fitness tracker;2025-04-27
14;1044;video editor;2025-05-22
15;1680;meditation app;2025-04-09
16;728;weather app;2025-02-17
17;870;puzzle games;2025-01-02
18;1184;job search;2025-03-02
19;1459;task manager;2025-03-10
20;842;grocery list;2025-05-28
21;752;budget app;2025-01-10
22;1164;job search;2025-06-30
23;755;learn english;2025-05-29
24;987;photo editor;2025-02-06
25;1496;task manager;2025-03-13
26;953;task manager;2025-01-21
27;1072;puzzle games;2025-01-23
28;503;job search;2025-06-11
29;1519;photo editor;2025-06-25
30;1298;grocery list;2025-05-29
31;640;puzzle games;2025-01-14
32;1851;recipe app;2025-05-17
33;1595;free games;2025-05-01
34;930;task manager;2025-05-01
35;1176;recipe app;2025-04-18
36;723;crypto tracker;2025-03-16
37;344;budget app;2025-06-27
38;1891;puzzle games;2025-03-19
39;1489;travel planner;2025-03-08
40;126;job search;2025-05-29
41;347;travel planner;2025-01-14
42;1345;crypto tracker;2025-06-09
43;56;crypto tracker;2025-05-05
44;169;music player;2025-05-10
45;158;note taking;2025-03-06
46;272;puzzle games;2025-03-13
47;564;note taking;2025-01-04
48;1519;learn english;2025-06-04
49;358;travel planner;2025-02-08
50;1350;meditation app;2025-04-05
51;1655;fitness tracker;2025-03-08
52;1603;weather app;2025-05-05
53;371;task manager;2025-01-09
54;703;photo editor;2025-02-07
55;1220;music player;2025-05-07
56;1542;video editor;2025-04-09
57;488;meditation app;2025-06-13
58;343;chat app;2025-05-28
59;1504;vpn;2025-01-14
60;1316;note taking;2025-01-30
61;108;fitness tracker;2025-04-29
62;817;job search;2025-03-19
63;976;grocery list;2025-03-01
64;778;language learning;2025-05-02
65;538;music player;2025-05-16
66;1783;video editor;2025-01-04
67;592;meditation app;2025-04-08
68;1390;recipe app;2025-05-16
69;1399;budget app;2025-01-25
70;1880;grocery list;2025-06-13
71;725;video editor;2025-06-06
72;1881;note taking;2025-03-27
73;554;note taking;2025-01-26
74;523;travel planner;2025-04-11
75;945;weather app;2025-06-22
76;1206;chat app;2025-05-14
77;692;fitness tracker;2025-03-22
78;1122;free games;2025-06-22
79;18;photo editor;2025-01-04
80;843;learn english;2025-05-15
81;213;meditation app;2025-03-31
82;450;crypto tracker;2025-03-06
83;396;budget app;2025-01-07
84;1269;photo editor;2025-01-15
85;1923;puzzle games;2025-06-18
86;1831;chat app;2025-06-03
87;1307;learn english;2025-01-31
88;177;puzzle games;2025-02-03
89;770;travel planner;2025-02-17
90;1836;learn english;2025-06-28
91;378;note taking;2025-03-17
92;957;photo editor;2025-06-13
93;929;note taking;2025-04-20
94;1418;recipe app;2025-03-07
95;332;photo editor;2025-03-12
96;1592;budget app;2025-04-08
97;796;recipe app;2025-01-16
98;529;note taking;2025-02-15
99;903;photo editor;2025-05-06
100;1902;chat app;2025-06-06
101;805;fitness tracker;2025-06-15
102;1008;learn english;2025-02-06
103;1108;video editor;2025-02-25
104;1258;learn english;2025-04-24
105;1466;note taking;2025-01-27
106;72;photo editor;2025-01-19
107;1171;note taking;2025-04-25
108;39;job search;2025-02-08
109;1338;free games;2025-01-10
110;1362;language learning;2025-03-10
111;311;recipe app;2025-04-11
112;1177;free games;2025-05-12
113;1450;job search;2025-05-03
114;894;language learning;2025-01-18
115;1107;weather app;2025-01-01
116;788;job search;2025-02-01
117;1162;grocery list;2025-04-02
118;683;crypto tracker;2025-04-13
119;114;photo editor;2025-04-04
120;1095;recipe app;2025-01-21
121;1723;meditation app;2025-03-16
122;1327;chat app;2025-02-15
123;1136;budget app;2025-04-09
124;1354;chat app;2025-03-18
125;1426;language learning;2025-01-28
126;1292;vpn;2025-05-05
127;174;meditation app;2025-02-18
128;287;budget app;2025-02-19
129;52;travel planner;2025-03-03
130;1002;language learning;2025-01-17
131;1624;grocery list;2025-06-14
132;631;job search;2025-05-17
133;1977;meditation app;2025-01-05
134;76;recipe app;2025-01-15
135;692;budget app;2025-04-14
136;243;chat app;2025-06-17
137;1367;task manager;2025-04-28
138;1926;grocery list;2025-02-08
139;1518;travel planner;2025-03-01
140;1895;photo editor;2025-01-10
141;1507;music player;2025-05-06
142;1340;free games;2025-05-01
143;1858;puzzle games;2025-01-12
144;498;music player;2025-01-04
145;353;budget app;2025-03-20
146;1681;learn english;2025-04-27
147;1252;fitness tracker;2025-06-01
148;131;learn english;2025-01-30
149;1019;puzzle games;2025-06-07
150;452;photo editor;2025-02-21
151;873;recipe app;2025-06-23
152;824;recipe app;2025-01-31
153;1999;travel planner;2025-05-20
154;282;recipe app;2025-02-24
155;1566;budget app;2025-06-01
156;356;recipe app;2025-01-17
157;248;note taking;2025-02-06
158;1552;video editor;2025-02-13
159;1427;vpn;2025-05-22
160;338;meditation app;2025-03-04
161;1896;travel planner;2025-01-11
162;274;learn english;2025-06-11
163;1255;language learning;2025-02-10
164;33;job search;2025-01-21
165;14;free games;2025-02-15
166;1897;photo editor;2025-06-30
167;1335;travel planner;2025-03-14
168;853;job search;2025-06-27
169;260;chat app;2025-02-06
170;1311;note taking;2025-05-14
171;923;video editor;2025-03-03
172;1922;fitness tracker;2025-06-06
173;1417;budget app;2025-06-02
174;369;job search;2025-06-06
175;1947;photo editor;2025-06-10
176;1693;crypto tracker;2025-03-31
177;858;free games;2025-05-23
178;483;chat app;2025-01-31
179;1086;learn english;2025-06-08
180;742;grocery list;2025-05-10
181;450;meditation app;2025-06-10
182;1351;chat app;2025-03-12
183;109;chat app;2025-01-29
184;1632;music player;2025-06-25
185;1729;job search;2025-05-08
186;362;fitness tracker;2025-06-21
187;1890;budget app;2025-01-14
188;1321;vpn;2025-03-14
189;430;video editor;2025-03-06
190;685;puzzle games;2025-04-27
191;89;learn english;2025-01-14
192;1895;grocery list;2025-02-15
193;324;free games;2025-05-05
194;1055;learn english;2025-01-19
195;1834;weather app;2025-04-24
196;1214;travel planner;2025-03-25
197;859;chat app;2025-06-23
198;1840;recipe app;2025-02-28
199;1596;learn english;2025-03-25
200;467;learn english;2025-03-02
201;1511;video editor;2025-02-21
202;770;weather app;2025-01-19
203;965;travel planner;2025-05-05
204;112;video editor;2025-02-07
205;443;puzzle games;2025-04-27
206;365;language learning;2025-04-06
207;280;meditation app;2025-02-19
208;1295;vpn;2025-03-11
209;415;recipe app;2025-02-02
210;66;travel planner;2025-01-16
211;575;music player;2025-01-29
212;1745;meditation app;2025-04-28
213;857;fitness tracker;2025-03-29
214;451;crypto tracker;2025-06-04
215;322;puzzle games;2025-02-13
216;1184;grocery list;2025-02-28
217;178;video editor;2025-05-14
218;1002;chat app;2025-06-01
219;970;meditation app;2025-03-13
220;30;video editor;2025-03-05
221;508;recipe app;2025-04-22
222;1187;weather app;2025-06-01
223;1938;music player;2025-05-27
224;1840;free games;2025-04-17
225;91;budget app;2025-05-01
226;1503;task manager;2025-01-09
227;872;task manager;2025-04-11
228;982;learn english;2025-04-26
229;1015;weather app;2025-01-22
230;1144;free games;2025-06-27
231;1499;video editor;2025-02-25
232;272;vpn;2025-03-17
233;490;photo editor;2025-01-05
234;983;crypto tracker;2025-02-11
235;1441;meditation app;2025-05-27
236;1531;travel planner;2025-01-07
237;2000;meditation app;2025-04-29
238;1581;music player;2025-06-30
239;831;fitness tracker;2025-04-05
240;1284;meditation app;2025-06-30
241;1298;free games;2025-06-10
242;145;language learning;2025-06-26
243;682;task manager;2025-01-09
244;608;video editor;2025-03-11
245;1430;puzzle games;2025-05-19
246;1179;chat app;2025-06-25
247;166;puzzle games;2025-03-27
248;1507;budget app;2025-05-12
249;1937;vpn;2025-01-14
250;228;language learning;2025-04-04
251;954;puzzle games;2025-01-11
252;749;vpn;2025-02-14
253;1328;grocery list;2025-06-30
254;138;grocery list;2025-02-22
255;284;recipe app;2025-03-03
256;1106;learn english;2025-06-16
257;980;travel planner;2025-06-29
258;430;weather app;2025-03-24
259;723;note taking;2025-05-09
260;1394;video editor;2025-03-12
261;112;photo editor;2025-04-06
262;708;meditation app;2025-05-05
263;1027;task manager;2025-02-01
264;963;grocery list;2025-06-23
265;1691;grocery list;2025-03-16
266;926;puzzle games;2025-04-05
267;1639;photo editor;2025-02-18
268;1827;meditation app;2025-01-23
269;165;language learning;2025-02-15
270;591;photo editor;2025-01-28
271;338;note taking;2025-01-29
272;1428;music player;2025-05-08
273;309;chat app;2025-05-14
274;1950;free games;2025-03-17
275;854;grocery list;2025-02-03
276;971;vpn;2025-04-18
277;910;free games;2025-03-16
278;388;photo editor;2025-01-06
279;1786;weather app;2025-05-14
280;1321;recipe app;2025-04-16
281;1186;recipe app;2025-06-17
282;1324;recipe app;2025-05-05
283;1216;task manager;2025-05-21
284;912;meditation app;2025-03-19
285;1162;music player;2025-03-20
286;352;note taking;2025-02-28
287;992;vpn;2025-03-15
288;1577;budget app;2025-02-07
289;724;crypto tracker;2025-04-27
290;1959;fitness tracker;2025-06-08
291;1893;fitness tracker;2025-05-18
292;585;fitness tracker;2025-02-14
293;1719;music player;2025-02-11
294;488;learn english;2025-01-11
295;649;travel planner;2025-02-02
296;903;note taking;2025-04-05
297;378;chat app;2025-05-24
298;1449;budget app;2025-06-20
299;650;vpn;2025-02-07
300;764;meditation app;2025-05-19
301;1998;fitness tracker;2025-05-17
302;618;learn english;2025-01-07
303;829;job search;2025-02-07
304;1942;meditation app;2025-03-23
305;320;free games;2025-05-20
306;1999;task manager;2025-03-26
307;1326;crypto tracker;2025-05-02
308;1835;crypto tracker;2025-05-27
309;1366;music player;2025-05-25
310;1493;meditation app;2025-03-28
311;1412;learn english;2025-05-03
312;1844;budget app;2025-02-05
313;1389;grocery list;2025-01-30
314;631;free games;2025-04-13
315;1265;weather app;2025-04-25
316;732;photo editor;2025-03-25
317;113;puzzle games;2025-06-14
318;400;travel planner;2025-05-15
319;455;note taking;2025-02-20
320;47;photo editor;2025-05-18
321;1740;meditation app;2025-06-23
322;1376;photo editor;2025-05-12
323;808;chat app;2025-05-06
324;651;puzzle games;2025-06-04
325;1048;budget app;2025-06-20
326;740;language learning;2025-02-07
327;1467;video editor;2025-04-05
328;791;vpn;2025-01-04
329;583;vpn;2025-03-31
330;631;meditation app;2025-05-24
331;180;chat app;2025-04-24
332;1519;video editor;2025-04-24
333;592;fitness tracker;2025-04-19
334;1493;video editor;2025-02-05
335;1712;travel planner;2025-06-03
336;177;music player;2025-02-23
337;622;job search;2025-05-15
338;687;photo editor;2025-06-01
339;1549;language learning;2025-01-23
340;14;video editor;2025-06-13
341;1873;note taking;2025-04-17
342;359;grocery list;2025-04-29
343;1455;travel planner;2025-02-05
344;409;fitness tracker;2025-04-08
345;593;grocery list;2025-05-06
346;87;crypto tracker;2025-05-30
347;623;job search;2025-05-24
348;1516;meditation app;2025-02-27
349;55;free games;2025-02-09
350;538;crypto tracker;2025-06-13
351;1709;job search;2025-02-01
352;1340;crypto tracker;2025-04-17
353;368;job search;2025-06-26
354;1321;weather app;2025-01-08
355;245;note taking;2025-05-07
356;1988;photo editor;2025-06-03
357;1527;vpn;2025-05-29
358;985;travel planner;2025-04-22
359;1779;note taking;2025-06-10
360;1405;job search;2025-06-27
361;1676;learn english;2025-04-06
362;1050;travel planner;2025-01-05
363;1732;note taking;2025-02-11
364;1192;budget app;2025-02-07
365;655;meditation app;2025-06-27
366;278;vpn;2025-02-11
367;109;note taking;2025-04-03
368;860;vpn;2025-01-13
369;594;crypto tracker;2025-05-16
370;1309;photo editor;2025-05-12
371;397;fitness tracker;2025-01-25
372;1227;fitness tracker;2025-05-20
373;661;recipe app;2025-06-25
374;1639;crypto tracker;2025-03-11
375;1404;vpn;2025-01-25
376;1095;travel planner;2025-04-01
377;1687;music player;2025-01-04
378;281;task manager;2025-03-14
379;764;job search;2025-04-16
380;697;fitness tracker;2025-01-27
381;447;music player;2025-05-09
382;453;chat app;2025-05-24
383;1257;task manager;2025-05-17
384;1460;grocery list;2025-06-29
385;1549;learn english;2025-04-17
386;944;photo editor;2025-01-30
387;1677;music player;2025-01-05
388;983;vpn;2025-03-21
389;1416;vpn;2025-02-05
390;1674;meditation app;2025-06-02
391;1072;recipe app;2025-02-14
392;1454;crypto tracker;2025-01-08
393;1525;learn english;2025-02-26
394;264;music player;2025-06-26
395;465;crypto tracker;2025-02-02
396;430;music player;2025-01-21
397;871;learn english;2025-01-20
398;39;job search;2025-04-21
399;88;chat app;2025-01-28
400;68;task manager;2025-06-01
401;122;job search;2025-01-31
402;1861;note taking;2025-01-12
403;136;crypto tracker;2025-06-20
404;22;learn english;2025-02-01
405;1885;puzzle games;2025-02-22
406;1204;chat app;2025-02-17
407;1374;vpn;2025-01-08
408;186;music player;2025-03-13
409;1944;travel planner;2025-03-31
410;722;fitness tracker;2025-05-09
411;1600;puzzle games;2025-03-03
412;1035;travel planner;2025-01-18
413;203;travel planner;2025-01-04
414;1084;chat app;2025-02-19
415;1975;crypto tracker;2025-02-13
416;1847;grocery list;2025-01-02
417;1994;learn english;2025-02-24
418;1886;task manager;2025-05-02
419;751;travel planner;2025-02-17
420;901;learn english;2025-02-16
421;1710;vpn;2025-04-08
422;869;chat app;2025-05-12
423;467;video editor;2025-01-29
424;1560;recipe app;2025-02-01
425;955;learn english;2025-05-14
426;279;job search;2025-04-03
427;1444;crypto tracker;2025-05-23
428;1479;budget app;2025-01-22
429;672;job search;2025-01-30
430;789;crypto tracker;2025-04-27
431;1230;crypto tracker;2025-06-25
432;2000;meditation app;2025-02-27
433;1135;video editor;2025-03-16
434;1752;video editor;2025-02-18
435;1755;photo editor;2025-05-02
436;1924;vpn;2025-02-15
437;27;job search;2025-06-22
438;216;language learning;2025-04-23
439;1071;photo editor;2025-01-31
440;294;language learning;2025-04-13
441;1424;travel planner;2025-01-27
442;1519;fitness tracker;2025-01-17
443;745;chat app;2025-03-28
444;411;puzzle games;2025-04-14
445;252;weather app;2025-04-19
446;1486;job search;2025-03-13
447;1567;travel planner;2025-06-01
448;560;language learning;2025-04-02
449;975;puzzle games;2025-04-14
450;993;task manager;2025-03-13
451;302;meditation app;2025-01-28
452;251;note taking;2025-05-06
453;1019;weather app;2025-06-10
454;1931;music player;2025-01-08
455;204;budget app;2025-01-18
456;1021;free games;2025-02-15
457;784;puzzle games;2025-06-23
458;670;music player;2025-03-19
459;1274;puzzle games;2025-01-25
460;1557;photo editor;2025-06-19
461;1540;task manager;2025-05-07
462;1624;meditation app;2025-02-21
463;602;job search;2025-05-06
464;1034;note taking;2025-05-19
465;704;grocery list;2025-05-20
466;37;budget app;2025-04-21
467;1803;learn english;2025-04-09
468;922;recipe app;2025-04-07
469;907;meditation app;2025-01-10
470;68;fitness tracker;2025-05-23
471;1351;crypto tracker;2025-06-30
472;337;job search;2025-04-21
473;276;crypto tracker;2025-04-10
474;999;learn english;2025-05-26
475;1383;job search;2025-06-18
476;1135;grocery list;2025-05-27
477;963;job search;2025-05-24
478;1750;fitness tracker;2025-05-10
479;115;language learning;2025-03-09
480;1014;travel planner;2025-04-07
481;1264;vpn;2025-03-14
482;657;budget app;2025-01-08
483;1210;budget app;2025-02-02
484;1715;vpn;2025-03-31
485;1658;travel planner;2025-01-07
486;1568;recipe app;2025-04-08
487;200;video editor;2025-03-30
488;732;video editor;2025-03-31
489;116;weather app;2025-03-05
490;481;crypto tracker;2025-06-01
491;174;photo editor;2025-03-20
492;235;recipe app;2025-02-13
493;41;grocery list;2025-03-25
494;77;meditation app;2025-06-18
495;1769;video editor;2025-05-26
496;1055;video editor;2025-03-10
497;42;job search;2025-05-31
498;46;recipe app;2025-04-07
499;1169;language learning;2025-03-24
500;1173;learn english;2025-05-06
501;205;chat app;2025-03-28
502;1018;task manager;2025-06-20
503;696;fitness tracker;2025-06-07
504;614;vpn;2025-04-22
505;414;job search;2025-06-12
506;1736;photo editor;2025-05-18
507;439;crypto tracker;2025-03-09
508;98;crypto tracker;2025-05-27
509;824;weather app;2025-06-09
510;1522;photo editor;2025-05-29
511;195;travel planner;2025-03-28
512;560;photo editor;2025-05-26
513;1641;task manager;2025-05-02
514;875;chat app;2025-03-30
515;1630;photo editor;2025-06-16
516;1688;crypto tracker;2025-05-10
517;1647;crypto tracker;2025-04-21
518;1359;grocery list;2025-03-22
519;410;video editor;2025-04-13
520;515;puzzle games;2025-05-12
521;929;grocery list;2025-02-16
522;1805;free games;2025-06-10
523;1441;task manager;2025-02-17
524;1182;job search;2025-02-24
525;1354;meditation app;2025-03-10
526;1920;grocery list;2025-06-07
527;1747;video editor;2025-05-25
528;1489;budget app;2025-05-14
529;411;vpn;2025-04-29
530;303;weather app;2025-02-08
531;1529;crypto tracker;2025-04-22
532;841;recipe app;2025-01-17
533;1299;chat app;2025-04-16
534;547;crypto tracker;2025-06-15
535;329;note taking;2025-06-25
536;1232;weather app;2025-04-14
537;489;learn english;2025-02-08
538;394;free games;2025-03-04
539;1633;crypto tracker;2025-04-29
540;995;grocery list;2025-04-22
541;865;budget app;2025-02-21
542;327;note taking;2025-02-04
543;60;note taking;2025-03-13
544;1349;grocery list;2025-02-15
545;1320;budget app;2025-05-05
546;1603;free games;2025-01-15
547;1761;photo editor;2025-03-22
548;1233;crypto tracker;2025-01-17
549;1845;video editor;2025-04-04
550;1376;photo editor;2025-04-12
551;1932;music player;2025-03-02
552;230;travel planner;2025-05-09
553;1911;learn english;2025-05-14
554;1361;travel planner;2025-05-15
555;516;job search;2025-01-24
556;488;puzzle games;2025-02-01
557;1584;recipe app;2025-03-26
558;1705;travel planner;2025-04-10
559;1651;weather app;2025-04-19
560;447;music player;2025-01-28
561;359;chat app;2025-03-12
562;901;video editor;2025-03-07
563;1768;travel planner;2025-01-15
564;1005;grocery list;2025-04-06
565;1433;learn english;2025-03-23
566;1118;video editor;2025-05-02
567;1399;weather app;2025-03-13
568;1802;music player;2025-04-03
569;974;vpn;2025-03-20
570;44;puzzle games;2025-01-09
571;1724;budget app;2025-06-26
572;1879;weather app;2025-03-06
573;1132;language learning;2025-03-21
574;1309;vpn;2025-06-25
575;250;grocery list;2025-03-02
576;1757;meditation app;2025-04-10
577;17;language learning;2025-03-07
578;617;photo editor;2025-03-02
579;610;chat app;2025-02-11
580;1876;meditation app;2025-06-11
581;650;video editor;2025-01-09
582;562;photo editor;2025-05-06
583;965;video editor;2025-03-27
584;1470;video editor;2025-01-26
585;1689;fitness tracker;2025-06-28
586;535;task manager;2025-01-17
587;721;video editor;2025-06-04
588;1494;grocery list;2025-03-25
589;929;free games;2025-01-14
590;1314;fitness tracker;2025-06-11
591;909;music player;2025-01-01
592;821;chat app;2025-06-10
593;626;recipe app;2025-05-28
594;169;learn english;2025-02-10
595;512;task manager;2025-06-16
596;1563;music player;2025-06-02
597;1405;video editor;2025-03-23
598;925;job search;2025-02-04
599;534;fitness tracker;2025-06-25
600;1215;recipe app;2025-03-14
601;407;photo editor;2025-04-17
602;753;fitness tracker;2025-04-11
603;1795;language learning;2025-05-27
604;460;free games;2025-01-06
605;1891;grocery list;2025-06-15
606;1254;weather app;2025-01-23
607;1996;meditation app;2025-02-20
608;537;fitness tracker;2025-01-13
609;822;puzzle games;2025-04-20
610;1230;note taking;2025-02-08
611;183;vpn;2025-02-13
612;1940;travel planner;2025-01-31
613;29;task manager;2025-04-22
614;1584;meditation app;2025-06-22
615;1013;learn english;2025-02-27
616;1462;chat app;2025-02-18
617;1938;note taking;2025-03-15
618;1529;job search;2025-04-08
619;267;video editor;2025-02-22
620;1229;chat app;2025-03-14
621;1489;chat app;2025-04-18
622;370;video editor;2025-02-07
623;59;crypto tracker;2025-03-09
624;483;puzzle games;2025-04-26
625;1859;weather app;2025-04-05
626;1194;meditation app;2025-01-22
627;22;job search;2025-02-04
628;1785;recipe app;2025-06-27
629;815;chat app;2025-04-09
630;1451;video editor;2025-06-02
631;525;photo editor;2025-01-25
632;1141;budget app;2025-01-14
633;682;weather app;2025-05-01
634;1861;vpn;2025-06-05
635;1924;puzzle games;2025-01-12
636;11;note taking;2025-05-10
637;1270;language learning;2025-03-19
638;809;vpn;2025-02-03
639;1983;grocery list;2025-01-11
640;1189;fitness tracker;2025-03-08
641;348;task manager;2025-05-07
642;1906;recipe app;2025-04-30
643;271;photo editor;2025-03-23
644;1455;task manager;2025-04-21
645;291;note taking;2025-01-30
646;642;budget app;2025-02-02
647;1023;note taking;2025-04-03
648;1897;video editor;2025-03-14
649;1849;note taking;2025-06-06
650;1699;note taking;2025-05-13
651;642;video editor;2025-02-12
652;647;job search;2025-02-08
653;1139;meditation app;2025-01-14
654;387;music player;2025-01-14
655;471;fitness tracker;2025-01-10
656;964;note taking;2025-02-11
657;1446;meditation app;2025-04-22
658;238;job search;2025-01-11
659;905;vpn;2025-05-24
660;994;meditation app;2025-05-07
661;231;music player;2025-02-01
662;716;photo editor;2025-02-22
663;1779;crypto tracker;2025-02-16
664;1710;fitness tracker;2025-05-11
665;1685;note taking;2025-05-25
666;1825;travel planner;2025-02-24
667;1196;free games;2025-05-15
668;1571;travel planner;2025-02-16
669;853;photo editor;2025-03-05
670;1574;job search;2025-06-23
671;194;recipe app;2025-01-07
672;583;learn english;2025-04-11
673;766;travel planner;2025-01-28
674;1715;recipe app;2025-02-09
675;60;photo editor;2025-04-28
676;1702;job search;2025-04-27
677;1287;note taking;2025-06-02
678;1348;free games;2025-03-26
679;1987;budget app;2025-06-17
680;1275;meditation app;2025-03-25
681;1941;travel planner;2025-02-03
682;433;budget app;2025-06-14
683;580;recipe app;2025-01-15
684;1524;photo editor;2025-05-21
685;1950;puzzle games;2025-04-08
686;190;language learning;2025-03-07
687;365;weather app;2025-04-13
688;183;free games;2025-02-23
689;334;language learning;2025-04-14
690;584;music player;2025-01-31
691;612;job search;2025-04-21
692;1508;crypto tracker;2025-06-25
693;1236;music player;2025-04-02
694;1363;learn english;2025-04-05
695;1050;chat app;2025-05-06
696;913;language learning;2025-05-02
697;550;travel planner;2025-06-03
698;867;photo editor;2025-04-19
699;1661;vpn;2025-06-07
700;382;video editor;2025-06-11
701;873;photo editor;2025-01-11
702;1052;recipe app;2025-04-29
703;1386;weather app;2025-06-15
704;1406;music player;2025-05-07
705;1080;task manager;2025-01-22
706;596;meditation app;2025-04-22
707;163;job search;2025-03-18
708;305;music player;2025-06-25
709;1850;crypto tracker;2025-03-05
710;1072;video editor;2025-03-17
711;1165;budget app;2025-05-22
712;157;budget app;2025-05-12
713;221;task manager;2025-04-19
714;846;learn english;2025-04-29
715;1354;travel planner;2025-03-06
716;728;note taking;2025-05-30
717;168;task manager;2025-01-05
718;234;meditation app;2025-02-15
719;1611;fitness tracker;2025-04-11
720;93;photo editor;2025-04-17
721;1796;crypto tracker;2025-03-22
722;1203;meditation app;2025-06-21
723;922;puzzle games;2025-03-09
724;700;fitness tracker;2025-02-24
725;380;photo editor;2025-06-04
726;532;learn english;2025-04-22
727;1095;free games;2025-01-02
728;809;learn english;2025-01-04
729;352;job search;2025-04-28
730;1417;language learning;2025-06-18
731;1978;puzzle games;2025-05-05
732;621;puzzle games;2025-06-07
733;739;language learning;2025-03-19
734;180;music player;2025-02-04
735;29;chat app;2025-01-29
736;1672;free games;2025-06-28
737;1988;chat app;2025-01-07
738;429;job search;2025-06-16
739;298;weather app;2025-04-22
740;1725;grocery list;2025-02-18
741;177;crypto tracker;2025-04-29
742;304;job search;2025-04-19
743;45;learn english;2025-02-12
744;1849;music player;2025-06-29
745;912;job search;2025-05-01
746;41;meditation app;2025-05-30
747;497;chat app;2025-03-17
748;1167;language learning;2025-01-14
749;684;free games;2025-01-27
750;1292;video editor;2025-04-17
751;1738;job search;2025-05-29
752;1221;grocery list;2025-03-16
753;76;job search;2025-04-13
754;996;task manager;2025-06-01
755;1485;puzzle games;2025-06-23
756;1854;job search;2025-03-01
757;1463;budget app;2025-05-16
758;39;video editor;2025-05-28
759;647;grocery list;2025-01-17
760;549;video editor;2025-05-02
761;240;job search;2025-06-09
762;1923;vpn;2025-04-25
763;1429;video editor;2025-01-06
764;331;crypto tracker;2025-02-19
765;962;vpn;2025-04-23
766;476;task manager;2025-02-26
767;1204;recipe app;2025-06-04
768;1748;meditation app;2025-02-03
769;1809;crypto tracker;2025-04-10
770;1966;video editor;2025-06-22
771;1337;vpn;2025-05-01
772;1638;fitness tracker;2025-06-09
773;425;crypto tracker;2025-06-26
774;1535;photo editor;2025-06-20
775;989;music player;2025-02-14
776;409;fitness tracker;2025-06-05
777;1008;learn english;2025-04-17
778;1932;job search;2025-03-19
779;481;chat app;2025-05-23
780;97;free games;2025-04-02
781;1805;note taking;2025-04-02
782;1387;fitness tracker;2025-02-14
783;1696;task manager;2025-01-09
784;1653;photo editor;2025-03-28
785;882;learn english;2025-06-08
786;465;learn english;2025-05-24
787;459;job search;2025-03-08
788;697;vpn;2025-01-12
789;1578;grocery list;2025-03-10
790;1836;music player;2025-06-26
791;1790;task manager;2025-06-04
792;1372;learn english;2025-06-30
793;104;meditation app;2025-04-28
794;1972;learn english;2025-01-28
795;1601;puzzle games;2025-06-06
796;1602;learn english;2025-05-24
797;86;task manager;2025-01-27
798;343;learn english;2025-02-22
799;1866;vpn;2025-02-10
800;1492;crypto tracker;2025-04-24
801;1561;task manager;2025-05-08
802;1501;learn english;2025-02-09
803;1326;vpn;2025-03-27
804;1678;music player;2025-02-01
805;1738;chat app;2025-04-23
806;1986;video editor;2025-01-02
807;503;job search;2025-03-29
808;588;task manager;2025-02-13
809;175;note taking;2025-04-06
810;1465;video editor;2025-04-03
811;1290;weather app;2025-02-08
812;1543;task manager;2025-04-18
813;1613;weather app;2025-02-05
814;1643;video editor;2025-04-16
815;1881;video editor;2025-04-28
816;1950;task manager;2025-06-24
817;741;free games;2025-04-24
818;299;free games;2025-05-13
819;1933;photo editor;2025-01-22
820;693;recipe app;2025-04-13
821;1582;fitness tracker;2025-04-22
822;126;language learning;2025-01-10
823;1353;music player;2025-05-28
824;119;task manager;2025-03-17
825;859;language learning;2025-06-24
826;1436;grocery list;2025-03-19
827;1478;recipe app;2025-03-30
828;17;note taking;2025-05-16
829;1251;music player;2025-06-29
830;828;meditation app;2025-06-14
831;421;grocery list;2025-06-09
832;1615;puzzle games;2025-06-16
833;906;vpn;2025-06-16
834;829;chat app;2025-03-19
835;173;budget app;2025-05-18
836;686;language learning;2025-02-02
837;1066;grocery list;2025-03-14
838;438;photo editor;2025-05-11
839;1131;crypto tracker;2025-05-14
840;698;fitness tracker;2025-01-06
841;58;grocery list;2025-06-01
842;530;weather app;2025-03-19
843;1488;video editor;2025-05-10
844;227;budget app;2025-04-06
845;532;task manager;2025-04-01
846;254;budget app;2025-06-16
847;1928;learn english;2025-04-25
848;611;travel planner;2025-01-02
849;929;recipe app;2025-03-02
850;1650;travel planner;2025-05-25
851;1464;grocery list;2025-06-02
852;479;vpn;2025-03-18
853;583;travel planner;2025-06-22
854;287;language learning;2025-05-14
855;1511;weather app;2025-01-27
856;672;task manager;2025-05-30
857;395;vpn;2025-04-27
858;201;music player;2025-04-19
859;1697;video editor;2025-01-21
860;189;budget app;2025-04-19
861;1820;music player;2025-05-02
862;440;meditation app;2025-01-20
863;757;task manager;2025-04-14
864;1205;grocery list;2025-05-13
865;1596;language learning;2025-03-09
866;1197;job search;2025-06-12
867;868;meditation app;2025-06-26
868;1907;job search;2025-04-17
869;1688;fitness tracker;2025-02-06
870;1036;music player;2025-05-05
871;1457;meditation app;2025-02-03
872;1983;task manager;2025-05-16
873;242;chat app;2025-04-27
874;970;budget app;2025-02-10
875;1934;grocery list;2025-04-05
876;1888;learn english;2025-06-04
877;1746;video editor;2025-01-29
878;248;vpn;2025-05-27
879;594;budget app;2025-05-14
880;314;learn english;2025-04-06
881;625;vpn;2025-03-19
882;603;job search;2025-01-08
883;1621;music player;2025-02-06
884;1606;travel planner;2025-04-18
885;100;crypto tracker;2025-03-14
886;442;fitness tracker;2025-05-06
887;5;learn english;2025-05-21
888;715;photo editor;2025-01-12
889;856;job search;2025-05-27
890;635;travel planner;2025-04-26
891;1844;recipe app;2025-04-07
892;974;puzzle games;2025-02-03
893;1561;music player;2025-05-10
894;1304;meditation app;2025-04-26
895;1367;meditation app;2025-02-08
896;1775;recipe app;2025-01-23
897;1639;puzzle games;2025-06-20
898;1278;video editor;2025-04-10
899;477;language learning;2025-03-28
900;1108;budget app;2025-06-21
901;1823;meditation app;2025-03-13
902;1323;photo editor;2025-02-12
903;1449;free games;2025-05-27
904;1291;crypto tracker;2025-05-24
905;1322;learn english;2025-06-14
906;1146;photo editor;2025-02-19
907;1957;puzzle games;2025-05-19
908;1182;budget app;2025-05-26
909;1069;chat app;2025-05-02
910;1030;free games;2025-01-31
911;1349;grocery list;2025-02-16
912;1971;free games;2025-03-12
913;1612;chat app;2025-03-04
914;1700;travel planner;2025-04-24
915;174;grocery list;2025-06-05
916;657;language learning;2025-05-31
917;93;job search;2025-01-06
918;697;video editor;2025-02-16
919;850;free games;2025-05-16
920;650;language learning;2025-03-07
921;187;learn english;2025-01-26
922;1110;fitness tracker;2025-03-15
923;295;fitness tracker;2025-03-07
924;1574;photo editor;2025-02-09
925;629;video editor;2025-06-23
926;347;budget app;2025-06-07
927;1969;recipe app;2025-02-16
928;56;budget app;2025-03-18
929;799;learn english;2025-03-23
930;292;video editor;2025-03-24
931;529;language learning;2025-01-31
932;107;chat app;2025-03-03
933;1541;puzzle games;2025-05-31
934;485;job search;2025-05-11
935;1541;task manager;2025-04-09
936;1945;learn english;2025-03-10
937;125;recipe app;2025-04-29
938;1133;video editor;2025-01-17
939;992;free games;2025-04-15
940;1298;weather app;2025-01-05
941;552;grocery list;2025-05-31
942;1383;learn english;2025-03-05
943;1563;grocery list;2025-06-16
944;1609;music player;2025-03-19
945;1164;video editor;2025-04-25
946;172;task manager;2025-02-22
947;1604;music player;2025-04-06
948;1107;fitness tracker;2025-03-04
949;1101;video editor;2025-05-23
950;926;budget app;2025-01-01
951;1665;meditation app;2025-06-08
952;593;fitness tracker;2025-01-01
953;124;job search;2025-03-11
954;1225;note taking;2025-06-24
955;779;vpn;2025-06-11
956;436;travel planner;2025-05-11
957;577;budget app;2025-02-11
958;1514;grocery list;2025-05-25
959;144;crypto tracker;2025-01-23
960;810;learn english;2025-02-05
961;1485;grocery list;2025-03-13
962;1799;video editor;2025-02-23
963;1251;task manager;2025-03-23
964;1811;recipe app;2025-06-12
965;536;meditation app;2025-03-11
966;504;recipe app;2025-03-29
967;432;meditation app;2025-06-03
968;673;free games;2025-06-27
969;274;free games;2025-06-05
970;976;free games;2025-01-03
971;1378;fitness tracker;2025-04-16
972;1139;job search;2025-04-11
973;1103;photo editor;2025-06-16
974;1334;photo editor;2025-05-18
975;64;meditation app;2025-06-22
976;253;vpn;2025-04-07
977;1695;puzzle games;2025-04-02
978;793;fitness tracker;2025-06-28
979;18;learn english;2025-04-29
980;759;chat app;2025-04-24
981;20;weather app;2025-01-06
982;1554;note taking;2025-06-24
983;1888;vpn;2025-02-19
984;185;puzzle games;2025-06-10
985;621;weather app;2025-03-01
986;1012;vpn;2025-01-10
987;575;job search;2025-06-30
988;1448;puzzle games;2025-02-23
989;15;chat app;2025-06-13
990;812;learn english;2025-03-13
991;1166;task manager;2025-05-07
992;350;grocery list;2025-02-19
993;1352;travel planner;2025-06-22
994;1398;puzzle games;2025-05-25
995;360;photo editor;2025-05-31
996;263;photo editor;2025-02-02
997;532;travel planner;2025-02-28
998;1805;task manager;2025-03-12
999;393;free games;2025-06-27
1000;1389;grocery list;2025-06-07
1001;518;grocery list;2025-04-27
1002;5;video editor;2025-06-14
1003;1379;budget app;2025-03-24
1004;886;video editor;2025-03-12
1005;250;task manager;2025-04-30
1006;1015;vpn;2025-05-13
1007;1555;budget app;2025-02-27
1008;97;note taking;2025-04-18
1009;1091;meditation app;2025-03-22
1010;11;language learning;2025-02-19
1011;686;photo editor;2025-05-27
1012;1655;free games;2025-02-27
1013;1413;video editor;2025-01-20
1014;1879;weather app;2025-02-20
1015;337;recipe app;2025-03-21
1016;129;learn english;2025-01-08
1017;983;video editor;2025-01-07
1018;1214;recipe app;2025-03-06
1019;507;learn english;2025-05-02
1020;489;recipe app;2025-01-14
1021;1683;recipe app;2025-05-14
1022;1627;weather app;2025-01-19
1023;1589;puzzle games;2025-06-08
1024;899;learn english;2025-06-10
1025;915;travel planner;2025-02-01
1026;176;budget app;2025-01-09
1027;773;recipe app;2025-06-27
1028;134;music player;2025-01-16
1029;1883;meditation app;2025-01-15
1030;618;puzzle games;2025-06-10
1031;885;photo editor;2025-01-27
1032;1388;budget app;2025-05-24
1033;107;crypto tracker;2025-04-08
1034;823;learn english;2025-06-08
1035;1541;video editor;2025-03-01
1036;1771;puzzle games;2025-06-18
1037;1278;free games;2025-04-27
1038;787;meditation app;2025-04-20
1039;1803;puzzle games;2025-06-08
1040;208;recipe app;2025-06-16
1041;1921;free games;2025-04-27
1042;1060;recipe app;2025-05-31
1043;395;learn english;2025-01-27
1044;26;puzzle games;2025-01-18
1045;1215;chat app;2025-05-27
1046;259;task manager;2025-03-07
1047;728;video editor;2025-05-04
1048;1485;puzzle games;2025-04-24
1049;381;weather app;2025-02-05
1050;1633;budget app;2025-01-16
1051;262;crypto tracker;2025-05-30
1052;893;task manager;2025-06-16
1053;1545;vpn;2025-03-21
1054;1196;grocery list;2025-02-07
1055;302;job search;2025-03-21
1056;1236;recipe app;2025-03-16
1057;756;free games;2025-05-13
1058;1202;music player;2025-01-15
1059;487;task manager;2025-05-24
1060;1759;budget app;2025-04-19
1061;705;chat app;2025-02-21
1062;1312;chat app;2025-01-18
1063;700;chat app;2025-06-20
1064;975;meditation app;2025-06-03
1065;1419;recipe app;2025-05-29
1066;1160;recipe app;2025-06-07
1067;614;video editor;2025-03-26
1068;333;learn english;2025-04-27
1069;1795;budget app;2025-05-07
1070;450;free games;2025-06-13
1071;457;weather app;2025-04-30
1072;1278;chat app;2025-03-03
1073;985;recipe app;2025-04-07
1074;421;language learning;2025-02-17
1075;1692;free games;2025-04-03
1076;21;photo editor;2025-04-02
1077;62;grocery list;2025-01-30
1078;292;crypto tracker;2025-04-23
1079;399;travel planner;2025-04-03
1080;90;free games;2025-02-20
1081;406;crypto tracker;2025-02-14
1082;449;note taking;2025-02-14
1083;696;grocery list;2025-03-04
1084;366;chat app;2025-01-06
1085;361;note taking;2025-01-26
1086;43;music player;2025-04-08
1087;1342;learn english;2025-03-28
1088;1918;chat app;2025-03-20
1089;935;weather app;2025-04-05
1090;1658;vpn;2025-06-19
1091;351;task manager;2025-06-09
1092;1806;video editor;2025-01-17
1093;243;music player;2025-02-03
1094;1628;chat app;2025-02-19
1095;1091;language learning;2025-06-27
1096;767;recipe app;2025-06-03
1097;880;weather app;2025-01-12
1098;1563;puzzle games;2025-05-31
1099;388;grocery list;2025-03-17
1100;1618;music player;2025-03-25
1101;507;budget app;2025-06-11
1102;1630;note taking;2025-02-02
1103;1744;task manager;2025-05-30
1104;1815;job search;2025-02-23
1105;1490;photo editor;2025-05-01
1106;1620;puzzle games;2025-01-17
1107;343;task manager;2025-04-10
1108;1539;task manager;2025-04-06
1109;1022;task manager;2025-04-29
1110;367;recipe app;2025-04-06
1111;1077;job search;2025-05-07
1112;971;note taking;2025-05-29
1113;822;travel planner;2025-06-16
1114;75;chat app;2025-02-26
1115;1833;chat app;2025-04-26
1116;1768;weather app;2025-04-12
1117;448;crypto tracker;2025-04-19
1118;1821;language learning;2025-05-27
1119;322;vpn;2025-03-07
1120;1128;photo editor;2025-02-04
1121;1540;photo editor;2025-03-17
1122;911;task manager;2025-04-01
1123;472;travel planner;2025-01-11
1124;953;task manager;2025-06-09
1125;689;video editor;2025-04-26
1126;958;video editor;2025-04-15
1127;753;job search;2025-03-23
1128;560;language learning;2025-01-07
1129;368;meditation app;2025-03-01
1130;544;photo editor;2025-04-02
1131;1847;photo editor;2025-03-17
1132;1726;task manager;2025-05-12
1133;1120;photo editor;2025-03-12
1134;1898;weather app;2025-01-26
1135;243;photo editor;2025-04-03
1136;79;grocery list;2025-02-21
1137;684;chat app;2025-06-22
1138;675;note taking;2025-03-19
1139;1527;note taking;2025-02-18
1140;1446;puzzle games;2025-02-05
1141;1752;grocery list;2025-03-08
1142;18;crypto tracker;2025-03-14
1143;1685;vpn;2025-04-14
1144;1938;language learning;2025-05-29
1145;1552;free games;2025-05-01
1146;1340;task manager;2025-02-08
1147;1773;language learning;2025-02-28
1148;465;chat app;2025-05-02
1149;479;task manager;2025-05-31
1150;1610;grocery list;2025-04-30
1151;1480;meditation app;2025-03-29
1152;1622;photo editor;2025-03-22
1153;1733;chat app;2025-04-20
1154;1578;video editor;2025-02-23
1155;899;meditation app;2025-05-23
1156;62;vpn;2025-02-05
1157;1183;music player;2025-03-20
1158;1932;free games;2025-05-08
1159;1660;vpn;2025-03-28
1160;462;video editor;2025-04-19
1161;1405;language learning;2025-06-26
1162;1102;crypto tracker;2025-03-25
1163;1203;free games;2025-05-26
1164;1609;budget app;2025-02-05
1165;315;recipe app;2025-05-26
1166;1290;puzzle games;2025-06-05
1167;1176;language learning;2025-04-08
1168;419;language learning;2025-01-17
1169;1095;language learning;2025-02-18
1170;973;learn english;2025-03-26
1171;1167;meditation app;2025-06-13
1172;1833;crypto tracker;2025-01-24
1173;352;learn english;2025-06-22
1174;1133;fitness tracker;2025-01-09
1175;1693;puzzle games;2025-05-06
1176;55;fitness tracker;2025-02-20
1177;143;language learning;2025-03-14
1178;422;weather app;2025-03-16
1179;1351;task manager;2025-01-18
1180;932;budget app;2025-04-05
1181;1062;free games;2025-02-13
1182;670;video editor;2025-04-11
1183;322;learn english;2025-02-03
1184;1099;video editor;2025-05-03
1185;1522;photo editor;2025-04-10
1186;1957;chat app;2025-02-03
1187;1783;chat app;2025-03-21
1188;886;job search;2025-02-10
1189;1237;travel planner;2025-03-21
1190;1204;chat app;2025-05-09
1191;1468;meditation app;2025-03-12
1192;414;free games;2025-02-06
1193;913;photo editor;2025-04-13
1194;1239;weather app;2025-05-15
1195;674;travel planner;2025-05-06
1196;943;meditation app;2025-05-28
1197;81;photo editor;2025-03-15
1198;1324;meditation app;2025-03-30
1199;1435;crypto tracker;2025-04-11
1200;1256;fitness tracker;2025-04-17
1201;511;fitness tracker;2025-06-08
1202;1502;video editor;2025-04-28
1203;788;fitness tracker;2025-06-28
1204;1165;learn english;2025-04-11
1205;1431;budget app;2025-03-03
1206;1814;fitness tracker;2025-03-12
1207;1808;grocery list;2025-03-16
1208;1366;photo editor;2025-06-28
1209;1488;chat app;2025-05-07
1210;843;grocery list;2025-02-01
1211;756;photo editor;2025-01-27
1212;1034;recipe app;2025-04-15
1213;924;fitness tracker;2025-03-06
1214;425;task manager;2025-01-12
1215;947;free games;2025-01-19
1216;1309;meditation app;2025-04-08
1217;704;language learning;2025-02-19
1218;813;budget app;2025-01-03
1219;514;learn english;2025-02-04
1220;670;meditation app;2025-05-05
1221;945;photo editor;2025-01-22
1222;1124;weather app;2025-04-23
1223;288;job search;2025-03-13
1224;1724;fitness tracker;2025-02-13
1225;1718;free games;2025-06-05
1226;206;fitness tracker;2025-03-17
1227;255;grocery list;2025-04-11
1228;345;photo editor;2025-06-21
1229;1564;free games;2025-06-23
1230;560;music player;2025-04-23
1231;734;fitness tracker;2025-02-25
1232;1464;budget app;2025-06-22
1233;1091;chat app;2025-04-24
1234;1427;budget app;2025-06-12
1235;1662;task manager;2025-06-14
1236;1357;learn english;2025-04-10
1237;1414;crypto tracker;2025-04-24
1238;108;puzzle games;2025-01-02
1239;100;language learning;2025-02-21
1240;1903;weather app;2025-04-06
1241;1862;weather app;2025-02-21
1242;188;free games;2025-04-18
1243;58;free games;2025-03-28
1244;1681;chat app;2025-06-24
1245;1371;photo editor;2025-02-26
1246;1964;learn english;2025-06-20
1247;344;fitness tracker;2025-01-12
1248;852;task manager;2025-01-28
1249;1671;recipe app;2025-03-24
1250;1152;chat app;2025-06-09
1251;425;grocery list;2025-04-12
1252;1923;video editor;2025-01-31
1253;476;chat app;2025-01-28
1254;731;recipe app;2025-02-14
1255;31;language learning;2025-06-17
1256;648;free games;2025-04-10
1257;436;meditation app;2025-02-26
1258;136;note taking;2025-06-16
1259;1278;vpn;2025-01-12
1260;138;chat app;2025-04-16
1261;618;puzzle games;2025-05-08
1262;209;grocery list;2025-05-26
1263;352;note taking;2025-01-25
1264;1229;recipe app;2025-06-11
1265;1427;language learning;2025-06-23
1266;1894;music player;2025-03-27
1267;360;recipe app;2025-06-20
1268;988;photo editor;2025-03-27
1269;37;puzzle games;2025-05-30
1270;920;language learning;2025-05-11
1271;1312;weather app;2025-05-09
1272;1204;free games;2025-03-01
1273;44;puzzle games;2025-02-01
1274;633;weather app;2025-04-20
1275;1551;weather app;2025-06-08
1276;163;budget app;2025-02-05
1277;768;job search;2025-03-17
1278;414;music player;2025-04-07
1279;419;budget app;2025-03-02
1280;1892;puzzle games;2025-04-24
1281;1514;recipe app;2025-02-04
1282;570;recipe app;2025-06-14
1283;1612;budget app;2025-05-14
1284;1622;video editor;2025-06-15
1285;1665;crypto tracker;2025-01-07
1286;470;recipe app;2025-03-29
1287;497;chat app;2025-05-19
1288;111;weather app;2025-06-25
1289;1426;weather app;2025-06-05
1290;1788;language learning;2025-05-14
1291;659;fitness tracker;2025-04-24
1292;1290;free games;2025-01-17
1293;1782;job search;2025-01-18
1294;1954;chat app;2025-01-14
1295;1300;music player;2025-02-22
1296;258;photo editor;2025-02-14
1297;1214;grocery list;2025-02-22
1298;484;task manager;2025-01-21
1299;873;meditation app;2025-03-21
1300;337;chat app;2025-03-04
1301;869;fitness tracker;2025-06-05
1302;510;crypto tracker;2025-03-15
1303;1181;meditation app;2025-06-12
1304;413;note taking;2025-05-04
1305;164;vpn;2025-04-12
1306;774;fitness tracker;2025-05-01
1307;904;video editor;2025-05-10
1308;1249;video editor;2025-02-09
1309;1679;job search;2025-01-06
1310;1561;language learning;2025-04-20
1311;1750;photo editor;2025-03-18
1312;1219;grocery list;2025-02-09
1313;1133;fitness tracker;2025-03-07
1314;780;meditation app;2025-03-20
1315;929;crypto tracker;2025-04-07
1316;1152;puzzle games;2025-05-04
1317;148;recipe app;2025-02-04
1318;1465;job search;2025-02-20
1319;317;chat app;2025-01-02
1320;27;task manager;2025-04-06
1321;1007;language learning;2025-04-17
1322;1926;language learning;2025-04-06
1323;787;job search;2025-03-20
1324;1313;travel planner;2025-01-19
1325;838;budget app;2025-02-01
1326;789;travel planner;2025-02-11
1327;398;video editor;2025-03-07
1328;1580;vpn;2025-05-11
1329;1453;job search;2025-06-12
1330;1411;vpn;2025-06-28
1331;119;language learning;2025-04-19
1332;1507;weather app;2025-03-04
1333;979;budget app;2025-04-03
1334;1293;free games;2025-06-28
1335;1364;music player;2025-03-08
1336;1240;meditation app;2025-06-24
1337;302;note taking;2025-03-05
1338;1234;travel planner;2025-06-19
1339;1724;fitness tracker;2025-01-04
1340;240;photo editor;2025-06-14
1341;1458;language learning;2025-04-12
1342;1447;travel planner;2025-01-21
1343;1062;chat app;2025-04-19
1344;340;video editor;2025-03-06
1345;1417;crypto tracker;2025-05-09
1346;1982;grocery list;2025-06-18
1347;1816;language learning;2025-05-31
1348;631;video editor;2025-01-23
1349;224;travel planner;2025-03-30
1350;1668;music player;2025-03-10
1351;1534;chat app;2025-04-12
1352;1432;crypto tracker;2025-01-02
1353;345;job search;2025-01-01
1354;199;photo editor;2025-06-28
1355;856;task manager;2025-04-17
1356;1341;crypto tracker;2025-04-21
1357;350;fitness tracker;2025-04-06
1358;382;music player;2025-02-20
1359;997;fitness tracker;2025-05-09
1360;1943;learn english;2025-04-26
1361;1162;chat app;2025-02-17
1362;412;budget app;2025-02-16
1363;1658;chat app;2025-03-08
1364;1848;video editor;2025-04-23
1365;1284;puzzle games;2025-01-28
1366;1779;fitness tracker;2025-01-21
1367;601;photo editor;2025-04-07
1368;256;note taking;2025-01-17
1369;701;free games;2025-05-30
1370;481;job search;2025-05-05
1371;1378;learn english;2025-01-03
1372;126;note taking;2025-01-02
1373;1363;travel planner;2025-01-11
1374;199;chat app;2025-05-14
1375;1622;free games;2025-04-07
1376;1235;task manager;2025-03-10
1377;1909;job search;2025-05-02
1378;1551;recipe app;2025-06-04
1379;880;recipe app;2025-04-05
1380;1397;recipe app;2025-03-22
1381;1673;weather app;2025-04-03
1382;1363;language learning;2025-04-07
1383;1251;budget app;2025-04-02
1384;1789;recipe app;2025-01-26
1385;7;meditation app;2025-06-28
1386;823;music player;2025-01-07
1387;1233;learn english;2025-05-16
1388;573;weather app;2025-04-05
1389;926;puzzle games;2025-06-25
1390;1350;job search;2025-05-12
1391;847;chat app;2025-01-01
1392;1307;recipe app;2025-01-05
1393;1298;vpn;2025-01-12
1394;1986;recipe app;2025-06-23
1395;910;weather app;2025-06-05
1396;993;language learning;2025-06-06
1397;1627;photo editor;2025-03-31
1398;877;job search;2025-06-18
1399;1756;learn english;2025-04-09
1400;602;puzzle games;2025-02-19
1401;1459;music player;2025-05-14
1402;1795;travel planner;2025-05-10
1403;66;music player;2025-05-08
1404;1632;photo editor;2025-03-19
1405;1705;grocery list;2025-04-30
1406;345;meditation app;2025-01-30
1407;988;grocery list;2025-03-03
1408;499;chat app;2025-02-13
1409;1543;photo editor;2025-01-28
1410;891;free games;2025-02-11
1411;1903;recipe app;2025-04-09
1412;1570;note taking;2025-02-26
1413;1473;note taking;2025-06-20
1414;976;learn english;2025-06-20
1415;279;grocery list;2025-06-12
1416;1486;job search;2025-01-24
1417;1630;recipe app;2025-02-27
1418;1909;travel planner;2025-06-03
1419;133;recipe app;2025-04-07
1420;1865;language learning;2025-06-17
1421;1316;grocery list;2025-04-22
1422;1656;weather app;2025-02-27
1423;531;learn english;2025-03-16
1424;180;learn english;2025-01-23
1425;697;travel planner;2025-02-18
1426;1525;learn english;2025-05-27
1427;754;music player;2025-03-22
1428;1954;language learning;2025-05-28
1429;1510;free games;2025-03-21
1430;127;travel planner;2025-05-18
1431;389;language learning;2025-04-19
1432;655;vpn;2025-06-23
1433;1913;music player;2025-05-14
1434;1360;puzzle games;2025-06-01
1435;455;learn english;2025-04-12
1436;19;grocery list;2025-04-28
1437;648;music player;2025-03-17
1438;1715;weather app;2025-05-08
1439;1393;meditation app;2025-02-07
1440;1232;crypto tracker;2025-02-07
1441;1530;budget app;2025-06-03
1442;656;crypto tracker;2025-05-09
1443;1411;learn english;2025-03-12
1444;1737;travel planner;2025-05-03
1445;1293;chat app;2025-05-07
1446;597;language learning;2025-01-16
1447;1660;recipe app;2025-02-09
1448;1696;chat app;2025-02-27
1449;1435;budget app;2025-02-15
1450;1755;job search;2025-04-11
1451;613;fitness tracker;2025-01-06
1452;1123;language learning;2025-03-28
1453;866;job search;2025-03-31
1454;1552;language learning;2025-04-11
1455;148;task manager;2025-03-14
1456;579;chat app;2025-06-29
1457;1754;grocery list;2025-04-11
1458;200;music player;2025-03-24
1459;1541;travel planner;2025-01-14
1460;1741;crypto tracker;2025-04-28
1461;1341;fitness tracker;2025-05-28
1462;282;meditation app;2025-06-28
1463;989;crypto tracker;2025-02-07
1464;430;chat app;2025-02-20
1465;1506;free games;2025-04-03
1466;1487;travel planner;2025-01-27
1467;1390;music player;2025-04-07
1468;1947;video editor;2025-06-23
1469;1724;fitness tracker;2025-01-15
1470;197;vpn;2025-05-02
1471;368;budget app;2025-01-31
1472;1056;recipe app;2025-06-01
1473;889;music player;2025-06-10
1474;1480;language learning;2025-03-04
1475;70;learn english;2025-03-03
1476;813;job search;2025-03-19
1477;1409;puzzle games;2025-02-14
1478;1337;language learning;2025-06-27
1479;1629;photo editor;2025-04-29
1480;1772;language learning;2025-03-12
1481;1296;meditation app;2025-04-05
1482;24;learn english;2025-01-30
1483;170;learn english;2025-05-06
1484;1314;task manager;2025-02-27
1485;48;travel planner;2025-05-27
1486;1173;job search;2025-03-12
1487;1421;learn english;2025-06-01
1488;371;language learning;2025-05-04
1489;1321;video editor;2025-03-18
1490;1171;music player;2025-01-26
1491;667;photo editor;2025-05-18
1492;379;language learning;2025-06-29
1493;41;language learning;2025-05-23
1494;1675;grocery list;2025-05-16
1495;1001;photo editor;2025-05-13
1496;1715;travel planner;2025-05-18
1497;1462;learn english;2025-02-23
1498;1978;learn english;2025-02-16
1499;1766;puzzle games;2025-06-27
1500;369;free games;2025-05-23
1501;916;recipe app;2025-02-01
1502;81;music player;2025-05-28
1503;423;fitness tracker;2025-01-23
1504;1152;note taking;2025-01-09
1505;174;learn english;2025-05-10
1506;612;vpn;2025-05-20
1507;352;video editor;2025-06-18
1508;1;weather app;2025-03-18
1509;95;task manager;2025-03-17
1510;1350;grocery list;2025-04-24
1511;287;travel planner;2025-05-06
1512;1424;recipe app;2025-05-14
1513;1866;vpn;2025-06-05
1514;1103;task manager;2025-02-23
1515;1409;learn english;2025-06-19
1516;1679;budget app;2025-03-02
1517;76;chat app;2025-02-06
1518;614;chat app;2025-02-04
1519;1234;grocery list;2025-02-25
1520;1212;vpn;2025-03-13
1521;264;puzzle games;2025-04-19
1522;153;grocery list;2025-03-07
1523;534;language learning;2025-06-16
1524;1851;fitness tracker;2025-04-13
1525;935;photo editor;2025-03-07
1526;1386;video editor;2025-06-27
1527;294;grocery list;2025-02-22
1528;145;note taking;2025-06-12
1529;1428;chat app;2025-04-06
1530;1155;task manager;2025-06-04
1531;336;video editor;2025-02-09
1532;648;video editor;2025-04-08
1533;54;puzzle games;2025-03-05
1534;159;note taking;2025-02-01
1535;1089;learn english;2025-06-25
1536;1124;video editor;2025-01-17
1537;675;photo editor;2025-04-03
1538;1863;recipe app;2025-03-11
1539;300;weather app;2025-03-12
1540;21;learn english;2025-04-07
1541;1985;weather app;2025-04-07
1542;1950;learn english;2025-02-01
1543;360;task manager;2025-03-20
1544;1206;job search;2025-01-25
1545;1084;vpn;2025-06-29
1546;1172;crypto tracker;2025-05-22
1547;556;puzzle games;2025-01-26
1548;1837;budget app;2025-02-13
1549;652;language learning;2025-02-16
1550;707;grocery list;2025-05-22
1551;1218;language learning;2025-05-03
1552;1214;music player;2025-03-08
1553;20;task manager;2025-02-09
1554;1347;music player;2025-02-06
1555;776;travel planner;2025-03-10
1556;109;vpn;2025-03-05
1557;1389;puzzle games;2025-04-18
1558;1448;meditation app;2025-02-16
1559;899;vpn;2025-04-30
1560;1029;crypto tracker;2025-03-12
1561;1951;video editor;2025-05-14
1562;1929;weather app;2025-03-20
1563;1302;photo editor;2025-03-20
1564;833;recipe app;2025-01-24
1565;1300;photo editor;2025-01-20
1566;1495;weather app;2025-01-24
1567;339;travel planner;2025-01-15
1568;174;crypto tracker;2025-05-22
1569;1904;job search;2025-01-03
1570;1971;video editor;2025-06-23
1571;1042;music player;2025-05-03
1572;1020;task manager;2025-06-25
1573;1387;grocery list;2025-06-28
1574;256;language learning;2025-01-04
1575;1263;chat app;2025-01-02
1576;1463;video editor;2025-06-29
1577;1095;vpn;2025-03-04
1578;1514;task manager;2025-06-25
1579;1248;budget app;2025-06-05
1580;919;fitness tracker;2025-06-22
1581;1906;task manager;2025-02-27
1582;359;photo editor;2025-04-04
1583;1720;music player;2025-05-12
1584;724;budget app;2025-04-19
1585;1015;language learning;2025-02-13
1586;765;learn english;2025-03-28
1587;1872;weather app;2025-05-19
1588;1743;learn english;2025-03-16
1589;613;job search;2025-03-17
1590;543;chat app;2025-01-01
1591;1512;travel planner;2025-04-11
1592;446;crypto tracker;2025-06-14
1593;1056;budget app;2025-04-29
1594;1828;puzzle games;2025-05-05
1595;118;vpn;2025-01-02
1596;1261;meditation app;2025-03-26
1597;612;vpn;2025-01-28
1598;11;vpn;2025-02-17
1599;824;vpn;2025-01-03
1600;208;video editor;2025-05-06
1601;405;photo editor;2025-05-16
1602;1054;music player;2025-04-16
1603;254;job search;2025-01-02
1604;319;note taking;2025-02-27
1605;964;language learning;2025-04-06
1606;613;vpn;2025-04-20
1607;1828;fitness tracker;2025-05-18
1608;1663;note taking;2025-01-28
1609;899;meditation app;2025-02-11
1610;287;vpn;2025-04-22
1611;12;vpn;2025-02-20
1612;227;chat app;2025-03-14
1613;83;music player;2025-04-12
1614;863;recipe app;2025-01-09
1615;329;chat app;2025-05-03
1616;1966;note taking;2025-01-31
1617;863;job search;2025-05-21
1618;1015;music player;2025-03-25
1619;1539;language learning;2025-05-09
1620;1487;language learning;2025-02-03
1621;225;learn english;2025-01-06
1622;259;music player;2025-03-30
1623;1025;free games;2025-06-25
1624;485;budget app;2025-06-23
1625;1700;recipe app;2025-04-20
1626;2000;puzzle games;2025-01-03
1627;890;job search;2025-03-16
1628;578;job search;2025-01-22
1629;1559;video editor;2025-03-05
1630;1265;music player;2025-05-11
1631;383;weather app;2025-03-13
1632;1571;learn english;2025-03-09
1633;1436;weather app;2025-06-20
1634;1681;video editor;2025-02-20
1635;971;learn english;2025-06-29
1636;1496;task manager;2025-06-06
1637;372;chat app;2025-06-01
1638;1289;music player;2025-02-28
1639;247;music player;2025-04-13
1640;79;note taking;2025-02-19
1641;1903;music player;2025-04-20
1642;37;puzzle games;2025-02-21
1643;187;budget app;2025-04-08
1644;835;task manager;2025-03-20
1645;1434;weather app;2025-02-26
1646;689;video editor;2025-05-03
1647;126;task manager;2025-04-20
1648;1319;budget app;2025-03-19
1649;226;note taking;2025-04-04
1650;575;vpn;2025-04-18
1651;506;recipe app;2025-01-13
1652;373;budget app;2025-01-01
1653;107;recipe app;2025-02-24
1654;585;job search;2025-03-13
1655;1861;puzzle games;2025-01-26
1656;883;fitness tracker;2025-03-06
1657;1943;job search;2025-04-04
1658;685;crypto tracker;2025-01-29
1659;199;free games;2025-06-24
1660;1131;music player;2025-03-26
1661;739;vpn;2025-05-31
1662;1084;puzzle games;2025-04-06
1663;488;note taking;2025-02-23
1664;1197;language learning;2025-01-23
1665;1817;learn english;2025-02-03
1666;1290;puzzle games;2025-01-31
1667;85;travel planner;2025-06-17
1668;1675;chat app;2025-02-19
1669;1444;meditation app;2025-01-26
1670;154;grocery list;2025-06-08
1671;703;crypto tracker;2025-05-02
1672;1559;chat app;2025-05-17
1673;1477;music player;2025-01-12
1674;262;chat app;2025-04-18
1675;1128;note taking;2025-05-24
1676;1998;vpn;2025-04-04
1677;919;learn english;2025-04-22
1678;139;job search;2025-04-18
1679;1073;task manager;2025-01-06
1680;342;puzzle games;2025-03-12
1681;1427;music player;2025-03-16
1682;94;travel planner;2025-01-16
1683;1627;chat app;2025-04-12
1684;1014;grocery list;2025-05-12
1685;1990;photo editor;2025-02-12
1686;897;task manager;2025-04-09
1687;1152;language learning;2025-04-13
1688;1244;note taking;2025-02-22
1689;377;free games;2025-02-10
1690;1172;chat app;2025-06-01
1691;1427;free games;2025-05-12
1692;933;task manager;2025-05-15
1693;531;crypto tracker;2025-02-26
1694;607;note taking;2025-05-22
1695;244;fitness tracker;2025-02-27
1696;94;grocery list;2025-03-02
1697;598;budget app;2025-06-13
1698;304;note taking;2025-02-04
1699;554;budget app;2025-06-14
1700;510;chat app;2025-05-17
1701;238;free games;2025-06-16
1702;712;puzzle games;2025-04-05
1703;665;photo editor;2025-06-30
1704;1811;grocery list;2025-03-09
1705;1479;music player;2025-04-15
1706;1840;puzzle games;2025-03-17
1707;665;budget app;2025-06-10
1708;1672;free games;2025-04-02
1709;450;note taking;2025-02-15
1710;525;free games;2025-05-18
1711;1347;travel planner;2025-01-28
1712;1480;language learning;2025-06-17
1713;528;puzzle games;2025-05-22
1714;423;meditation app;2025-02-26
1715;665;note taking;2025-02-22
1716;1192;language learning;2025-02-09
1717;914;weather app;2025-04-22
1718;755;music player;2025-05-03
1719;192;job search;2025-02-16
1720;941;fitness tracker;2025-02-15
1721;387;travel planner;2025-05-06
1722;1932;fitness tracker;2025-06-15
1723;578;free games;2025-03-21
1724;334;fitness tracker;2025-04-11
1725;1408;puzzle games;2025-02-18
1726;143;music player;2025-01-19
1727;874;weather app;2025-04-27
1728;1862;language learning;2025-01-26
1729;1484;task manager;2025-02-05
1730;1489;free games;2025-06-04
1731;205;language learning;2025-04-09
1732;43;learn english;2025-01-04
1733;1564;budget app;2025-02-03
1734;509;photo editor;2025-03-10
1735;293;puzzle games;2025-01-04
1736;1623;free games;2025-01-28
1737;1111;recipe app;2025-01-22
1738;415;music player;2025-05-03
1739;1556;travel planner;2025-04-24
1740;1671;fitness tracker;2025-03-20
1741;680;job search;2025-02-09
1742;500;budget app;2025-05-20
1743;1418;note taking;2025-06-10
1744;1114;learn english;2025-01-06
1745;1690;budget app;2025-01-27
1746;1116;crypto tracker;2025-01-27
1747;1048;video editor;2025-02-06
1748;3;weather app;2025-01-07
1749;465;video editor;2025-04-09
1750;302;vpn;2025-06-17
1751;588;weather app;2025-06-25
1752;788;learn english;2025-05-06
1753;348;learn english;2025-02-27
1754;209;crypto tracker;2025-04-02
1755;157;puzzle games;2025-03-27
1756;243;vpn;2025-01-22
1757;1835;budget app;2025-06-04
1758;310;fitness tracker;2025-04-20
1759;1087;recipe app;2025-06-03
1760;372;video editor;2025-02-08
1761;1830;crypto tracker;2025-06-09
1762;1675;crypto tracker;2025-03-31
1763;1793;learn english;2025-03-11
1764;1877;job search;2025-06-19
1765;756;note taking;2025-01-20
1766;1616;free games;2025-02-08
1767;1593;music player;2025-03-23
1768;303;language learning;2025-04-25
1769;1478;job search;2025-01-18
1770;232;travel planner;2025-04-20
1771;1966;note taking;2025-02-07
1772;186;recipe app;2025-02-02
1773;373;language learning;2025-04-01
1774;654;job search;2025-04-19
1775;986;video editor;2025-06-04
1776;1626;recipe app;2025-02-05
1777;1643;weather app;2025-04-09
1778;858;grocery list;2025-05-08
1779;1104;grocery list;2025-05-07
1780;1091;grocery list;2025-02-28
1781;788;photo editor;2025-05-29
1782;1465;video editor;2025-05-15
1783;1184;weather app;2025-06-29
1784;179;weather app;2025-04-03
1785;6;chat app;2025-01-05
1786;743;grocery list;2025-05-02
1787;1962;music player;2025-01-29
1788;123;vpn;2025-04-03
1789;1739;music player;2025-03-17
1790;943;music player;2025-05-22
1791;1991;video editor;2025-03-04
1792;432;weather app;2025-01-15
1793;1530;music player;2025-01-31
1794;1971;music player;2025-04-07
1795;1502;free games;2025-06-28
1796;1977;video editor;2025-04-06
1797;111;learn english;2025-06-19
1798;1192;photo editor;2025-05-03
1799;1716;puzzle games;2025-02-10
1800;62;music player;2025-04-04
1801;290;photo editor;2025-03-04
1802;158;free games;2025-05-26
1803;1703;video editor;2025-02-08
1804;1568;fitness tracker;2025-05-01
1805;1523;music player;2025-05-16
1806;1431;crypto tracker;2025-05-01
1807;843;recipe app;2025-04-24
1808;1601;free games;2025-03-15
1809;228;music player;2025-01-16
1810;1805;budget app;2025-06-04
1811;1539;fitness tracker;2025-05-09
1812;329;free games;2025-04-12
1813;1706;video editor;2025-06-24
1814;1942;meditation app;2025-05-22
1815;1457;note taking;2025-05-27
1816;1028;crypto tracker;2025-02-28
1817;868;fitness tracker;2025-03-11
1818;1993;photo editor;2025-05-14
1819;774;music player;2025-02-24
1820;821;puzzle games;2025-01-15
1821;449;language learning;2025-02-17
1822;1685;grocery list;2025-06-04
1823;1724;photo editor;2025-06-27
1824;960;job search;2025-03-22
1825;1337;language learning;2025-04-08
1826;338;budget app;2025-04-06
1827;1325;video editor;2025-02-19
1828;553;learn english;2025-01-27
1829;160;vpn;2025-06-04
1830;1595;recipe app;2025-01-08
1831;491;crypto tracker;2025-02-11
1832;1110;learn english;2025-01-17
1833;434;puzzle games;2025-01-03
1834;1550;crypto tracker;2025-02-18
1835;1130;chat app;2025-06-13
1836;1904;budget app;2025-03-03
1837;552;photo editor;2025-05-26
1838;1157;budget app;2025-05-25
1839;1619;job search;2025-01-12
1840;99;recipe app;2025-01-24
1841;1933;crypto tracker;2025-01-03
1842;731;crypto tracker;2025-04-12
1843;1025;chat app;2025-03-22
1844;1540;language learning;2025-04-02
1845;1995;music player;2025-06-29
1846;1382;learn english;2025-03-26
1847;835;task manager;2025-01-26
1848;1029;music player;2025-01-07
1849;1203;language learning;2025-05-03
1850;1201;budget app;2025-03-16
1851;331;music player;2025-06-24
1852;949;photo editor;2025-06-10
1853;192;weather app;2025-02-25
1854;1654;music player;2025-02-11
1855;1974;task manager;2025-05-13
1856;1493;puzzle games;2025-06-16
1857;1072;recipe app;2025-04-25
1858;1609;music player;2025-03-28
1859;596;vpn;2025-06-09
1860;1753;video editor;2025-01-11
1861;1825;language learning;2025-03-03
1862;428;puzzle games;2025-06-05
1863;154;music player;2025-05-26
1864;1286;job search;2025-01-25
1865;1649;free games;2025-02-06
1866;1570;crypto tracker;2025-05-21
1867;1777;photo editor;2025-05-08
1868;193;meditation app;2025-03-22
1869;348;crypto tracker;2025-02-11
1870;140;note taking;2025-05-28
1871;745;vpn;2025-01-23
1872;146;fitness tracker;2025-04-28
1873;529;job search;2025-03-07
1874;1563;meditation app;2025-06-16
1875;1893;music player;2025-02-01
1876;1991;travel planner;2025-05-05
1877;82;vpn;2025-03-15
1878;822;video editor;2025-06-08
1879;1879;music player;2025-04-23
1880;752;task manager;2025-06-09
1881;1950;recipe app;2025-04-06
1882;171;video editor;2025-05-10
1883;922;note taking;2025-06-24
1884;88;puzzle games;2025-06-14
1885;117;weather app;2025-06-29
1886;1682;grocery list;2025-01-03
1887;317;learn english;2025-03-16
1888;770;fitness tracker;2025-05-26
1889;818;photo editor;2025-02-27
1890;796;meditation app;2025-06-21
1891;192;vpn;2025-04-30
1892;960;grocery list;2025-04-30
1893;224;photo editor;2025-02-16
1894;1499;learn english;2025-04-12
1895;1574;video editor;2025-02-21
1896;823;recipe app;2025-01-17
1897;650;recipe app;2025-06-04
1898;996;chat app;2025-06-29
1899;1519;job search;2025-01-30
1900;571;meditation app;2025-01-10
1901;1117;music player;2025-05-01
1902;299;chat app;2025-03-23
1903;1164;budget app;2025-06-03
1904;1586;language learning;2025-01-16
1905;1918;vpn;2025-04-21
1906;970;chat app;2025-01-14
1907;434;free games;2025-06-25
1908;867;note taking;2025-03-06
1909;1302;fitness tracker;2025-01-22
1910;291;photo editor;2025-03-12
1911;830;photo editor;2025-03-18
1912;1790;meditation app;2025-04-18
1913;1075;chat app;2025-06-21
1914;1830;note taking;2025-02-17
1915;1701;budget app;2025-01-24
1916;1833;video editor;2025-03-29
1917;1973;crypto tracker;2025-02-12
1918;407;vpn;2025-04-18
1919;987;job search;2025-05-18
1920;1411;fitness tracker;2025-06-28
1921;895;vpn;2025-06-27
1922;1169;language learning;2025-01-03
1923;1149;puzzle games;2025-02-20
1924;160;travel planner;2025-06-07
1925;297;recipe app;2025-06-20
1926;1687;recipe app;2025-01-04
1927;309;meditation app;2025-02-07
1928;1023;recipe app;2025-01-30
1929;1623;video editor;2025-03-09
1930;1067;free games;2025-04-26
1931;1932;music player;2025-06-12
1932;921;travel planner;2025-01-25
1933;75;chat app;2025-02-18
1934;861;grocery list;2025-02-12
1935;1231;language learning;2025-02-25
1936;713;chat app;2025-02-18
1937;1991;travel planner;2025-01-04
1938;759;vpn;2025-01-05
1939;619;crypto tracker;2025-05-09
1940;1678;learn english;2025-06-29
1941;1023;meditation app;2025-04-16
1942;841;vpn;2025-04-01
1943;1697;grocery list;2025-04-20
1944;1072;recipe app;2025-01-30
1945;1898;fitness tracker;2025-04-28
1946;878;vpn;2025-02-15
1947;1133;puzzle games;2025-02-11
1948;1112;video editor;2025-04-08
1949;584;video editor;2025-06-12
1950;581;puzzle games;2025-01-26
1951;180;learn english;2025-01-23
1952;1331;free games;2025-06-07
1953;1910;video editor;2025-01-27
1954;1017;puzzle games;2025-05-20
1955;205;meditation app;2025-05-09
1956;1191;budget app;2025-06-20
1957;594;video editor;2025-02-24
1958;457;meditation app;2025-05-22
1959;781;learn english;2025-02-20
1960;1754;job search;2025-02-01
1961;719;meditation app;2025-04-16
1962;1860;language learning;2025-01-02
1963;1925;vpn;2025-02-27
1964;1040;crypto tracker;2025-03-10
1965;1802;note taking;2025-03-20
1966;1718;video editor;2025-06-22
1967;495;free games;2025-04-17
1968;67;free games;2025-01-07
1969;315;vpn;2025-05-13
1970;1680;puzzle games;2025-03-23
1971;687;fitness tracker;2025-05-27
1972;881;weather app;2025-05-23
1973;1994;language learning;2025-02-19
1974;1263;language learning;2025-01-14
1975;1642;travel planner;2025-04-20
1976;264;language learning;2025-02-14
1977;826;recipe app;2025-05-13
1978;325;video editor;2025-03-01
1979;204;music player;2025-05-10
1980;243;travel planner;2025-04-11
1981;1727;note taking;2025-05-22
1982;326;recipe app;2025-02-22
1983;191;photo editor;2025-01-07
1984;896;free games;2025-06-10
1985;1578;travel planner;2025-02-09
1986;57;puzzle games;2025-05-20
1987;1886;photo editor;2025-05-27
1988;784;free games;2025-02-03
1989;930;vpn;2025-02-17
1990;491;weather app;2025-03-18
1991;397;grocery list;2025-03-04
1992;1488;language learning;2025-03-08
1993;1351;budget app;2025-03-12
1994;170;music player;2025-06-10
1995;48;travel planner;2025-01-27
1996;228;meditation app;2025-06-02
1997;252;learn english;2025-02-06
1998;579;note taking;2025-02-16
1999;191;photo editor;2025-05-07
2000;1730;vpn;2025-02-23
2001;801;learn english;2025-05-06
2002;1630;free games;2025-04-16
2003;151;job search;2025-06-10
2004;157;chat app;2025-06-25
2005;860;language learning;2025-03-22
2006;1298;meditation app;2025-02-11
2007;369;crypto tracker;2025-01-03
2008;1851;fitness tracker;2025-06-18
2009;1162;puzzle games;2025-01-09
2010;241;recipe app;2025-03-30
2011;992;puzzle games;2025-06-03
2012;1120;free games;2025-02-10
2013;1069;note taking;2025-02-01
2014;395;puzzle games;2025-01-08
2015;1098;free games;2025-05-13
2016;1049;music player;2025-02-25
2017;1776;vpn;2025-01-30
2018;1841;chat app;2025-01-08
2019;671;music player;2025-02-26
2020;171;music player;2025-03-10
2021;561;job search;2025-02-21
2022;1953;photo editor;2025-03-31
2023;1451;grocery list;2025-06-16
2024;603;meditation app;2025-05-07
2025;894;task manager;2025-04-13
2026;1889;chat app;2025-03-06
2027;355;chat app;2025-06-25
2028;1733;note taking;2025-04-11
2029;211;travel planner;2025-05-31
2030;639;fitness tracker;2025-02-22
2031;1954;job search;2025-04-21
2032;1809;meditation app;2025-04-19
2033;1222;note taking;2025-03-23
2034;1276;learn english;2025-06-05
2035;785;video editor;2025-02-21
2036;1162;vpn;2025-04-06
2037;1839;photo editor;2025-04-26
2038;343;budget app;2025-05-11
2039;519;travel planner;2025-04-15
2040;602;puzzle games;2025-06-15
2041;1947;task manager;2025-04-01
2042;816;free games;2025-01-30
2043;369;recipe app;2025-04-20
2044;1620;fitness tracker;2025-04-02
2045;503;photo editor;2025-02-25
2046;1346;vpn;2025-04-06
2047;298;recipe app;2025-02-01
2048;20;recipe app;2025-06-26
2049;23;recipe app;2025-02-24
2050;954;travel planner;2025-03-24
2051;1841;weather app;2025-05-24
2052;136;language learning;2025-03-14
2053;1233;chat app;2025-05-15
2054;446;learn english;2025-05-24
2055;570;puzzle games;2025-06-21
2056;154;travel planner;2025-06-15
2057;864;video editor;2025-03-23
2058;1666;recipe app;2025-02-20
2059;404;budget app;2025-05-07
2060;1022;budget app;2025-03-12
2061;863;learn english;2025-02-01
2062;928;fitness tracker;2025-06-03
2063;670;travel planner;2025-04-09
2064;485;travel planner;2025-01-06
2065;584;free games;2025-06-14
2066;1605;travel planner;2025-01-02
2067;1868;meditation app;2025-03-14
2068;269;language learning;2025-01-10
2069;1835;grocery list;2025-05-16
2070;81;recipe app;2025-06-15
2071;34;photo editor;2025-05-01
2072;195;video editor;2025-03-19
2073;563;recipe app;2025-03-30
2074;820;photo editor;2025-05-23
2075;1587;recipe app;2025-05-07
2076;1255;budget app;2025-04-11
2077;612;meditation app;2025-05-07
2078;1739;learn english;2025-04-06
2079;1921;puzzle games;2025-01-27
2080;60;weather app;2025-01-13
2081;1691;free games;2025-02-05
2082;216;recipe app;2025-06-26
2083;1484;video editor;2025-02-27
2084;349;photo editor;2025-02-18
2085;1483;vpn;2025-05-18
2086;11;budget app;2025-03-08
2087;1810;budget app;2025-01-29
2088;99;crypto tracker;2025-01-20
2089;541;recipe app;2025-06-26
2090;1255;language learning;2025-03-11
2091;1431;fitness tracker;2025-02-05
2092;1195;meditation app;2025-01-31
2093;259;recipe app;2025-02-07
2094;1543;travel planner;2025-04-16
2095;1305;meditation app;2025-06-21
2096;251;task manager;2025-05-16
2097;493;travel planner;2025-05-03
2098;1355;job search;2025-03-13
2099;660;job search;2025-02-27
2100;189;note taking;2025-03-17
2101;1457;photo editor;2025-04-01
2102;1144;weather app;2025-06-18
2103;1326;chat app;2025-06-27
2104;160;photo editor;2025-05-07
2105;124;chat app;2025-01-04
2106;1374;chat app;2025-04-30
2107;1677;language learning;2025-02-18
2108;999;learn english;2025-03-29
2109;428;travel planner;2025-05-16
2110;1053;recipe app;2025-03-21
2111;1452;meditation app;2025-06-17
2112;316;task manager;2025-01-28
2113;1873;music player;2025-02-26
2114;1878;vpn;2025-04-09
2115;1997;meditation app;2025-06-08
2116;1052;chat app;2025-04-13
2117;385;photo editor;2025-03-13
2118;867;fitness tracker;2025-06-25
2119;630;travel planner;2025-06-15
2120;210;music player;2025-04-29
2121;1795;learn english;2025-01-29
2122;493;free games;2025-04-28
2123;384;note taking;2025-01-08
2124;976;task manager;2025-04-26
2125;721;note taking;2025-01-31
2126;1899;grocery list;2025-01-22
2127;726;video editor;2025-02-24
2128;309;language learning;2025-05-09
2129;883;task manager;2025-03-27
2130;109;meditation app;2025-03-11
2131;758;learn english;2025-01-13
2132;1329;language learning;2025-04-19
2133;398;crypto tracker;2025-02-18
2134;825;fitness tracker;2025-06-02
2135;566;task manager;2025-06-05
2136;1011;task manager;2025-04-21
2137;224;budget app;2025-06-15
2138;510;learn english;2025-02-26
2139;236;budget app;2025-01-10
2140;1179;note taking;2025-03-03
2141;135;grocery list;2025-01-26
2142;565;weather app;2025-06-08
2143;1433;language learning;2025-04-11
2144;805;learn english;2025-02-26
2145;1504;note taking;2025-05-07
2146;422;fitness tracker;2025-02-22
2147;712;crypto tracker;2025-06-30
2148;1222;crypto tracker;2025-01-01
2149;194;fitness tracker;2025-05-09
2150;1860;puzzle games;2025-05-03
2151;1514;crypto tracker;2025-06-26
2152;489;fitness tracker;2025-03-22
2153;1396;photo editor;2025-02-12
2154;384;recipe app;2025-04-27
2155;291;free games;2025-06-20
2156;972;video editor;2025-03-27
2157;43;fitness tracker;2025-03-09
2158;1805;photo editor;2025-02-13
2159;1392;free games;2025-06-02
2160;722;job search;2025-05-30
2161;3;job search;2025-03-05
2162;968;learn english;2025-01-12
2163;1678;free games;2025-05-26
2164;1393;crypto tracker;2025-02-28
2165;1076;task manager;2025-02-12
2166;1547;music player;2025-01-25
2167;205;crypto tracker;2025-03-27
2168;927;job search;2025-03-31
2169;1118;note taking;2025-06-19
2170;997;note taking;2025-04-04
2171;940;free games;2025-04-01
2172;617;recipe app;2025-05-13
2173;1587;puzzle games;2025-05-04
2174;231;note taking;2025-06-25
2175;1064;free games;2025-02-07
2176;841;weather app;2025-06-18
2177;291;vpn;2025-05-08
2178;64;weather app;2025-05-28
2179;1518;video editor;2025-04-03
2180;423;photo editor;2025-02-19
2181;1886;language learning;2025-06-13
2182;222;note taking;2025-06-10
2183;1391;grocery list;2025-04-26
2184;1963;task manager;2025-02-14
2185;544;vpn;2025-03-26
2186;801;travel planner;2025-04-17
2187;1936;note taking;2025-03-21
2188;391;budget app;2025-05-29
2189;1066;recipe app;2025-06-06
2190;252;video editor;2025-04-27
2191;1161;vpn;2025-03-15
2192;226;free games;2025-05-08
2193;1899;music player;2025-04-30
2194;1395;music player;2025-05-14
2195;1980;crypto tracker;2025-06-09
2196;1144;fitness tracker;2025-03-19
2197;998;crypto tracker;2025-01-17
2198;1638;crypto tracker;2025-01-04
2199;930;budget app;2025-02-25
2200;580;travel planner;2025-02-01
2201;109;job search;2025-03-20
2202;11;video editor;2025-04-01
2203;1353;free games;2025-01-13
2204;515;music player;2025-03-31
2205;1800;crypto tracker;2025-05-09
2206;1363;grocery list;2025-02-09
2207;1954;photo editor;2025-03-11
2208;293;chat app;2025-04-21
2209;1199;photo editor;2025-03-16
2210;449;budget app;2025-05-02
2211;1911;vpn;2025-03-05
2212;1663;language learning;2025-04-19
2213;818;learn english;2025-03-08
2214;1885;crypto tracker;2025-06-02
2215;637;fitness tracker;2025-05-25
2216;893;recipe app;2025-05-29
2217;286;chat app;2025-03-06
2218;278;video editor;2025-05-22
2219;409;crypto tracker;2025-03-20
2220;176;crypto tracker;2025-05-26
2221;1899;meditation app;2025-05-20
2222;376;language learning;2025-04-22
2223;197;music player;2025-05-15
2224;906;recipe app;2025-05-09
2225;1915;vpn;2025-04-30
2226;726;video editor;2025-04-30
2227;862;video editor;2025-04-29
2228;57;grocery list;2025-01-07
2229;1961;video editor;2025-01-23
2230;1548;music player;2025-06-07
2231;1858;crypto tracker;2025-03-04
2232;1189;task manager;2025-04-06
2233;261;puzzle games;2025-05-20
2234;1844;travel planner;2025-03-17
2235;110;language learning;2025-02-02
2236;826;free games;2025-04-29
2237;1654;task manager;2025-04-28
2238;1719;budget app;2025-01-22
2239;113;note taking;2025-06-16
2240;220;recipe app;2025-06-02
2241;200;crypto tracker;2025-05-25
2242;987;recipe app;2025-01-16
2243;249;travel planner;2025-06-22
2244;1047;budget app;2025-06-29
2245;420;task manager;2025-02-06
2246;1152;job search;2025-02-04
2247;458;music player;2025-03-19
2248;1287;crypto tracker;2025-01-02
2249;1650;job search;2025-06-09
2250;1409;chat app;2025-01-30
2251;138;free games;2025-02-09
2252;1237;learn english;2025-05-14
2253;199;weather app;2025-02-22
2254;213;job search;2025-01-07
2255;1706;task manager;2025-04-24
2256;801;budget app;2025-02-01
2257;615;language learning;2025-05-04
2258;377;weather app;2025-05-20
2259;534;puzzle games;2025-06-24
2260;900;puzzle games;2025-02-01
2261;886;music player;2025-06-12
2262;45;fitness tracker;2025-02-06
2263;1677;weather app;2025-02-13
2264;1048;grocery list;2025-02-21
2265;976;job search;2025-03-16
2266;593;learn english;2025-05-31
2267;1010;vpn;2025-06-20
2268;564;language learning;2025-04-09
2269;1429;learn english;2025-04-29
2270;854;video editor;2025-02-07
2271;58;crypto tracker;2025-04-28
2272;247;travel planner;2025-04-10
2273;23;travel planner;2025-03-19
2274;70;puzzle games;2025-04-24
2275;88;vpn;2025-02-05
2276;959;meditation app;2025-03-12
2277;19;fitness tracker;2025-04-02
2278;1026;task manager;2025-02-23
2279;715;task manager;2025-04-10
2280;1051;photo editor;2025-02-14
2281;1344;music player;2025-04-01
2282;1344;travel planner;2025-03-28
2283;942;music player;2025-03-13
2284;1608;crypto tracker;2025-04-11
2285;140;job search;2025-04-07
2286;1972;job search;2025-06-05
2287;1350;fitness tracker;2025-05-28
2288;1452;task manager;2025-06-18
2289;1077;note taking;2025-02-03
2290;1430;recipe app;2025-05-31
2291;1957;travel planner;2025-03-31
2292;1198;puzzle games;2025-04-14
2293;139;budget app;2025-01-08
2294;1745;fitness tracker;2025-03-01
2295;198;learn english;2025-05-08
2296;1914;job search;2025-03-24
2297;1557;weather app;2025-03-02
2298;216;fitness tracker;2025-04-09
2299;1548;video editor;2025-01-17
2300;127;puzzle games;2025-03-06
2301;235;budget app;2025-01-19
2302;905;vpn;2025-06-05
2303;1293;free games;2025-02-14
2304;658;learn english;2025-06-28
2305;921;language learning;2025-02-04
2306;1306;travel planner;2025-05-23
2307;410;chat app;2025-03-06
2308;1006;meditation app;2025-06-23
2309;586;weather app;2025-02-21
2310;1520;fitness tracker;2025-04-22
2311;1667;task manager;2025-02-19
2312;177;travel planner;2025-01-07
2313;1289;learn english;2025-02-22
2314;69;music player;2025-01-02
2315;737;video editor;2025-05-26
2316;1120;photo editor;2025-03-29
2317;380;task manager;2025-05-08
2318;390;chat app;2025-05-27
2319;1695;job search;2025-05-09
2320;722;vpn;2025-06-08
2321;1843;grocery list;2025-02-05
2322;1642;photo editor;2025-04-23
2323;876;language learning;2025-01-19
2324;1166;photo editor;2025-02-02
2325;1603;task manager;2025-03-18
2326;207;learn english;2025-05-08
2327;473;budget app;2025-06-03
2328;1108;recipe app;2025-01-06
2329;459;crypto tracker;2025-03-06
2330;800;vpn;2025-01-18
2331;1787;fitness tracker;2025-03-15
2332;154;grocery list;2025-05-28
2333;495;task manager;2025-06-06
2334;1025;crypto tracker;2025-04-13
2335;1267;budget app;2025-05-20
2336;1429;learn english;2025-05-30
2337;965;note taking;2025-06-17
2338;62;budget app;2025-03-28
2339;864;note taking;2025-02-21
2340;686;budget app;2025-02-05
2341;419;grocery list;2025-03-26
2342;1893;budget app;2025-03-02
2343;1011;photo editor;2025-05-25
2344;1853;puzzle games;2025-06-29
2345;1711;budget app;2025-03-30
2346;145;video editor;2025-06-03
2347;1515;puzzle games;2025-01-21
2348;1818;grocery list;2025-05-03
2349;1939;music player;2025-03-11
2350;1482;budget app;2025-01-27
2351;73;job search;2025-05-10
2352;462;vpn;2025-04-21
2353;979;crypto tracker;2025-02-28
2354;44;budget app;2025-01-07
2355;1585;chat app;2025-05-17
2356;1246;language learning;2025-06-24
2357;1401;free games;2025-05-22
2358;988;budget app;2025-04-10
2359;1569;language learning;2025-06-28
2360;257;video editor;2025-06-29
2361;875;grocery list;2025-02-05
2362;237;meditation app;2025-01-31
2363;1838;puzzle games;2025-04-05
2364;721;chat app;2025-03-29
2365;895;budget app;2025-03-02
2366;476;photo editor;2025-05-31
2367;21;weather app;2025-04-16
2368;1531;grocery list;2025-05-26
2369;94;free games;2025-03-05
2370;1665;budget app;2025-01-20
2371;117;music player;2025-04-23
2372;370;crypto tracker;2025-01-12
2373;644;vpn;2025-06-04
2374;1342;weather app;2025-03-16
2375;266;puzzle games;2025-04-12
2376;981;learn english;2025-06-18
2377;158;photo editor;2025-03-06
2378;1922;grocery list;2025-02-22
2379;1014;vpn;2025-02-26
2380;909;crypto tracker;2025-04-04
2381;1598;grocery list;2025-03-16
2382;1780;weather app;2025-05-15
2383;1829;note taking;2025-03-23
2384;1430;grocery list;2025-05-09
2385;214;budget app;2025-03-30
2386;1845;video editor;2025-06-30
2387;1947;puzzle games;2025-05-05
2388;573;photo editor;2025-02-22
2389;1868;music player;2025-05-14
2390;473;crypto tracker;2025-05-22
2391;432;learn english;2025-04-06
2392;1485;music player;2025-01-10
2393;482;meditation app;2025-06-16
2394;1566;meditation app;2025-01-30
2395;44;job search;2025-01-09
2396;554;note taking;2025-05-31
2397;787;crypto tracker;2025-01-22
2398;123;note taking;2025-06-06
2399;787;job search;2025-01-05
2400;1767;language learning;2025-04-09
2401;910;budget app;2025-02-27
2402;422;language learning;2025-02-17
2403;1352;video editor;2025-05-17
2404;108;crypto tracker;2025-01-09
2405;1110;vpn;2025-01-07
2406;1864;puzzle games;2025-03-28
2407;1890;note taking;2025-06-01
2408;444;free games;2025-03-29
2409;1487;puzzle games;2025-04-22
2410;1774;video editor;2025-01-15
2411;1654;learn english;2025-05-22
2412;795;crypto tracker;2025-05-17
2413;950;video editor;2025-05-27
2414;1473;travel planner;2025-05-13
2415;533;fitness tracker;2025-04-08
2416;958;weather app;2025-02-03
2417;1859;free games;2025-03-13
2418;1638;note taking;2025-01-22
2419;512;grocery list;2025-03-17
2420;692;travel planner;2025-04-12
2421;80;puzzle games;2025-03-12
2422;741;note taking;2025-06-18
2423;514;puzzle games;2025-01-04
2424;255;crypto tracker;2025-05-26
2425;1354;recipe app;2025-03-09
2426;1736;fitness tracker;2025-04-24
2427;948;free games;2025-04-23
2428;19;meditation app;2025-01-10
2429;1979;vpn;2025-05-03
2430;1307;grocery list;2025-02-25
2431;837;budget app;2025-05-29
2432;1923;photo editor;2025-03-12
2433;1838;puzzle games;2025-05-22
2434;644;photo editor;2025-04-23
2435;369;note taking;2025-03-12
2436;532;job search;2025-02-02
2437;466;fitness tracker;2025-02-07
2438;1785;puzzle games;2025-06-17
2439;102;weather app;2025-01-30
2440;1341;budget app;2025-02-17
2441;1402;task manager;2025-04-23
2442;1188;recipe app;2025-01-11
2443;1134;weather app;2025-01-16
2444;1950;note taking;2025-03-07
2445;34;vpn;2025-05-19
2446;1472;budget app;2025-06-03
2447;481;vpn;2025-01-28
2448;159;task manager;2025-04-24
2449;232;task manager;2025-01-20
2450;486;chat app;2025-03-25
2451;1169;vpn;2025-06-24
2452;852;photo editor;2025-06-14
2453;874;crypto tracker;2025-02-06
2454;51;recipe app;2025-06-05
2455;1615;vpn;2025-03-27
2456;1998;video editor;2025-06-16
2457;768;job search;2025-03-17
2458;1274;free games;2025-02-11
2459;755;budget app;2025-03-16
2460;1906;music player;2025-06-01
2461;53;learn english;2025-06-05
2462;434;recipe app;2025-05-11
2463;1466;task manager;2025-05-29
2464;1460;vpn;2025-02-25
2465;776;travel planner;2025-01-09
2466;1346;music player;2025-04-08
2467;1562;photo editor;2025-01-20
2468;1964;weather app;2025-05-25
2469;1032;travel planner;2025-06-11
2470;1123;video editor;2025-05-18
2471;1502;learn english;2025-05-16
2472;1635;budget app;2025-06-05
2473;968;task manager;2025-05-14
2474;904;recipe app;2025-03-10
2475;400;travel planner;2025-03-17
2476;1866;weather app;2025-03-26
2477;498;vpn;2025-03-01
2478;934;recipe app;2025-01-30
2479;1420;weather app;2025-04-24
2480;1501;video editor;2025-04-03
2481;164;vpn;2025-05-24
2482;1036;photo editor;2025-04-03
2483;1339;job search;2025-06-04
2484;472;meditation app;2025-04-18
2485;471;travel planner;2025-02-02
2486;1896;grocery list;2025-03-04
2487;1591;video editor;2025-06-22
2488;1198;music player;2025-06-05
2489;534;crypto tracker;2025-03-29
2490;643;learn english;2025-01-21
2491;837;video editor;2025-05-10
2492;304;travel planner;2025-05-07
2493;1296;chat app;2025-02-16
2494;1795;meditation app;2025-01-04
2495;342;learn english;2025-04-18
2496;540;grocery list;2025-05-01
2497;1522;learn english;2025-02-02
2498;1781;budget app;2025-04-21
2499;50;fitness tracker;2025-01-19
2500;272;task manager;2025-05-16
2501;1882;language learning;2025-04-19
2502;726;music player;2025-04-13
2503;1428;grocery list;2025-03-03
2504;1459;crypto tracker;2025-01-31
2505;690;recipe app;2025-06-01
2506;1247;puzzle games;2025-01-28
2507;1480;budget app;2025-01-19
2508;1513;vpn;2025-04-25
2509;1866;video editor;2025-06-11
2510;922;video editor;2025-03-16
2511;1552;job search;2025-06-29
2512;276;fitness tracker;2025-05-31
2513;1877;task manager;2025-01-22
2514;312;free games;2025-06-01
2515;1215;vpn;2025-06-22
2516;1330;meditation app;2025-04-08
2517;657;meditation app;2025-02-15
2518;1042;travel planner;2025-03-13
2519;1935;learn english;2025-03-01
2520;609;job search;2025-03-29
2521;99;travel planner;2025-05-13
2522;1838;task manager;2025-05-29
2523;1041;video editor;2025-03-15
2524;662;language learning;2025-03-23
2525;1551;fitness tracker;2025-02-06
2526;86;chat app;2025-04-21
2527;1064;note taking;2025-05-28
2528;1802;puzzle games;2025-03-22
2529;204;vpn;2025-03-14
2530;340;learn english;2025-03-15
2531;561;job search;2025-04-23
2532;459;fitness tracker;2025-03-15
2533;1924;note taking;2025-06-05
2534;1544;learn english;2025-03-01
2535;1365;note taking;2025-02-06
2536;197;chat app;2025-05-22
2537;1718;task manager;2025-02-13
2538;57;puzzle games;2025-01-11
2539;1966;grocery list;2025-05-18
2540;1637;chat app;2025-01-02
2541;1001;free games;2025-04-05
2542;417;crypto tracker;2025-05-27
2543;874;meditation app;2025-05-14
2544;259;meditation app;2025-03-17
2545;1881;learn english;2025-06-30
2546;1883;learn english;2025-04-24
2547;1821;video editor;2025-05-07
2548;539;photo editor;2025-02-05
2549;571;learn english;2025-04-01
2550;1646;photo editor;2025-02-26
2551;1490;photo editor;2025-03-25
2552;321;task manager;2025-03-27
2553;566;meditation app;2025-06-11
2554;1507;task manager;2025-06-22
2555;1592;photo editor;2025-06-30
2556;1409;recipe app;2025-01-10
2557;888;learn english;2025-06-30
2558;1627;task manager;2025-03-23
2559;390;grocery list;2025-06-19
2560;1716;budget app;2025-06-12
2561;1285;free games;2025-03-04
2562;281;travel planner;2025-04-07
2563;1787;weather app;2025-06-22
2564;401;note taking;2025-05-01
2565;311;job search;2025-02-17
2566;1503;job search;2025-03-14
2567;270;chat app;2025-06-12
2568;1794;photo editor;2025-05-13
2569;1756;chat app;2025-01-01
2570;890;photo editor;2025-05-06
2571;1143;puzzle games;2025-02-23
2572;1455;fitness tracker;2025-01-10
2573;857;note taking;2025-06-07
2574;779;travel planner;2025-03-02
2575;1307;vpn;2025-05-04
2576;1087;fitness tracker;2025-03-18
2577;1722;weather app;2025-03-16
2578;1369;job search;2025-05-06
2579;1632;language learning;2025-06-03
2580;732;grocery list;2025-05-04
2581;606;learn english;2025-02-26
2582;231;crypto tracker;2025-04-18
2583;1986;meditation app;2025-03-25
2584;507;video editor;2025-01-30
2585;361;meditation app;2025-03-23
2586;1353;learn english;2025-03-30
2587;1428;language learning;2025-06-30
2588;263;job search;2025-05-06
2589;1231;video editor;2025-06-25
2590;481;free games;2025-03-16
2591;549;task manager;2025-02-25
2592;1823;video editor;2025-01-16
2593;1152;recipe app;2025-03-08
2594;1383;recipe app;2025-04-16
2595;802;meditation app;2025-04-19
2596;817;note taking;2025-01-14
2597;550;job search;2025-02-26
2598;696;budget app;2025-03-20
2599;917;video editor;2025-02-26
2600;1173;fitness tracker;2025-05-18
2601;423;learn english;2025-06-07
2602;1251;recipe app;2025-02-03
2603;1239;grocery list;2025-01-06
2604;1947;free games;2025-04-08
2605;185;recipe app;2025-04-01
2606;1571;grocery list;2025-01-17
2607;1342;budget app;2025-05-13
2608;432;vpn;2025-05-18
2609;407;fitness tracker;2025-05-18
2610;811;weather app;2025-03-16
2611;1642;fitness tracker;2025-04-06
2612;679;video editor;2025-02-25
2613;1133;weather app;2025-01-04
2614;74;free games;2025-05-15
2615;210;task manager;2025-04-12
2616;1621;job search;2025-01-11
2617;322;crypto tracker;2025-03-19
2618;50;weather app;2025-06-11
2619;1582;weather app;2025-01-09
2620;558;learn english;2025-04-07
2621;1343;language learning;2025-02-03
2622;1676;note taking;2025-01-22
2623;157;photo editor;2025-05-10
2624;1479;video editor;2025-01-06
2625;31;grocery list;2025-06-04
2626;1883;music player;2025-01-25
2627;1508;travel planner;2025-04-11
2628;398;puzzle games;2025-03-21
2629;1608;recipe app;2025-04-19
2630;1050;free games;2025-03-19
2631;562;meditation app;2025-02-21
2632;205;note taking;2025-06-17
2633;1181;job search;2025-04-07
2634;597;video editor;2025-01-24
2635;456;video editor;2025-05-24
2636;571;job search;2025-03-14
2637;1859;grocery list;2025-05-10
2638;501;language learning;2025-01-05
2639;1018;language learning;2025-04-06
2640;1563;grocery list;2025-01-28
2641;927;weather app;2025-05-28
2642;1998;free games;2025-04-12
2643;1580;weather app;2025-04-25
2644;758;job search;2025-05-25
2645;224;crypto tracker;2025-03-27
2646;295;photo editor;2025-01-25
2647;1149;fitness tracker;2025-02-23
2648;1772;job search;2025-06-01
2649;512;photo editor;2025-02-06
2650;826;puzzle games;2025-05-02
2651;1072;travel planner;2025-03-01
2652;121;job search;2025-03-06
2653;844;crypto tracker;2025-03-28
2654;1709;music player;2025-01-10
2655;659;travel planner;2025-06-03
2656;833;free games;2025-03-10
2657;1414;chat app;2025-05-24
2658;1628;job search;2025-05-20
2659;1024;recipe app;2025-06-16
2660;483;recipe app;2025-04-29
2661;1452;job search;2025-05-12
2662;1137;photo editor;2025-01-27
2663;872;photo editor;2025-04-07
2664;261;free games;2025-02-11
2665;1065;learn english;2025-02-12
2666;405;meditation app;2025-01-30
2667;80;video editor;2025-05-07
2668;350;task manager;2025-05-05
2669;287;grocery list;2025-04-18
2670;818;free games;2025-03-17
2671;241;video editor;2025-03-17
2672;1475;note taking;2025-05-14
2673;661;puzzle games;2025-04-06
2674;1155;fitness tracker;2025-02-06
2675;595;task manager;2025-06-25
2676;419;puzzle games;2025-04-06
2677;1064;puzzle games;2025-03-06
2678;967;meditation app;2025-02-23
2679;1918;recipe app;2025-02-04
2680;337;task manager;2025-05-02
2681;21;recipe app;2025-04-17
2682;368;music player;2025-05-01
2683;138;free games;2025-03-21
2684;1437;chat app;2025-02-21
2685;1422;learn english;2025-05-18
2686;940;recipe app;2025-01-25
2687;126;puzzle games;2025-04-30
2688;1218;fitness tracker;2025-01-18
2689;718;grocery list;2025-02-27
2690;707;free games;2025-02-19
2691;563;crypto tracker;2025-04-20
2692;1197;crypto tracker;2025-04-05
2693;1279;language learning;2025-03-07
2694;1150;grocery list;2025-06-14
2695;1351;chat app;2025-01-20
2696;1214;music player;2025-01-27
2697;1497;chat app;2025-03-13
2698;366;note taking;2025-05-25
2699;210;music player;2025-05-14
2700;1203;language learning;2025-03-26
2701;1179;travel planner;2025-06-04
2702;568;puzzle games;2025-06-21
2703;1863;job search;2025-02-23
2704;345;free games;2025-03-01
2705;444;photo editor;2025-06-07
2706;301;music player;2025-02-12
2707;974;free games;2025-03-24
2708;160;budget app;2025-02-05
2709;1048;meditation app;2025-04-19
2710;1362;job search;2025-03-25
2711;620;task manager;2025-01-31
2712;494;grocery list;2025-04-11
2713;773;language learning;2025-06-30
2714;972;vpn;2025-03-21
2715;1718;task manager;2025-03-23
2716;1087;photo editor;2025-06-04
2717;1725;chat app;2025-02-12
2718;1937;note taking;2025-02-06
2719;1721;video editor;2025-05-24
2720;905;job search;2025-06-27
2721;1616;note taking;2025-06-25
2722;247;grocery list;2025-04-22
2723;1336;vpn;2025-02-15
2724;52;vpn;2025-04-30
2725;1579;vpn;2025-04-19
2726;438;puzzle games;2025-05-24
2727;1795;chat app;2025-04-08
2728;767;fitness tracker;2025-01-03
2729;402;meditation app;2025-04-03
2730;1078;chat app;2025-01-02
2731;1201;crypto tracker;2025-03-26
2732;193;vpn;2025-03-06
2733;1030;free games;2025-06-05
2734;560;budget app;2025-06-15
2735;564;job search;2025-04-12
2736;90;note taking;2025-03-12
2737;1281;budget app;2025-05-27
2738;1687;free games;2025-05-01
2739;1245;meditation app;2025-05-06
2740;356;job search;2025-06-15
2741;1538;grocery list;2025-01-27
2742;79;vpn;2025-01-08
2743;1256;music player;2025-06-30
2744;1508;fitness tracker;2025-02-03
2745;170;video editor;2025-01-31
2746;115;meditation app;2025-06-13
2747;1456;budget app;2025-03-22
2748;200;grocery list;2025-03-13
2749;1747;chat app;2025-06-17
2750;1258;free games;2025-03-27
2751;1715;recipe app;2025-02-13
2752;1855;travel planner;2025-04-04
2753;1058;free games;2025-06-20
2754;826;video editor;2025-06-20
2755;1372;budget app;2025-01-17
2756;396;task manager;2025-02-07
2757;1493;note taking;2025-01-22
2758;354;meditation app;2025-01-12
2759;565;puzzle games;2025-02-20
2760;1411;task manager;2025-04-15
2761;355;free games;2025-03-21
2762;561;grocery list;2025-03-31
2763;242;recipe app;2025-04-30
2764;1164;photo editor;2025-05-25
2765;1906;meditation app;2025-01-23
2766;239;photo editor;2025-02-16
2767;1495;photo editor;2025-02-17
2768;651;travel planner;2025-06-10
2769;1978;free games;2025-02-13
2770;1616;free games;2025-02-25
2771;1307;vpn;2025-04-28
2772;167;weather app;2025-03-20
2773;1715;chat app;2025-02-03
2774;636;budget app;2025-04-08
2775;1446;crypto tracker;2025-02-15
2776;572;music player;2025-05-25
2777;647;video editor;2025-02-27
2778;1711;chat app;2025-03-11
2779;1810;chat app;2025-02-15
2780;605;note taking;2025-06-28
2781;901;note taking;2025-01-24
2782;1004;vpn;2025-05-29
2783;745;vpn;2025-06-14
2784;1072;meditation app;2025-06-11
2785;1408;fitness tracker;2025-01-10
2786;1945;travel planner;2025-04-09
2787;319;grocery list;2025-05-26
2788;432;video editor;2025-03-30
2789;1324;crypto tracker;2025-02-23
2790;701;task manager;2025-05-22
2791;1700;note taking;2025-01-24
2792;1052;chat app;2025-03-08
2793;447;meditation app;2025-03-08
2794;65;learn english;2025-05-13
2795;1349;fitness tracker;2025-05-02
2796;287;meditation app;2025-05-31
2797;662;vpn;2025-05-25
2798;774;travel planner;2025-01-09
2799;661;learn english;2025-06-11
2800;735;free games;2025-02-10
2801;864;job search;2025-03-27
2802;690;learn english;2025-02-17
2803;1871;vpn;2025-03-20
2804;334;meditation app;2025-05-20
2805;382;free games;2025-04-23
2806;1658;puzzle games;2025-04-27
2807;1216;travel planner;2025-06-27
2808;891;language learning;2025-05-02
2809;1709;weather app;2025-03-06
2810;1482;vpn;2025-06-03
2811;692;job search;2025-06-23
2812;822;crypto tracker;2025-01-11
2813;1989;weather app;2025-05-10
2814;221;video editor;2025-04-20
2815;1586;note taking;2025-05-28
2816;821;travel planner;2025-01-08
2817;336;task manager;2025-02-12
2818;1889;crypto tracker;2025-06-02
2819;1977;task manager;2025-02-20
2820;1949;travel planner;2025-02-05
2821;267;recipe app;2025-01-14
2822;1988;photo editor;2025-03-21
2823;1624;music player;2025-03-30
2824;940;language learning;2025-02-12
2825;944;free games;2025-06-18
2826;303;chat app;2025-02-14
2827;618;crypto tracker;2025-01-21
2828;379;weather app;2025-02-22
2829;895;photo editor;2025-03-04
2830;316;grocery list;2025-04-06
2831;11;job search;2025-02-10
2832;706;learn english;2025-05-01
2833;1127;language learning;2025-06-28
2834;436;job search;2025-06-21
2835;771;meditation app;2025-06-30
2836;498;learn english;2025-04-10
2837;264;recipe app;2025-02-04
2838;819;recipe app;2025-03-14
2839;1679;video editor;2025-06-02
2840;807;grocery list;2025-01-19
2841;711;job search;2025-06-21
2842;1517;travel planner;2025-01-07
2843;455;puzzle games;2025-02-15
2844;1573;weather app;2025-04-05
2845;742;recipe app;2025-05-09
2846;1686;free games;2025-06-06
2847;1228;language learning;2025-01-20
2848;1323;weather app;2025-02-05
2849;1024;chat app;2025-01-12
2850;433;crypto tracker;2025-04-22
2851;191;recipe app;2025-04-09
2852;1340;fitness tracker;2025-04-19
2853;309;crypto tracker;2025-03-21
2854;793;job search;2025-01-09
2855;535;video editor;2025-02-15
2856;335;language learning;2025-06-24
2857;1060;learn english;2025-04-30
2858;1652;photo editor;2025-03-30
2859;1406;learn english;2025-06-17
2860;1767;language learning;2025-01-04
2861;330;recipe app;2025-02-02
2862;1177;task manager;2025-04-09
2863;1406;meditation app;2025-01-03
2864;996;language learning;2025-04-19
2865;1580;budget app;2025-03-19
2866;871;note taking;2025-06-12
2867;238;puzzle games;2025-04-26
2868;1029;vpn;2025-05-02
2869;1459;recipe app;2025-05-17
2870;1991;vpn;2025-01-29
2871;1609;fitness tracker;2025-04-19
2872;1089;language learning;2025-06-22
2873;164;music player;2025-01-02
2874;691;travel planner;2025-03-08
2875;405;task manager;2025-06-07
2876;1491;meditation app;2025-04-22
2877;100;meditation app;2025-03-14
2878;82;learn english;2025-05-06
2879;943;vpn;2025-01-13
2880;1822;puzzle games;2025-06-25
2881;757;note taking;2025-04-19
2882;692;crypto tracker;2025-01-07
2883;1112;note taking;2025-02-15
2884;601;vpn;2025-04-17
2885;36;meditation app;2025-03-25
2886;610;budget app;2025-06-02
2887;229;vpn;2025-01-10
2888;1089;language learning;2025-03-05
2889;359;photo editor;2025-05-17
2890;194;music player;2025-02-07
2891;1297;job search;2025-04-21
2892;1829;note taking;2025-03-30
2893;1991;meditation app;2025-06-26
2894;1265;weather app;2025-05-15
2895;1166;meditation app;2025-01-11
2896;157;recipe app;2025-04-06
2897;79;music player;2025-06-05
2898;1483;learn english;2025-04-08
2899;1050;photo editor;2025-03-28
2900;1900;crypto tracker;2025-04-19
2901;821;free games;2025-02-17
2902;1947;note taking;2025-06-17
2903;1522;photo editor;2025-04-21
2904;1977;learn english;2025-02-19
2905;1170;note taking;2025-03-19
2906;1261;task manager;2025-05-19
2907;1750;weather app;2025-06-27
2908;1637;budget app;2025-04-06
2909;1175;job search;2025-02-25
2910;1558;video editor;2025-03-12
2911;1530;fitness tracker;2025-03-12
2912;1028;budget app;2025-06-04
2913;817;fitness tracker;2025-06-23
2914;584;note taking;2025-01-02
2915;834;chat app;2025-01-05
2916;1602;video editor;2025-06-18
2917;266;note taking;2025-03-10
2918;948;puzzle games;2025-06-12
2919;652;learn english;2025-02-26
2920;461;free games;2025-03-25
2921;453;photo editor;2025-06-06
2922;590;puzzle games;2025-04-28
2923;1205;video editor;2025-06-12
2924;1220;recipe app;2025-05-19
2925;797;job search;2025-05-23
2926;26;recipe app;2025-03-29
2927;655;vpn;2025-04-24
2928;311;meditation app;2025-05-08
2929;432;grocery list;2025-06-28
2930;349;language learning;2025-03-07
2931;826;budget app;2025-06-19
2932;1746;travel planner;2025-01-21
2933;1294;job search;2025-05-24
2934;708;photo editor;2025-02-23
2935;1532;task manager;2025-04-05
2936;623;crypto tracker;2025-03-22
2937;925;meditation app;2025-01-08
2938;320;puzzle games;2025-05-30
2939;342;puzzle games;2025-04-01
2940;1157;video editor;2025-04-17
2941;1567;free games;2025-03-14
2942;1140;job search;2025-03-02
2943;769;grocery list;2025-02-03
2944;776;puzzle games;2025-02-01
2945;199;language learning;2025-02-25
2946;433;learn english;2025-05-27
2947;593;fitness tracker;2025-02-10
2948;1571;language learning;2025-05-21
2949;837;vpn;2025-02-25
2950;857;puzzle games;2025-03-13
2951;655;vpn;2025-06-11
2952;217;recipe app;2025-05-09
2953;1097;grocery list;2025-04-11
2954;462;language learning;2025-05-07
2955;1550;meditation app;2025-03-15
2956;1692;meditation app;2025-02-10
2957;1893;fitness tracker;2025-04-13
2958;591;free games;2025-05-17
2959;1700;recipe app;2025-04-29
2960;1344;fitness tracker;2025-06-24
2961;1859;learn english;2025-04-09
2962;1189;video editor;2025-04-18
2963;841;chat app;2025-06-12
2964;60;puzzle games;2025-02-27
2965;284;puzzle games;2025-06-08
2966;1031;photo editor;2025-06-03
2967;1169;video editor;2025-01-06
2968;666;puzzle games;2025-03-05
2969;341;travel planner;2025-06-10
2970;967;photo editor;2025-04-05
2971;47;puzzle games;2025-06-17
2972;798;grocery list;2025-05-11
2973;1769;chat app;2025-02-11
2974;938;vpn;2025-03-03
2975;359;job search;2025-02-21
2976;661;music player;2025-03-17
2977;133;free games;2025-02-22
2978;1183;meditation app;2025-04-28
2979;502;puzzle games;2025-04-24
2980;496;fitness tracker;2025-04-29
2981;1025;learn english;2025-06-04
2982;1716;recipe app;2025-02-10
2983;502;meditation app;2025-01-18
2984;15;budget app;2025-06-24
2985;1387;video editor;2025-05-14
2986;963;language learning;2025-01-19
2987;1604;video editor;2025-03-08
2988;1810;grocery list;2025-01-31
2989;1466;puzzle games;2025-06-15
2990;1094;free games;2025-04-23
2991;985;budget app;2025-03-16
2992;1663;language learning;2025-01-11
2993;745;language learning;2025-05-11
2994;1289;meditation app;2025-04-20
2995;1613;learn english;2025-01-27
2996;299;note taking;2025-05-29
2997;1544;learn english;2025-02-13
2998;751;video editor;2025-06-18
2999;696;music player;2025-03-04
3000;1630;job search;2025-02-23
3001;542;learn english;2025-03-26
3002;1315;photo editor;2025-04-28
3003;1842;job search;2025-03-04
3004;1551;note taking;2025-03-29
3005;605;meditation app;2025-03-26
3006;1613;meditation app;2025-06-29
3007;529;travel planner;2025-03-12
3008;1218;budget app;2025-02-05
3009;304;task manager;2025-03-15
3010;54;weather app;2025-04-05
3011;1155;vpn;2025-03-16
3012;629;fitness tracker;2025-05-26
3013;1299;crypto tracker;2025-05-02
3014;1461;meditation app;2025-06-22
3015;604;music player;2025-06-27
3016;264;music player;2025-06-05
3017;599;language learning;2025-03-07
3018;1305;weather app;2025-01-08
3019;1743;chat app;2025-05-30
3020;621;music player;2025-05-30
3021;25;note taking;2025-04-04
3022;1477;task manager;2025-05-13
3023;832;job search;2025-06-08
3024;1844;fitness tracker;2025-03-30
3025;1319;music player;2025-05-31
3026;1747;task manager;2025-03-22
3027;1072;vpn;2025-04-07
3028;1773;job search;2025-06-15
3029;347;task manager;2025-05-04
3030;360;job search;2025-04-08
3031;30;photo editor;2025-03-29
3032;461;crypto tracker;2025-02-22
3033;460;music player;2025-03-13
3034;1247;learn english;2025-06-16
3035;404;vpn;2025-05-08
3036;941;travel planner;2025-06-13
3037;1857;free games;2025-05-15
3038;1840;weather app;2025-02-21
3039;745;budget app;2025-04-13
3040;1283;learn english;2025-03-26
3041;1040;photo editor;2025-03-11
3042;1134;grocery list;2025-05-18
3043;1788;photo editor;2025-01-15
3044;915;travel planner;2025-05-14
3045;508;weather app;2025-03-07
3046;1633;fitness tracker;2025-06-26
3047;1918;weather app;2025-02-28
3048;1413;meditation app;2025-02-15
3049;83;puzzle games;2025-03-10
3050;1131;note taking;2025-01-24
3051;1522;chat app;2025-01-17
3052;1856;music player;2025-05-14
3053;621;budget app;2025-02-23
3054;467;weather app;2025-05-30
3055;1560;travel planner;2025-05-03
3056;951;learn english;2025-05-18
3057;1806;budget app;2025-03-23
3058;1618;photo editor;2025-02-20
3059;980;learn english;2025-04-24
3060;171;job search;2025-02-20
3061;205;grocery list;2025-05-31
3062;441;puzzle games;2025-05-05
3063;615;travel planner;2025-01-03
3064;1192;video editor;2025-01-29
3065;1475;meditation app;2025-06-14
3066;399;travel planner;2025-06-12
3067;1259;meditation app;2025-01-01
3068;516;video editor;2025-06-03
3069;555;job search;2025-06-11
3070;362;recipe app;2025-05-10
3071;990;task manager;2025-03-14
3072;1949;crypto tracker;2025-03-09
3073;1777;grocery list;2025-03-05
3074;699;note taking;2025-06-23
3075;1150;task manager;2025-03-21
3076;1282;meditation app;2025-01-29
3077;1550;fitness tracker;2025-05-05
3078;14;recipe app;2025-05-11
3079;964;job search;2025-02-11
3080;367;photo editor;2025-04-21
3081;1379;crypto tracker;2025-01-25
3082;1896;meditation app;2025-03-29
3083;1307;grocery list;2025-02-16
3084;397;learn english;2025-03-01
3085;437;crypto tracker;2025-05-09
3086;626;recipe app;2025-05-16
3087;967;learn english;2025-06-25
3088;615;puzzle games;2025-02-23
3089;1170;music player;2025-03-24
3090;321;chat app;2025-04-12
3091;1610;fitness tracker;2025-02-10
3092;1250;fitness tracker;2025-03-25
3093;1960;task manager;2025-05-02
3094;1339;puzzle games;2025-04-17
3095;1597;note taking;2025-02-28
3096;1911;note taking;2025-05-01
3097;1914;crypto tracker;2025-04-05
3098;297;crypto tracker;2025-03-27
3099;1489;vpn;2025-03-22
3100;922;crypto tracker;2025-04-19
3101;1154;language learning;2025-04-17
3102;12;language learning;2025-01-15
3103;1984;video editor;2025-04-01
3104;1323;music player;2025-04-27
3105;1571;note taking;2025-01-05
3106;1677;chat app;2025-02-23
3107;1356;note taking;2025-03-17
3108;1706;vpn;2025-01-07
3109;660;video editor;2025-04-08
3110;668;grocery list;2025-05-24
3111;1514;chat app;2025-02-25
3112;1265;task manager;2025-04-23
3113;1754;note taking;2025-01-28
3114;153;weather app;2025-02-11
3115;667;job search;2025-06-01
3116;963;budget app;2025-06-18
3117;799;job search;2025-03-05
3118;574;puzzle games;2025-05-31
3119;769;budget app;2025-01-26
3120;115;recipe app;2025-03-12
3121;1102;vpn;2025-04-23
3122;1892;crypto tracker;2025-01-29
3123;967;music player;2025-01-19
3124;665;video editor;2025-02-08
3125;1790;music player;2025-05-31
3126;613;travel planner;2025-02-21
3127;1151;photo editor;2025-04-23
3128;503;recipe app;2025-05-27
3129;1120;note taking;2025-05-23
3130;1088;crypto tracker;2025-06-26
3131;45;music player;2025-01-18
3132;1784;recipe app;2025-04-03
3133;1854;meditation app;2025-02-24
3134;378;recipe app;2025-04-30
3135;467;meditation app;2025-04-03
3136;683;chat app;2025-06-23
3137;1990;note taking;2025-03-07
3138;1237;free games;2025-02-05
3139;245;video editor;2025-04-20
3140;812;job search;2025-01-13
3141;1704;task manager;2025-01-16
3142;1870;task manager;2025-04-06
3143;34;travel planner;2025-04-22
3144;66;task manager;2025-03-25
3145;1619;grocery list;2025-05-06
3146;579;travel planner;2025-03-27
3147;1300;photo editor;2025-01-20
3148;1158;photo editor;2025-05-23
3149;1599;learn english;2025-05-17
3150;325;task manager;2025-01-23
3151;1176;meditation app;2025-06-06
3152;1332;chat app;2025-01-19
3153;1572;video editor;2025-03-12
3154;954;meditation app;2025-02-08
3155;1333;recipe app;2025-01-19
3156;373;travel planner;2025-03-28
3157;930;task manager;2025-06-27
3158;1515;video editor;2025-01-06
3159;823;travel planner;2025-03-17
3160;14;puzzle games;2025-04-10
3161;39;free games;2025-02-27
3162;661;video editor;2025-02-08
3163;531;weather app;2025-05-30
3164;1382;recipe app;2025-05-17
3165;938;chat app;2025-05-28
3166;1896;vpn;2025-05-28
3167;313;chat app;2025-02-07
3168;423;crypto tracker;2025-02-16
3169;207;free games;2025-05-17
3170;1233;budget app;2025-02-02
3171;1107;vpn;2025-01-18
3172;671;recipe app;2025-02-28
3173;1348;chat app;2025-02-21
3174;621;fitness tracker;2025-04-19
3175;556;weather app;2025-02-25
3176;1582;vpn;2025-01-07
3177;282;meditation app;2025-02-01
3178;1709;language learning;2025-01-07
3179;910;chat app;2025-04-08
3180;101;meditation app;2025-04-23
3181;818;chat app;2025-02-22
3182;1579;language learning;2025-06-01
3183;1669;learn english;2025-01-24
3184;1986;fitness tracker;2025-05-10
3185;1871;travel planner;2025-05-13
3186;250;fitness tracker;2025-02-23
3187;247;job search;2025-06-04
3188;734;recipe app;2025-04-17
3189;392;chat app;2025-01-24
3190;1638;task manager;2025-04-03
3191;979;note taking;2025-05-11
3192;230;meditation app;2025-01-05
3193;15;language learning;2025-04-18
3194;820;learn english;2025-04-01
3195;739;crypto tracker;2025-01-17
3196;890;crypto tracker;2025-02-28
3197;1437;photo editor;2025-06-16
3198;1319;language learning;2025-05-01
3199;33;note taking;2025-06-15
3200;1838;recipe app;2025-01-12
3201;289;weather app;2025-02-15
3202;1157;free games;2025-02-02
3203;1063;music player;2025-02-05
3204;1424;job search;2025-01-10
3205;126;puzzle games;2025-02-23
3206;1775;crypto tracker;2025-04-06
3207;1265;video editor;2025-02-10
3208;859;fitness tracker;2025-02-14
3209;1918;task manager;2025-02-08
3210;1520;fitness tracker;2025-04-04
3211;1801;learn english;2025-02-11
3212;62;job search;2025-02-22
3213;627;language learning;2025-06-10
3214;765;note taking;2025-06-09
3215;658;free games;2025-01-07
3216;680;free games;2025-05-01
3217;71;music player;2025-04-15
3218;96;grocery list;2025-04-07
3219;1562;puzzle games;2025-05-15
3220;348;fitness tracker;2025-01-26
3221;31;vpn;2025-02-27
3222;189;video editor;2025-01-17
3223;231;job search;2025-04-29
3224;851;grocery list;2025-04-23
3225;276;puzzle games;2025-06-13
3226;2;crypto tracker;2025-05-02
3227;962;note taking;2025-02-02
3228;662;grocery list;2025-04-04
3229;1960;puzzle games;2025-06-21
3230;1468;learn english;2025-05-03
3231;1010;travel planner;2025-02-20
3232;258;weather app;2025-05-12
3233;266;music player;2025-02-27
3234;1351;photo editor;2025-01-25
3235;1469;language learning;2025-03-14
3236;1817;puzzle games;2025-01-27
3237;512;weather app;2025-03-06
3238;379;crypto tracker;2025-03-26
3239;1456;meditation app;2025-06-21
3240;1210;task manager;2025-05-13
3241;1183;note taking;2025-02-03
3242;672;video editor;2025-04-06
3243;1355;music player;2025-05-29
3244;1509;budget app;2025-04-09
3245;1295;budget app;2025-02-20
3246;374;free games;2025-02-06
3247;1300;budget app;2025-03-02
3248;332;language learning;2025-03-24
3249;24;travel planner;2025-05-04
3250;991;vpn;2025-02-18
3251;1288;travel planner;2025-04-14
3252;926;chat app;2025-04-27
3253;1273;note taking;2025-05-20
3254;901;learn english;2025-03-13
3255;1343;task manager;2025-03-28
3256;691;fitness tracker;2025-03-07
3257;699;job search;2025-05-21
3258;935;learn english;2025-06-21
3259;1754;recipe app;2025-05-13
3260;539;photo editor;2025-04-04
3261;874;free games;2025-05-20
3262;259;learn english;2025-02-28
3263;1997;meditation app;2025-01-29
3264;247;grocery list;2025-03-17
3265;259;vpn;2025-03-20
3266;927;video editor;2025-05-22
3267;1925;photo editor;2025-05-10
3268;374;language learning;2025-05-11
3269;400;music player;2025-06-24
3270;455;free games;2025-02-20
3271;1503;vpn;2025-05-15
3272;1231;music player;2025-05-25
3273;1762;task manager;2025-05-15
3274;97;grocery list;2025-04-03
3275;1105;weather app;2025-06-27
3276;1940;task manager;2025-02-12
3277;767;fitness tracker;2025-01-26
3278;1394;fitness tracker;2025-06-12
3279;1300;puzzle games;2025-02-27
3280;1727;music player;2025-05-19
3281;1930;puzzle games;2025-04-19
3282;1758;chat app;2025-03-13
3283;101;language learning;2025-03-17
3284;799;task manager;2025-04-18
3285;1831;job search;2025-04-30
3286;660;music player;2025-03-18
3287;1;photo editor;2025-03-06
3288;1451;grocery list;2025-06-21
3289;639;chat app;2025-06-06
3290;1217;photo editor;2025-01-16
3291;1547;video editor;2025-02-05
3292;295;job search;2025-02-11
3293;1566;weather app;2025-04-11
3294;1611;fitness tracker;2025-06-15
3295;859;language learning;2025-06-01
3296;397;weather app;2025-03-31
3297;145;weather app;2025-03-12
3298;288;language learning;2025-02-01
3299;1487;travel planner;2025-06-22
3300;311;chat app;2025-04-24
3301;292;note taking;2025-03-25
3302;23;learn english;2025-05-14
3303;638;task manager;2025-01-27
3304;1581;puzzle games;2025-05-01
3305;476;meditation app;2025-03-18
3306;1684;learn english;2025-05-19
3307;1522;puzzle games;2025-04-27
3308;315;photo editor;2025-03-29
3309;1793;note taking;2025-01-11
3310;782;note taking;2025-01-29
3311;1284;meditation app;2025-04-20
3312;1199;fitness tracker;2025-06-27
3313;1773;job search;2025-03-16
3314;461;task manager;2025-01-27
3315;182;puzzle games;2025-06-03
3316;1772;vpn;2025-03-03
3317;1781;job search;2025-06-29
3318;1973;video editor;2025-04-18
3319;117;learn english;2025-03-13
3320;1726;note taking;2025-03-06
3321;1312;task manager;2025-03-26
3322;860;note taking;2025-04-02
3323;171;free games;2025-01-26
3324;1461;job search;2025-03-04
3325;1200;job search;2025-02-26
3326;1211;video editor;2025-06-20
3327;545;learn english;2025-05-05
3328;1149;puzzle games;2025-05-25
3329;770;puzzle games;2025-05-13
3330;1783;language learning;2025-01-11
3331;1233;learn english;2025-06-01
3332;1717;learn english;2025-05-28
3333;195;learn english;2025-03-03
3334;739;travel planner;2025-06-22
3335;1453;puzzle games;2025-04-18
3336;1670;language learning;2025-01-11
3337;712;meditation app;2025-04-28
3338;1175;task manager;2025-01-10
3339;1926;language learning;2025-06-10
3340;1525;video editor;2025-06-21
3341;1860;free games;2025-02-25
3342;1162;fitness tracker;2025-01-07
3343;1292;recipe app;2025-01-26
3344;599;video editor;2025-01-08
3345;1494;meditation app;2025-03-06
3346;735;vpn;2025-04-01
3347;1994;weather app;2025-03-12
3348;914;budget app;2025-03-25
3349;939;note taking;2025-02-11
3350;429;grocery list;2025-05-21
3351;1328;recipe app;2025-04-13
3352;1543;vpn;2025-02-14
3353;1730;job search;2025-01-23
3354;684;vpn;2025-06-07
3355;1103;weather app;2025-03-23
3356;1698;crypto tracker;2025-01-26
3357;1873;photo editor;2025-06-13
3358;832;recipe app;2025-06-09
3359;1019;fitness tracker;2025-04-08
3360;415;note taking;2025-05-05
3361;719;recipe app;2025-04-23
3362;1835;vpn;2025-02-10
3363;1965;fitness tracker;2025-03-24
3364;33;learn english;2025-02-18
3365;1192;crypto tracker;2025-05-10
3366;1435;grocery list;2025-03-17
3367;1550;grocery list;2025-05-18
3368;365;language learning;2025-06-08
3369;1425;photo editor;2025-02-20
3370;192;photo editor;2025-06-03
3371;1874;language learning;2025-03-09
3372;299;recipe app;2025-05-17
3373;725;language learning;2025-02-04
3374;1887;language learning;2025-01-27
3375;1731;crypto tracker;2025-06-07
3376;1168;photo editor;2025-03-24
3377;461;meditation app;2025-01-11
3378;504;grocery list;2025-02-09
3379;1368;note taking;2025-01-07
3380;1013;weather app;2025-06-27
3381;449;weather app;2025-02-27
3382;902;chat app;2025-02-07
3383;26;crypto tracker;2025-03-04
3384;1976;free games;2025-06-06
3385;990;meditation app;2025-04-17
3386;1140;grocery list;2025-05-26
3387;394;video editor;2025-02-17
3388;1737;task manager;2025-05-29
3389;819;travel planner;2025-04-10
3390;1530;note taking;2025-06-30
3391;1632;vpn;2025-03-09
3392;884;vpn;2025-04-04
3393;1844;weather app;2025-03-23
3394;1107;vpn;2025-01-20
3395;1963;music player;2025-03-24
3396;1762;weather app;2025-05-18
3397;1186;music player;2025-01-25
3398;1879;task manager;2025-05-02
3399;1097;recipe app;2025-01-27
3400;1654;puzzle games;2025-02-28
3401;1475;vpn;2025-06-29
3402;1321;grocery list;2025-02-27
3403;953;note taking;2025-05-28
3404;1714;budget app;2025-04-28
3405;1268;meditation app;2025-05-08
3406;1211;video editor;2025-01-17
3407;1953;fitness tracker;2025-01-06
3408;1147;meditation app;2025-05-24
3409;1332;budget app;2025-03-30
3410;977;music player;2025-01-17
3411;1397;vpn;2025-01-17
3412;1956;note taking;2025-05-26
3413;517;free games;2025-06-03
3414;1006;video editor;2025-06-30
3415;1566;music player;2025-04-12
3416;441;meditation app;2025-03-21
3417;1103;crypto tracker;2025-03-26
3418;477;travel planner;2025-05-11
3419;1938;video editor;2025-02-06
3420;1570;grocery list;2025-06-24
3421;1202;recipe app;2025-01-02
3422;1989;puzzle games;2025-01-14
3423;1459;vpn;2025-05-31
3424;246;photo editor;2025-06-07
3425;131;task manager;2025-04-16
3426;1496;fitness tracker;2025-02-19
3427;510;puzzle games;2025-02-15
3428;1712;fitness tracker;2025-01-08
3429;1330;job search;2025-01-31
3430;680;photo editor;2025-01-25
3431;1938;language learning;2025-05-27
3432;1436;language learning;2025-04-15
3433;781;job search;2025-02-05
3434;1736;recipe app;2025-02-16
3435;197;crypto tracker;2025-04-01
3436;364;video editor;2025-03-06
3437;1024;photo editor;2025-02-17
3438;534;language learning;2025-02-21
3439;465;vpn;2025-06-15
3440;1297;photo editor;2025-03-28
3441;926;learn english;2025-05-15
3442;528;free games;2025-06-05
3443;125;grocery list;2025-01-16
3444;1399;vpn;2025-01-25
3445;346;free games;2025-05-16
3446;26;free games;2025-03-25
3447;788;crypto tracker;2025-01-08
3448;1639;travel planner;2025-05-25
3449;768;photo editor;2025-02-14
3450;387;puzzle games;2025-05-08
3451;373;grocery list;2025-02-25
3452;1999;vpn;2025-01-25
3453;1787;music player;2025-06-03
3454;767;travel planner;2025-02-15
3455;1826;meditation app;2025-06-30
3456;1733;fitness tracker;2025-05-10
3457;305;meditation app;2025-01-08
3458;1275;budget app;2025-05-18
3459;1820;learn english;2025-03-21
3460;1915;crypto tracker;2025-01-28
3461;715;fitness tracker;2025-06-01
3462;1062;fitness tracker;2025-01-26
3463;1020;chat app;2025-06-04
3464;318;puzzle games;2025-03-28
3465;1921;meditation app;2025-06-18
3466;1123;language learning;2025-04-25
3467;1934;learn english;2025-06-21
3468;1136;photo editor;2025-03-28
3469;505;vpn;2025-02-06
3470;491;job search;2025-02-18
3471;1627;language learning;2025-01-11
3472;734;budget app;2025-05-03
3473;1661;travel planner;2025-01-26
3474;1737;task manager;2025-01-24
3475;1359;recipe app;2025-05-15
3476;1154;travel planner;2025-06-29
3477;1090;task manager;2025-04-11
3478;1551;grocery list;2025-06-14
3479;412;crypto tracker;2025-03-24
3480;278;meditation app;2025-02-20
3481;600;video editor;2025-04-14
3482;892;language learning;2025-01-22
3483;1005;free games;2025-05-06
3484;214;recipe app;2025-05-24
3485;992;puzzle games;2025-04-10
3486;627;job search;2025-03-15
3487;1579;budget app;2025-05-16
3488;1703;budget app;2025-02-18
3489;1940;photo editor;2025-03-20
3490;1828;travel planner;2025-05-27
3491;1112;fitness tracker;2025-06-14
3492;643;budget app;2025-05-17
3493;58;budget app;2025-03-19
3494;789;chat app;2025-04-01
3495;1975;grocery list;2025-01-14
3496;1688;video editor;2025-05-11
3497;1074;fitness tracker;2025-05-11
3498;760;budget app;2025-02-24
3499;203;meditation app;2025-02-17
3500;1828;weather app;2025-03-23
3501;150;chat app;2025-05-07
3502;424;travel planner;2025-06-13
3503;1256;free games;2025-01-12
3504;1889;language learning;2025-02-22
3505;1844;learn english;2025-03-16
3506;10;weather app;2025-06-18
3507;1667;recipe app;2025-02-15
3508;799;weather app;2025-04-06
3509;1880;language learning;2025-01-12
3510;320;music player;2025-06-03
3511;505;puzzle games;2025-06-21
3512;529;video editor;2025-06-24
3513;1169;crypto tracker;2025-02-22
3514;1926;note taking;2025-04-15
3515;1414;free games;2025-04-17
3516;1687;video editor;2025-04-07
3517;570;chat app;2025-05-05
3518;520;puzzle games;2025-01-03
3519;1284;language learning;2025-01-11
3520;1426;meditation app;2025-02-02
3521;1358;weather app;2025-01-19
3522;1306;learn english;2025-01-30
3523;326;job search;2025-01-18
3524;376;grocery list;2025-03-25
3525;343;note taking;2025-06-24
3526;1465;language learning;2025-03-14
3527;1099;crypto tracker;2025-03-14
3528;1753;travel planner;2025-03-08
3529;223;learn english;2025-04-12
3530;1686;chat app;2025-01-23
3531;1137;job search;2025-02-21
3532;261;task manager;2025-01-10
3533;961;job search;2025-01-28
3534;229;weather app;2025-01-10
3535;1707;language learning;2025-02-17
3536;172;photo editor;2025-03-03
3537;893;puzzle games;2025-04-05
3538;898;music player;2025-04-24
3539;1223;budget app;2025-06-19
3540;1913;task manager;2025-02-18
3541;1574;chat app;2025-03-23
3542;90;travel planner;2025-01-04
3543;1943;music player;2025-03-29
3544;1761;note taking;2025-02-14
3545;718;meditation app;2025-02-21
3546;1847;budget app;2025-04-11
3547;779;music player;2025-03-16
3548;1036;photo editor;2025-02-27
3549;377;chat app;2025-03-27
3550;1348;meditation app;2025-01-07
3551;1785;meditation app;2025-01-18
3552;1728;weather app;2025-06-04
3553;1083;crypto tracker;2025-05-23
3554;330;music player;2025-05-21
3555;1975;recipe app;2025-01-15
3556;229;photo editor;2025-04-15
3557;1061;grocery list;2025-01-05
3558;1267;fitness tracker;2025-03-24
3559;759;budget app;2025-02-06
3560;1847;learn english;2025-06-25
3561;479;free games;2025-04-08
3562;8;travel planner;2025-01-15
3563;1667;language learning;2025-05-26
3564;246;weather app;2025-06-10
3565;73;travel planner;2025-05-20
3566;152;free games;2025-06-16
3567;1688;job search;2025-05-27
3568;1321;language learning;2025-03-14
3569;1405;puzzle games;2025-04-10
3570;921;weather app;2025-06-24
3571;1005;puzzle games;2025-03-06
3572;707;meditation app;2025-05-03
3573;1883;music player;2025-04-27
3574;1099;vpn;2025-02-27
3575;296;crypto tracker;2025-06-13
3576;1498;fitness tracker;2025-04-10
3577;527;fitness tracker;2025-04-05
3578;1516;free games;2025-04-21
3579;1650;crypto tracker;2025-02-06
3580;88;meditation app;2025-04-16
3581;1456;grocery list;2025-02-28
3582;824;music player;2025-06-10
3583;723;chat app;2025-04-14
3584;863;video editor;2025-04-28
3585;1503;meditation app;2025-04-24
3586;1951;language learning;2025-04-29
3587;745;recipe app;2025-03-25
3588;1363;language learning;2025-02-04
3589;1482;task manager;2025-02-22
3590;504;chat app;2025-02-18
3591;1165;chat app;2025-06-18
3592;1606;puzzle games;2025-04-04
3593;1844;meditation app;2025-05-21
3594;1767;video editor;2025-04-06
3595;1319;crypto tracker;2025-02-24
3596;805;music player;2025-05-01
3597;223;grocery list;2025-06-16
3598;927;crypto tracker;2025-06-09
3599;845;budget app;2025-02-21
3600;445;recipe app;2025-05-22
3601;1823;fitness tracker;2025-06-18
3602;788;task manager;2025-04-21
3603;370;meditation app;2025-01-07
3604;1422;chat app;2025-04-09
3605;1163;fitness tracker;2025-03-11
3606;1528;travel planner;2025-02-09
3607;1314;language learning;2025-05-28
3608;1602;chat app;2025-02-08
3609;843;recipe app;2025-04-30
3610;504;music player;2025-05-05
3611;648;puzzle games;2025-06-06
3612;1087;budget app;2025-06-23
3613;199;photo editor;2025-01-22
3614;44;free games;2025-01-14
3615;679;photo editor;2025-03-22
3616;1908;vpn;2025-02-21
3617;1523;music player;2025-02-24
3618;630;photo editor;2025-04-03
3619;1277;recipe app;2025-05-30
3620;1853;meditation app;2025-05-02
3621;694;fitness tracker;2025-03-16
3622;622;learn english;2025-05-24
3623;328;music player;2025-02-11
3624;851;learn english;2025-05-17
3625;1865;puzzle games;2025-04-15
3626;325;grocery list;2025-05-22
3627;1288;job search;2025-06-29
3628;576;weather app;2025-01-30
3629;1360;music player;2025-04-24
3630;199;budget app;2025-02-04
3631;1803;language learning;2025-05-02
3632;777;job search;2025-02-13
3633;1572;free games;2025-05-31
3634;1410;vpn;2025-04-23
3635;1198;travel planner;2025-02-16
3636;917;free games;2025-05-06
3637;1939;travel planner;2025-03-30
3638;1814;recipe app;2025-01-22
3639;1816;vpn;2025-01-18
3640;363;music player;2025-06-09
3641;615;language learning;2025-02-08
3642;228;chat app;2025-06-12
3643;657;crypto tracker;2025-01-22
3644;727;puzzle games;2025-05-07
3645;33;puzzle games;2025-06-01
3646;856;fitness tracker;2025-04-04
3647;1744;note taking;2025-02-19
3648;1052;note taking;2025-05-14
3649;1852;free games;2025-05-06
3650;653;fitness tracker;2025-01-14
3651;1330;weather app;2025-06-29
3652;628;note taking;2025-04-25
3653;887;recipe app;2025-01-11
3654;559;meditation app;2025-06-18
3655;165;recipe app;2025-05-22
3656;65;music player;2025-06-09
3657;22;travel planner;2025-01-05
3658;620;language learning;2025-02-21
3659;1853;job search;2025-04-08
3660;796;budget app;2025-06-27
3661;1377;note taking;2025-06-28
3662;769;recipe app;2025-04-04
3663;1645;task manager;2025-04-19
3664;834;recipe app;2025-02-03
3665;1932;vpn;2025-03-08
3666;1132;chat app;2025-05-06
3667;577;note taking;2025-01-22
3668;1871;meditation app;2025-06-21
3669;174;recipe app;2025-05-11
3670;1835;learn english;2025-01-06
3671;1661;music player;2025-01-28
3672;498;photo editor;2025-02-15
3673;765;photo editor;2025-02-09
3674;1172;weather app;2025-01-23
3675;1769;photo editor;2025-01-03
3676;1481;free games;2025-03-29
3677;1783;puzzle games;2025-01-19
3678;320;travel planner;2025-06-10
3679;1978;meditation app;2025-06-11
3680;1789;recipe app;2025-06-20
3681;217;puzzle games;2025-02-01
3682;116;music player;2025-02-21
3683;1881;photo editor;2025-02-17
3684;188;photo editor;2025-01-01
3685;887;weather app;2025-02-23
3686;103;photo editor;2025-04-10
3687;657;task manager;2025-02-19
3688;975;chat app;2025-05-07
3689;1240;fitness tracker;2025-05-01
3690;590;travel planner;2025-01-16
3691;907;fitness tracker;2025-05-10
3692;13;photo editor;2025-02-15
3693;1996;chat app;2025-03-09
3694;295;grocery list;2025-05-28
3695;1993;chat app;2025-06-29
3696;254;photo editor;2025-02-18
3697;384;recipe app;2025-02-28
3698;333;language learning;2025-06-12
3699;1713;travel planner;2025-03-17
3700;1232;video editor;2025-05-10
3701;1312;crypto tracker;2025-02-25
3702;874;note taking;2025-03-30
3703;1507;weather app;2025-05-16
3704;15;note taking;2025-03-14
3705;1545;fitness tracker;2025-01-17
3706;127;photo editor;2025-05-07
3707;705;budget app;2025-06-08
3708;1548;video editor;2025-01-21
3709;1381;meditation app;2025-01-04
3710;1525;photo editor;2025-03-23
3711;1205;vpn;2025-06-28
3712;1395;puzzle games;2025-06-23
3713;1965;photo editor;2025-05-26
3714;538;recipe app;2025-04-26
3715;734;job search;2025-04-05
3716;1024;crypto tracker;2025-05-06
3717;642;grocery list;2025-02-18
3718;468;travel planner;2025-02-13
3719;88;vpn;2025-04-15
3720;953;meditation app;2025-03-25
3721;1892;language learning;2025-04-29
3722;1780;meditation app;2025-04-26
3723;313;music player;2025-04-09
3724;860;free games;2025-02-05
3725;1615;recipe app;2025-04-08
3726;1783;music player;2025-04-13
3727;749;free games;2025-04-22
3728;1621;fitness tracker;2025-02-08
3729;1215;fitness tracker;2025-02-25
3730;195;free games;2025-04-11
3731;968;music player;2025-03-11
3732;691;chat app;2025-01-06
3733;1019;language learning;2025-02-10
3734;622;grocery list;2025-03-13
3735;467;chat app;2025-05-05
3736;1243;job search;2025-04-21
3737;892;fitness tracker;2025-05-05
3738;1985;budget app;2025-04-01
3739;1970;learn english;2025-01-18
3740;1952;recipe app;2025-06-30
3741;977;puzzle games;2025-03-16
3742;290;weather app;2025-05-13
3743;1932;job search;2025-02-25
3744;853;job search;2025-01-04
3745;1960;crypto tracker;2025-06-11
3746;325;recipe app;2025-06-11
3747;637;puzzle games;2025-04-20
3748;1253;learn english;2025-06-03
3749;266;task manager;2025-03-14
3750;699;vpn;2025-06-26
3751;1770;music player;2025-04-05
3752;1158;job search;2025-01-17
3753;37;meditation app;2025-04-05
3754;855;weather app;2025-02-23
3755;1935;recipe app;2025-06-26
3756;479;recipe app;2025-06-12
3757;1876;job search;2025-03-13
3758;1137;recipe app;2025-05-28
3759;1626;recipe app;2025-06-28
3760;399;music player;2025-03-24
3761;1601;travel planner;2025-02-28
3762;1451;travel planner;2025-06-06
3763;486;weather app;2025-05-06
3764;1154;job search;2025-01-05
3765;642;task manager;2025-01-25
3766;787;music player;2025-06-09
3767;659;photo editor;2025-05-16
3768;1006;meditation app;2025-06-04
3769;1845;note taking;2025-01-18
3770;921;language learning;2025-02-19
3771;1621;note taking;2025-02-06
3772;746;budget app;2025-05-02
3773;506;weather app;2025-06-12
3774;7;recipe app;2025-04-02
3775;1690;puzzle games;2025-05-04
3776;1151;music player;2025-03-11
3777;1960;recipe app;2025-05-05
3778;644;puzzle games;2025-05-18
3779;410;chat app;2025-06-02
3780;1240;learn english;2025-03-17
3781;1503;budget app;2025-02-19
3782;1073;task manager;2025-03-14
3783;509;language learning;2025-04-19
3784;1435;free games;2025-03-18
3785;535;chat app;2025-02-06
3786;607;free games;2025-01-08
3787;1335;video editor;2025-01-21
3788;755;meditation app;2025-02-07
3789;915;language learning;2025-05-23
3790;322;puzzle games;2025-04-24
3791;1554;recipe app;2025-01-28
3792;1919;note taking;2025-04-27
3793;566;chat app;2025-06-30
3794;1243;meditation app;2025-03-14
3795;334;travel planner;2025-02-02
3796;662;free games;2025-02-01
3797;108;recipe app;2025-05-22
3798;978;vpn;2025-02-06
3799;646;language learning;2025-05-21
3800;53;video editor;2025-06-15
3801;664;language learning;2025-02-15
3802;669;puzzle games;2025-01-09
3803;1319;crypto tracker;2025-03-24
3804;1159;travel planner;2025-01-11
3805;1809;task manager;2025-01-15
3806;1481;music player;2025-05-08
3807;131;photo editor;2025-02-05
3808;311;learn english;2025-05-14
3809;335;weather app;2025-01-24
3810;1546;vpn;2025-04-02
3811;693;photo editor;2025-04-16
3812;704;photo editor;2025-05-07
3813;821;grocery list;2025-01-16
3814;1075;video editor;2025-06-14
3815;1618;language learning;2025-06-27
3816;318;grocery list;2025-01-23
3817;1668;chat app;2025-04-25
3818;326;learn english;2025-03-08
3819;466;weather app;2025-01-15
3820;1321;grocery list;2025-01-07
3821;108;weather app;2025-05-03
3822;87;budget app;2025-02-26
3823;1554;weather app;2025-02-09
3824;1955;music player;2025-05-09
3825;655;recipe app;2025-04-10
3826;1549;language learning;2025-01-05
3827;1045;crypto tracker;2025-05-07
3828;49;video editor;2025-05-21
3829;140;budget app;2025-02-21
3830;1208;budget app;2025-02-23
3831;471;travel planner;2025-05-06
3832;15;vpn;2025-06-29
3833;166;travel planner;2025-04-05
3834;1043;fitness tracker;2025-04-12
3835;436;music player;2025-05-18
3836;16;puzzle games;2025-03-14
3837;545;grocery list;2025-04-06
3838;1047;language learning;2025-02-10
3839;1710;chat app;2025-06-05
3840;525;recipe app;2025-02-20
3841;670;note taking;2025-04-11
3842;245;crypto tracker;2025-04-26
3843;60;meditation app;2025-06-04
3844;1982;task manager;2025-04-14
3845;420;fitness tracker;2025-01-29
3846;86;language learning;2025-01-28
3847;1522;chat app;2025-02-21
3848;1556;travel planner;2025-03-18
3849;1706;chat app;2025-06-01
3850;1675;crypto tracker;2025-04-03
3851;950;budget app;2025-06-15
3852;1283;weather app;2025-05-26
3853;1824;note taking;2025-02-25
3854;1047;free games;2025-03-21
3855;26;chat app;2025-02-16
3856;1763;recipe app;2025-02-22
3857;1024;language learning;2025-03-25
3858;938;language learning;2025-06-04
3859;1544;fitness tracker;2025-05-06
3860;984;grocery list;2025-06-02
3861;585;weather app;2025-01-20
3862;1263;learn english;2025-01-01
3863;1747;free games;2025-06-08
3864;103;free games;2025-03-12
3865;1905;free games;2025-03-19
3866;912;language learning;2025-05-26
3867;1969;fitness tracker;2025-01-25
3868;110;vpn;2025-02-25
3869;1323;chat app;2025-04-19
3870;1520;vpn;2025-01-20
3871;574;video editor;2025-06-17
3872;46;crypto tracker;2025-01-09
3873;1841;learn english;2025-03-19
3874;291;note taking;2025-04-27
3875;1905;chat app;2025-01-31
3876;1883;free games;2025-05-02
3877;358;free games;2025-01-29
3878;177;weather app;2025-04-27
3879;1782;travel planner;2025-06-27
3880;1142;note taking;2025-03-11
3881;47;travel planner;2025-05-03
3882;130;music player;2025-02-25
3883;134;language learning;2025-06-23
3884;773;free games;2025-01-10
3885;1019;video editor;2025-04-30
3886;845;fitness tracker;2025-01-04
3887;1182;budget app;2025-06-18
3888;130;note taking;2025-03-14
3889;1473;job search;2025-02-21
3890;1643;note taking;2025-01-07
3891;1375;note taking;2025-02-18
3892;481;meditation app;2025-01-01
3893;1332;budget app;2025-05-25
3894;1711;video editor;2025-05-24
3895;1950;job search;2025-03-01
3896;1466;budget app;2025-03-15
3897;746;photo editor;2025-06-03
3898;753;meditation app;2025-05-01
3899;1116;fitness tracker;2025-04-06
3900;1349;vpn;2025-05-22
3901;1108;music player;2025-03-24
3902;1506;vpn;2025-04-15
3903;357;travel planner;2025-04-13
3904;763;meditation app;2025-03-30
3905;1572;crypto tracker;2025-02-07
3906;1668;job search;2025-06-22
3907;1111;video editor;2025-04-03
3908;1969;video editor;2025-01-23
3909;1234;note taking;2025-02-05
3910;682;vpn;2025-06-15
3911;956;meditation app;2025-05-19
3912;1765;fitness tracker;2025-01-11
3913;704;task manager;2025-06-10
3914;298;puzzle games;2025-03-29
3915;1107;fitness tracker;2025-05-27
3916;286;chat app;2025-06-27
3917;812;photo editor;2025-04-18
3918;1804;learn english;2025-05-09
3919;1115;budget app;2025-05-14
3920;213;travel planner;2025-01-02
3921;522;grocery list;2025-06-20
3922;1930;fitness tracker;2025-02-28
3923;1401;recipe app;2025-05-06
3924;240;recipe app;2025-04-06
3925;1124;language learning;2025-05-14
3926;1346;language learning;2025-02-26
3927;1182;vpn;2025-04-15
3928;1409;learn english;2025-02-27
3929;1312;meditation app;2025-02-09
3930;1709;chat app;2025-01-01
3931;1830;task manager;2025-01-28
3932;1015;music player;2025-01-19
3933;1424;crypto tracker;2025-03-03
3934;1548;language learning;2025-03-19
3935;1691;chat app;2025-05-19
3936;1308;learn english;2025-02-18
3937;49;free games;2025-01-08
3938;606;learn english;2025-02-23
3939;381;photo editor;2025-01-18
3940;520;meditation app;2025-01-31
3941;865;vpn;2025-06-19
3942;826;free games;2025-06-28
3943;1224;crypto tracker;2025-03-29
3944;795;vpn;2025-02-23
3945;623;video editor;2025-06-08
3946;1208;job search;2025-06-12
3947;1260;travel planner;2025-01-11
3948;1391;job search;2025-01-09
3949;1024;recipe app;2025-03-31
3950;64;note taking;2025-06-29
3951;970;language learning;2025-05-18
3952;1577;learn english;2025-04-19
3953;1411;travel planner;2025-06-08
3954;1804;vpn;2025-06-25
3955;1005;free games;2025-04-08
3956;80;job search;2025-01-23
3957;973;note taking;2025-05-20
3958;189;photo editor;2025-03-04
3959;1484;learn english;2025-04-27
3960;778;recipe app;2025-03-03
3961;1237;job search;2025-01-09
3962;662;crypto tracker;2025-05-22
3963;1592;meditation app;2025-02-25
3964;1257;video editor;2025-01-25
3965;22;music player;2025-06-01
3966;1767;free games;2025-05-10
3967;911;photo editor;2025-05-09
3968;372;meditation app;2025-03-12
3969;1428;travel planner;2025-04-10
3970;1642;grocery list;2025-06-17
3971;1484;budget app;2025-03-06
3972;1200;learn english;2025-06-28
3973;1059;job search;2025-02-14
3974;1848;meditation app;2025-03-17
3975;1749;fitness tracker;2025-01-11
3976;595;puzzle games;2025-03-26
3977;874;learn english;2025-06-25
3978;318;photo editor;2025-02-20
3979;988;job search;2025-03-05
3980;12;language learning;2025-06-17
3981;1855;fitness tracker;2025-04-07
3982;90;crypto tracker;2025-02-16
3983;458;recipe app;2025-06-24
3984;1196;job search;2025-02-28
3985;1462;meditation app;2025-06-29
3986;1942;learn english;2025-01-26
3987;337;music player;2025-02-03
3988;1517;puzzle games;2025-05-25
3989;49;meditation app;2025-05-08
3990;751;video editor;2025-01-06
3991;1451;task manager;2025-06-27
3992;755;grocery list;2025-01-28
3993;858;job search;2025-01-09
3994;572;video editor;2025-05-23
3995;1438;video editor;2025-01-18
3996;134;photo editor;2025-03-09
3997;1798;vpn;2025-05-02
3998;822;task manager;2025-03-04
3999;1857;music player;2025-01-31
4000;50;fitness tracker;2025-01-23
4001;1169;fitness tracker;2025-06-20
4002;403;meditation app;2025-06-18
4003;1119;vpn;2025-05-23
4004;539;job search;2025-01-18
4005;1989;fitness tracker;2025-05-30
4006;847;learn english;2025-05-24
4007;82;weather app;2025-02-21
4008;302;crypto tracker;2025-02-04
4009;1530;language learning;2025-01-03
4010;762;budget app;2025-05-11
4011;1615;free games;2025-01-29
4012;1075;note taking;2025-05-30
4013;1087;free games;2025-03-19
4014;1804;music player;2025-03-23
4015;1886;weather app;2025-05-03
4016;1641;chat app;2025-02-18
4017;1360;job search;2025-05-03
4018;981;chat app;2025-01-26
4019;354;language learning;2025-05-22
4020;1298;grocery list;2025-01-19
4021;300;music player;2025-05-11
4022;298;photo editor;2025-05-03
4023;1052;photo editor;2025-05-25
4024;338;weather app;2025-06-10
4025;1543;video editor;2025-06-10
4026;741;weather app;2025-03-09
4027;833;budget app;2025-04-21
4028;88;recipe app;2025-04-12
4029;57;chat app;2025-06-21
4030;1488;vpn;2025-04-11
4031;922;puzzle games;2025-02-27
4032;1534;music player;2025-05-03
4033;1260;task manager;2025-04-15
4034;1324;fitness tracker;2025-03-03
4035;1227;task manager;2025-03-15
4036;1019;photo editor;2025-04-21
4037;1229;free games;2025-04-17
4038;136;grocery list;2025-01-22
4039;1443;music player;2025-06-14
4040;82;vpn;2025-03-13
4041;806;note taking;2025-04-29
4042;1332;recipe app;2025-03-19
4043;1713;grocery list;2025-06-04
4044;670;crypto tracker;2025-05-01
4045;1048;job search;2025-04-09
4046;1552;travel planner;2025-06-27
4047;1148;puzzle games;2025-06-03
4048;1354;travel planner;2025-02-05
4049;962;recipe app;2025-01-24
4050;1417;job search;2025-03-29
4051;1092;task manager;2025-06-07
4052;1294;photo editor;2025-03-06
4053;1289;note taking;2025-03-11
4054;1792;crypto tracker;2025-06-02
4055;1052;weather app;2025-03-22
4056;1899;recipe app;2025-03-03
4057;1160;chat app;2025-03-31
4058;1992;crypto tracker;2025-02-19
4059;1692;recipe app;2025-05-13
4060;1385;video editor;2025-03-13
4061;541;puzzle games;2025-04-19
4062;1372;chat app;2025-06-06
4063;1824;music player;2025-06-26
4064;605;chat app;2025-06-25
4065;1405;vpn;2025-05-19
4066;1133;recipe app;2025-02-22
4067;1635;meditation app;2025-05-29
4068;1066;fitness tracker;2025-01-31
4069;1484;crypto tracker;2025-06-13
4070;506;chat app;2025-06-03
4071;1618;recipe app;2025-02-16
4072;1818;job search;2025-04-06
4073;504;language learning;2025-05-04
4074;1469;note taking;2025-05-26
4075;941;grocery list;2025-03-29
4076;300;note taking;2025-06-05
4077;148;note taking;2025-02-01
4078;1980;language learning;2025-05-21
4079;806;free games;2025-01-18
4080;387;note taking;2025-05-07
4081;932;grocery list;2025-05-30
4082;1682;note taking;2025-05-11
4083;1163;video editor;2025-02-20
4084;545;budget app;2025-04-20
4085;1287;job search;2025-06-02
4086;222;job search;2025-04-22
4087;793;recipe app;2025-01-31
4088;287;fitness tracker;2025-02-01
4089;741;budget app;2025-01-11
4090;1736;photo editor;2025-03-13
4091;221;grocery list;2025-05-18
4092;550;music player;2025-01-25
4093;1896;video editor;2025-02-22
4094;82;travel planner;2025-01-16
4095;21;learn english;2025-03-28
4096;1279;note taking;2025-03-14
4097;881;weather app;2025-03-01
4098;452;puzzle games;2025-06-04
4099;1169;note taking;2025-05-22
4100;725;weather app;2025-02-08
4101;48;grocery list;2025-05-30
4102;649;weather app;2025-02-13
4103;1651;language learning;2025-02-22
4104;1110;puzzle games;2025-01-05
4105;1955;fitness tracker;2025-01-24
4106;1170;puzzle games;2025-03-11
4107;1658;job search;2025-02-01
4108;196;weather app;2025-04-15
4109;453;weather app;2025-04-28
4110;1249;fitness tracker;2025-02-14
4111;1880;weather app;2025-03-13
4112;220;free games;2025-03-03
4113;1375;crypto tracker;2025-04-22
4114;1188;puzzle games;2025-04-09
4115;914;chat app;2025-03-01
4116;206;photo editor;2025-04-15
4117;1460;meditation app;2025-04-24
4118;308;language learning;2025-06-07
4119;1538;language learning;2025-01-06
4120;1109;note taking;2025-02-22
4121;1806;job search;2025-04-22
4122;1618;task manager;2025-03-29
4123;660;free games;2025-05-08
4124;1040;puzzle games;2025-04-10
4125;1717;meditation app;2025-06-05
4126;421;vpn;2025-02-06
4127;1441;photo editor;2025-06-03
4128;1715;language learning;2025-02-13
4129;1614;language learning;2025-02-23
4130;447;recipe app;2025-04-01
4131;830;note taking;2025-03-05
4132;1465;crypto tracker;2025-03-01
4133;778;puzzle games;2025-05-01
4134;1968;free games;2025-06-25
4135;1916;travel planner;2025-03-04
4136;1322;photo editor;2025-04-26
4137;1461;free games;2025-04-10
4138;1171;vpn;2025-04-03
4139;781;free games;2025-05-06
4140;894;meditation app;2025-04-19
4141;184;video editor;2025-03-07
4142;714;weather app;2025-03-10
4143;751;note taking;2025-05-03
4144;324;fitness tracker;2025-02-26
4145;1749;travel planner;2025-06-15
4146;1060;puzzle games;2025-05-16
4147;1660;chat app;2025-01-10
4148;782;vpn;2025-01-13
4149;1558;weather app;2025-01-24
4150;1449;fitness tracker;2025-01-24
4151;1261;grocery list;2025-01-13
4152;513;photo editor;2025-05-15
4153;1909;note taking;2025-04-26
4154;306;crypto tracker;2025-02-06
4155;1759;video editor;2025-03-13
4156;1784;fitness tracker;2025-02-28
4157;839;crypto tracker;2025-02-12
4158;1067;photo editor;2025-03-01
4159;1786;photo editor;2025-06-08
4160;107;travel planner;2025-06-17
4161;1604;fitness tracker;2025-03-15
4162;1123;job search;2025-04-19
4163;1833;fitness tracker;2025-03-02
4164;36;chat app;2025-06-04
4165;1460;photo editor;2025-01-18
4166;1583;learn english;2025-03-10
4167;1674;fitness tracker;2025-05-17
4168;255;meditation app;2025-05-22
4169;1559;vpn;2025-02-15
4170;313;grocery list;2025-02-17
4171;504;free games;2025-03-25
4172;1752;fitness tracker;2025-03-11
4173;1052;free games;2025-05-09
4174;1034;budget app;2025-04-11
4175;277;fitness tracker;2025-01-13
4176;961;music player;2025-02-03
4177;496;puzzle games;2025-04-05
4178;1176;note taking;2025-04-29
4179;504;meditation app;2025-02-14
4180;1455;learn english;2025-03-05
4181;332;puzzle games;2025-01-11
4182;138;language learning;2025-02-04
4183;2;crypto tracker;2025-04-28
4184;1084;job search;2025-06-23
4185;1545;language learning;2025-05-21
4186;1109;language learning;2025-05-15
4187;956;task manager;2025-04-01
4188;1611;puzzle games;2025-05-28
4189;1472;language learning;2025-03-06
4190;1073;video editor;2025-02-12
4191;1031;job search;2025-02-02
4192;1649;budget app;2025-02-22
4193;151;puzzle games;2025-04-05
4194;1725;crypto tracker;2025-01-30
4195;1238;video editor;2025-04-08
4196;770;crypto tracker;2025-04-06
4197;49;recipe app;2025-05-05
4198;407;free games;2025-02-25
4199;892;music player;2025-04-26
4200;1772;travel planner;2025-02-05
4201;1330;crypto tracker;2025-04-12
4202;501;music player;2025-01-05
4203;1845;weather app;2025-04-23
4204;518;job search;2025-04-13
4205;956;meditation app;2025-04-06
4206;1808;chat app;2025-04-29
4207;268;video editor;2025-01-14
4208;503;music player;2025-06-13
4209;1890;learn english;2025-03-17
4210;767;budget app;2025-03-31
4211;953;language learning;2025-06-17
4212;1787;video editor;2025-01-20
4213;1226;crypto tracker;2025-04-01
4214;1682;task manager;2025-05-22
4215;978;budget app;2025-05-03
4216;139;vpn;2025-03-26
4217;397;crypto tracker;2025-05-10
4218;340;free games;2025-01-26
4219;299;grocery list;2025-03-11
4220;123;free games;2025-05-11
4221;448;task manager;2025-04-06
4222;50;meditation app;2025-04-14
4223;685;puzzle games;2025-04-28
4224;711;puzzle games;2025-03-25
4225;584;vpn;2025-01-14
4226;1641;task manager;2025-05-30
4227;253;meditation app;2025-05-05
4228;888;task manager;2025-01-10
4229;1365;grocery list;2025-05-25
4230;1037;photo editor;2025-02-09
4231;1911;language learning;2025-03-26
4232;1353;meditation app;2025-06-12
4233;548;music player;2025-02-06
4234;1561;chat app;2025-01-24
4235;1264;language learning;2025-03-12
4236;808;weather app;2025-01-11
4237;91;crypto tracker;2025-01-04
4238;1953;music player;2025-02-19
4239;857;travel planner;2025-02-19
4240;856;music player;2025-04-20
4241;1121;travel planner;2025-03-07
4242;1877;chat app;2025-01-01
4243;136;fitness tracker;2025-01-10
4244;544;job search;2025-01-17
4245;449;meditation app;2025-02-12
4246;1895;job search;2025-01-30
4247;164;meditation app;2025-03-29
4248;1264;vpn;2025-05-01
4249;1958;note taking;2025-05-28
4250;1144;grocery list;2025-03-26
4251;1294;recipe app;2025-05-15
4252;319;travel planner;2025-05-14
4253;1398;note taking;2025-06-02
4254;1594;weather app;2025-02-27
4255;1669;free games;2025-04-22
4256;990;note taking;2025-03-26
4257;1925;task manager;2025-03-18
4258;1022;language learning;2025-01-14
4259;1950;travel planner;2025-03-18
4260;1642;note taking;2025-01-28
4261;1688;music player;2025-05-23
4262;458;weather app;2025-03-05
4263;951;music player;2025-01-26
4264;1429;grocery list;2025-05-10
4265;744;video editor;2025-04-13
4266;859;travel planner;2025-03-26
4267;613;photo editor;2025-03-04
4268;333;puzzle games;2025-05-04
4269;1943;photo editor;2025-03-22
4270;1897;budget app;2025-04-22
4271;832;video editor;2025-02-09
4272;849;job search;2025-01-08
4273;684;vpn;2025-01-31
4274;631;weather app;2025-05-05
4275;1801;job search;2025-04-12
4276;1206;chat app;2025-04-14
4277;881;weather app;2025-03-15
4278;499;puzzle games;2025-02-12
4279;689;fitness tracker;2025-06-03
4280;670;travel planner;2025-04-07
4281;1748;photo editor;2025-01-26
4282;169;photo editor;2025-01-03
4283;308;grocery list;2025-04-20
4284;1009;photo editor;2025-06-28
4285;1328;music player;2025-01-14
4286;5;job search;2025-02-15
4287;67;music player;2025-03-16
4288;1728;vpn;2025-06-23
4289;1405;vpn;2025-06-20
4290;1172;photo editor;2025-01-11
4291;339;crypto tracker;2025-03-26
4292;205;budget app;2025-05-30
4293;169;budget app;2025-06-07
4294;1;chat app;2025-02-13
4295;1838;language learning;2025-05-06
4296;221;note taking;2025-06-01
4297;597;puzzle games;2025-05-15
4298;147;puzzle games;2025-03-14
4299;284;photo editor;2025-04-29
4300;1242;note taking;2025-02-10
4301;1318;task manager;2025-01-25
4302;1017;puzzle games;2025-02-27
4303;1412;crypto tracker;2025-01-09
4304;806;recipe app;2025-06-20
4305;334;job search;2025-04-26
4306;735;task manager;2025-03-20
4307;602;language learning;2025-04-18
4308;1653;weather app;2025-03-21
4309;1365;recipe app;2025-02-23
4310;493;meditation app;2025-02-08
4311;1441;music player;2025-01-10
4312;163;budget app;2025-05-31
4313;1793;learn english;2025-02-07
4314;221;meditation app;2025-02-02
4315;306;photo editor;2025-03-14
4316;1578;recipe app;2025-06-26
4317;656;travel planner;2025-03-03
4318;1472;job search;2025-04-22
4319;840;learn english;2025-06-14
4320;1369;grocery list;2025-05-31
4321;620;chat app;2025-05-02
4322;1344;budget app;2025-04-04
4323;321;language learning;2025-02-19
4324;707;photo editor;2025-01-13
4325;65;note taking;2025-04-10
4326;383;job search;2025-04-29
4327;1349;language learning;2025-03-24
4328;921;music player;2025-03-25
4329;1527;video editor;2025-06-18
4330;645;travel planner;2025-06-29
4331;377;free games;2025-02-12
4332;1955;note taking;2025-04-17
4333;191;job search;2025-03-27
4334;304;budget app;2025-02-05
4335;492;task manager;2025-06-04
4336;1015;note taking;2025-02-21
4337;1477;fitness tracker;2025-04-17
4338;79;free games;2025-06-11
4339;739;recipe app;2025-06-07
4340;764;recipe app;2025-01-01
4341;215;job search;2025-05-09
4342;414;chat app;2025-02-07
4343;681;task manager;2025-03-12
4344;1088;language learning;2025-05-16
4345;1210;puzzle games;2025-06-06
4346;403;video editor;2025-01-11
4347;932;travel planner;2025-05-21
4348;595;grocery list;2025-04-27
4349;92;crypto tracker;2025-03-27
4350;37;video editor;2025-05-31
4351;1285;photo editor;2025-05-02
4352;1699;video editor;2025-04-29
4353;1873;puzzle games;2025-05-27
4354;473;recipe app;2025-06-01
4355;457;meditation app;2025-03-09
4356;615;budget app;2025-02-28
4357;1369;travel planner;2025-03-07
4358;809;note taking;2025-01-02
4359;1087;weather app;2025-01-11
4360;455;meditation app;2025-03-03
4361;814;free games;2025-04-21
4362;98;photo editor;2025-03-12
4363;1097;grocery list;2025-04-17
4364;34;task manager;2025-06-13
4365;1614;crypto tracker;2025-06-03
4366;1359;budget app;2025-05-08
4367;1189;chat app;2025-05-17
4368;1355;grocery list;2025-03-15
4369;1597;learn english;2025-03-02
4370;1896;language learning;2025-05-24
4371;1487;recipe app;2025-02-15
4372;1117;chat app;2025-01-04
4373;1404;video editor;2025-01-21
4374;674;weather app;2025-05-03
4375;43;learn english;2025-02-03
4376;1907;note taking;2025-02-13
4377;1347;crypto tracker;2025-06-21
4378;527;video editor;2025-02-11
4379;1856;video editor;2025-02-22
4380;1494;fitness tracker;2025-04-03
4381;200;crypto tracker;2025-03-21
4382;1111;grocery list;2025-06-13
4383;141;photo editor;2025-02-09
4384;1789;learn english;2025-01-01
4385;1953;weather app;2025-01-17
4386;1595;note taking;2025-02-15
4387;233;meditation app;2025-03-28
4388;249;task manager;2025-05-17
4389;953;task manager;2025-02-01
4390;986;puzzle games;2025-03-13
4391;1609;photo editor;2025-04-02
4392;1616;photo editor;2025-04-01
4393;362;language learning;2025-02-18
4394;1117;note taking;2025-01-05
4395;1866;puzzle games;2025-01-23
4396;130;fitness tracker;2025-02-07
4397;701;fitness tracker;2025-05-14
4398;1670;grocery list;2025-02-19
4399;981;vpn;2025-01-08
4400;697;language learning;2025-04-21
4401;213;task manager;2025-04-14
4402;435;fitness tracker;2025-02-18
4403;1272;job search;2025-05-31
4404;1532;photo editor;2025-02-28
4405;1710;job search;2025-05-23
4406;1579;meditation app;2025-04-10
4407;660;vpn;2025-02-20
4408;1844;budget app;2025-01-10
4409;928;chat app;2025-01-01
4410;1170;vpn;2025-01-05
4411;1362;vpn;2025-06-16
4412;694;video editor;2025-01-02
4413;1986;recipe app;2025-04-29
4414;175;music player;2025-01-25
4415;1218;task manager;2025-05-24
4416;1570;learn english;2025-06-01
4417;279;job search;2025-05-07
4418;1134;grocery list;2025-03-29
4419;246;puzzle games;2025-01-09
4420;1611;recipe app;2025-03-04
4421;640;grocery list;2025-04-19
4422;601;budget app;2025-01-28
4423;113;crypto tracker;2025-06-20
4424;1975;music player;2025-06-28
4425;529;language learning;2025-02-09
4426;575;recipe app;2025-04-16
4427;153;task manager;2025-04-04
4428;154;job search;2025-03-20
4429;1513;crypto tracker;2025-04-15
4430;47;free games;2025-03-14
4431;672;fitness tracker;2025-01-24
4432;1781;music player;2025-05-15
4433;1235;puzzle games;2025-01-26
4434;743;learn english;2025-01-25
4435;1997;note taking;2025-03-27
4436;652;learn english;2025-02-16
4437;1181;chat app;2025-05-30
4438;1640;photo editor;2025-03-01
4439;101;note taking;2025-03-21
4440;1724;grocery list;2025-05-19
4441;1870;photo editor;2025-05-21
4442;1916;travel planner;2025-06-26
4443;1119;crypto tracker;2025-05-22
4444;1348;crypto tracker;2025-01-26
4445;1834;language learning;2025-01-11
4446;639;video editor;2025-01-24
4447;1348;recipe app;2025-03-10
4448;1518;budget app;2025-02-05
4449;141;learn english;2025-05-31
4450;9;learn english;2025-05-03
4451;88;job search;2025-04-03
4452;832;grocery list;2025-01-28
4453;542;fitness tracker;2025-06-01
4454;1925;grocery list;2025-03-05
4455;168;recipe app;2025-02-13
4456;380;travel planner;2025-06-29
4457;1775;learn english;2025-06-11
4458;1664;free games;2025-05-01
4459;448;music player;2025-02-13
4460;1512;task manager;2025-03-03
4461;836;free games;2025-06-24
4462;1072;note taking;2025-05-28
4463;1628;chat app;2025-05-07
4464;1122;weather app;2025-01-16
4465;881;chat app;2025-06-06
4466;1366;language learning;2025-02-19
4467;1690;task manager;2025-03-16
4468;706;music player;2025-04-14
4469;1995;travel planner;2025-04-16
4470;1866;travel planner;2025-03-15
4471;552;weather app;2025-06-07
4472;1754;learn english;2025-06-30
4473;861;note taking;2025-06-15
4474;1240;job search;2025-01-01
4475;235;language learning;2025-06-01
4476;392;note taking;2025-06-26
4477;263;travel planner;2025-02-17
4478;1668;travel planner;2025-01-31
4479;1981;weather app;2025-02-03
4480;1457;budget app;2025-03-01
4481;512;budget app;2025-01-19
4482;1401;language learning;2025-02-04
4483;1977;chat app;2025-03-12
4484;1965;learn english;2025-05-28
4485;6;chat app;2025-01-29
4486;1700;free games;2025-04-16
4487;220;recipe app;2025-02-22
4488;916;music player;2025-02-07
4489;1484;learn english;2025-04-05
4490;666;video editor;2025-04-07
4491;1351;task manager;2025-06-24
4492;564;meditation app;2025-06-19
4493;413;music player;2025-02-22
4494;798;vpn;2025-02-18
4495;1782;weather app;2025-05-06
4496;1002;note taking;2025-04-22
4497;101;note taking;2025-01-01
4498;888;meditation app;2025-02-10
4499;126;budget app;2025-04-28
4500;1074;crypto tracker;2025-02-22
4501;847;learn english;2025-03-15
4502;289;crypto tracker;2025-03-13
4503;363;video editor;2025-01-04
4504;970;task manager;2025-01-17
4505;1202;meditation app;2025-03-31
4506;621;weather app;2025-04-26
4507;412;note taking;2025-05-03
4508;1974;language learning;2025-03-11
4509;329;job search;2025-02-26
4510;898;music player;2025-01-05
4511;1600;weather app;2025-06-15
4512;996;language learning;2025-02-26
4513;1943;grocery list;2025-05-11
4514;1315;music player;2025-01-29
4515;549;vpn;2025-05-14
4516;522;learn english;2025-03-11
4517;1766;task manager;2025-03-21
4518;1529;language learning;2025-01-06
4519;129;travel planner;2025-01-28
4520;495;crypto tracker;2025-03-06
4521;1659;weather app;2025-06-21
4522;1908;grocery list;2025-06-07
4523;1177;task manager;2025-02-16
4524;1286;job search;2025-05-16
4525;7;music player;2025-01-06
4526;671;grocery list;2025-04-18
4527;1164;recipe app;2025-01-01
4528;986;chat app;2025-02-17
4529;223;crypto tracker;2025-04-19
4530;515;note taking;2025-05-31
4531;409;language learning;2025-06-21
4532;1725;puzzle games;2025-05-25
4533;1156;vpn;2025-01-25
4534;779;job search;2025-06-09
4535;402;weather app;2025-03-25
4536;94;recipe app;2025-04-02
4537;966;weather app;2025-05-17
4538;683;job search;2025-02-28
4539;883;grocery list;2025-01-05
4540;1413;photo editor;2025-01-27
4541;1158;music player;2025-03-01
4542;842;budget app;2025-02-22
4543;957;video editor;2025-05-17
4544;1513;photo editor;2025-01-27
4545;1395;grocery list;2025-04-23
4546;1472;music player;2025-02-26
4547;1512;chat app;2025-02-25
4548;760;learn english;2025-01-10
4549;526;free games;2025-05-31
4550;838;learn english;2025-03-13
4551;1317;travel planner;2025-04-26
4552;1830;chat app;2025-01-24
4553;698;weather app;2025-06-06
4554;244;photo editor;2025-03-06
4555;1621;puzzle games;2025-05-18
4556;1529;weather app;2025-01-12
4557;975;note taking;2025-05-19
4558;343;free games;2025-05-06
4559;1674;chat app;2025-04-16
4560;1818;recipe app;2025-01-26
4561;182;task manager;2025-05-30
4562;470;travel planner;2025-03-13
4563;1;video editor;2025-06-28
4564;715;vpn;2025-04-26
4565;1140;fitness tracker;2025-01-07
4566;1514;learn english;2025-06-10
4567;1171;free games;2025-06-20
4568;564;chat app;2025-02-14
4569;1685;fitness tracker;2025-03-01
4570;1511;budget app;2025-02-15
4571;402;chat app;2025-02-20
4572;272;crypto tracker;2025-04-28
4573;126;meditation app;2025-02-27
4574;1267;music player;2025-01-09
4575;242;chat app;2025-04-04
4576;1285;crypto tracker;2025-06-25
4577;885;music player;2025-06-26
4578;130;fitness tracker;2025-05-02
4579;775;free games;2025-02-13
4580;768;budget app;2025-05-17
4581;359;video editor;2025-01-28
4582;174;fitness tracker;2025-02-24
4583;150;music player;2025-04-17
4584;223;video editor;2025-02-28
4585;1433;fitness tracker;2025-03-10
4586;1462;task manager;2025-05-23
4587;1811;task manager;2025-06-01
4588;1842;travel planner;2025-03-26
4589;1816;meditation app;2025-02-10
4590;1698;puzzle games;2025-05-17
4591;1353;travel planner;2025-02-25
4592;1954;meditation app;2025-04-19
4593;353;puzzle games;2025-04-24
4594;572;recipe app;2025-03-08
4595;1242;chat app;2025-01-06
4596;402;language learning;2025-03-17
4597;770;grocery list;2025-04-30
4598;1900;photo editor;2025-05-29
4599;237;music player;2025-01-14
4600;471;grocery list;2025-01-29
4601;1148;job search;2025-04-12
4602;1863;travel planner;2025-02-04
4603;109;task manager;2025-02-16
4604;1104;weather app;2025-02-02
4605;493;budget app;2025-05-11
4606;1758;puzzle games;2025-05-20
4607;1812;photo editor;2025-03-03
4608;1104;grocery list;2025-01-22
4609;695;task manager;2025-05-18
4610;192;note taking;2025-03-08
4611;681;grocery list;2025-02-04
4612;1696;fitness tracker;2025-01-12
4613;876;job search;2025-02-22
4614;287;weather app;2025-06-28
4615;1304;photo editor;2025-05-13
4616;303;puzzle games;2025-04-24
4617;147;video editor;2025-06-12
4618;1120;photo editor;2025-03-24
4619;944;fitness tracker;2025-06-24
4620;566;recipe app;2025-01-08
4621;68;free games;2025-01-07
4622;1588;free games;2025-01-08
4623;172;recipe app;2025-02-12
4624;1552;travel planner;2025-01-21
4625;170;chat app;2025-05-04
4626;1952;learn english;2025-04-23
4627;1605;grocery list;2025-06-15
4628;761;budget app;2025-06-11
4629;1533;puzzle games;2025-01-07
4630;1473;music player;2025-04-01
4631;641;language learning;2025-06-22
4632;236;task manager;2025-06-15
4633;594;crypto tracker;2025-03-08
4634;327;photo editor;2025-05-20
4635;1665;music player;2025-06-03
4636;1369;travel planner;2025-05-19
4637;977;crypto tracker;2025-05-06
4638;1070;photo editor;2025-02-08
4639;360;crypto tracker;2025-05-09
4640;1274;budget app;2025-03-22
4641;778;job search;2025-01-11
4642;1039;video editor;2025-04-30
4643;54;budget app;2025-06-03
4644;101;free games;2025-06-19
4645;536;weather app;2025-04-07
4646;708;recipe app;2025-01-23
4647;741;task manager;2025-03-12
4648;1086;music player;2025-04-14
4649;774;travel planner;2025-02-01
4650;483;video editor;2025-02-08
4651;1634;note taking;2025-05-11
4652;467;recipe app;2025-04-05
4653;1355;budget app;2025-04-04
4654;636;fitness tracker;2025-05-28
4655;769;budget app;2025-05-22
4656;1463;budget app;2025-06-10
4657;963;budget app;2025-04-15
4658;426;weather app;2025-04-16
4659;1234;puzzle games;2025-05-23
4660;943;puzzle games;2025-04-01
4661;1611;free games;2025-06-09
4662;1595;task manager;2025-02-17
4663;258;photo editor;2025-01-16
4664;549;budget app;2025-02-01
4665;1773;language learning;2025-03-06
4666;1710;task manager;2025-02-01
4667;1824;grocery list;2025-05-16
4668;1513;free games;2025-03-08
4669;1282;note taking;2025-06-14
4670;364;grocery list;2025-05-02
4671;1021;weather app;2025-05-13
4672;398;language learning;2025-02-18
4673;1083;photo editor;2025-04-13
4674;549;weather app;2025-02-09
4675;1379;photo editor;2025-02-06
4676;1427;language learning;2025-06-08
4677;1389;crypto tracker;2025-02-13
4678;1069;travel planner;2025-06-15
4679;1372;crypto tracker;2025-04-15
4680;610;fitness tracker;2025-01-06
4681;498;video editor;2025-02-03
4682;755;task manager;2025-04-21
4683;439;learn english;2025-03-21
4684;1968;note taking;2025-01-22
4685;947;budget app;2025-04-10
4686;598;language learning;2025-02-10
4687;727;vpn;2025-03-16
4688;1775;budget app;2025-02-17
4689;826;weather app;2025-06-22
4690;756;recipe app;2025-05-20
4691;1400;fitness tracker;2025-03-17
4692;393;free games;2025-06-21
4693;174;job search;2025-04-07
4694;631;video editor;2025-03-13
4695;1768;crypto tracker;2025-05-12
4696;1180;task manager;2025-05-10
4697;1877;free games;2025-02-27
4698;1497;learn english;2025-04-05
4699;495;grocery list;2025-06-28
4700;1026;task manager;2025-02-15
4701;1701;note taking;2025-03-26
4702;1486;music player;2025-04-30
4703;1250;budget app;2025-06-22
4704;1410;recipe app;2025-01-10
4705;594;budget app;2025-03-16
4706;490;chat app;2025-02-25
4707;428;vpn;2025-02-19
4708;1697;task manager;2025-03-07
4709;1203;recipe app;2025-02-01
4710;809;weather app;2025-02-06
4711;1651;learn english;2025-01-24
4712;194;puzzle games;2025-04-27
4713;1078;meditation app;2025-02-01
4714;1115;budget app;2025-06-05
4715;1999;chat app;2025-03-03
4716;1216;photo editor;2025-06-11
4717;1391;chat app;2025-05-07
4718;444;music player;2025-04-14
4719;1319;recipe app;2025-02-27
4720;81;video editor;2025-01-09
4721;1482;photo editor;2025-01-22
4722;1881;puzzle games;2025-05-10
4723;1018;recipe app;2025-04-10
4724;196;meditation app;2025-05-09
4725;1758;video editor;2025-05-22
4726;1476;task manager;2025-01-03
4727;22;fitness tracker;2025-02-23
4728;1681;free games;2025-01-08
4729;1201;learn english;2025-03-27
4730;1595;video editor;2025-01-29
4731;1126;music player;2025-06-02
4732;1073;free games;2025-03-04
4733;1410;language learning;2025-03-27
4734;968;job search;2025-03-09
4735;1494;crypto tracker;2025-06-02
4736;246;video editor;2025-01-01
4737;1807;puzzle games;2025-06-24
4738;438;language learning;2025-04-05
4739;1249;vpn;2025-02-04
4740;1815;budget app;2025-01-20
4741;638;puzzle games;2025-01-19
4742;1656;learn english;2025-05-15
4743;1310;travel planner;2025-03-15
4744;223;grocery list;2025-03-16
4745;463;weather app;2025-04-12
4746;1086;job search;2025-03-29
4747;1717;free games;2025-05-31
4748;286;video editor;2025-02-19
4749;350;fitness tracker;2025-02-25
4750;1243;puzzle games;2025-05-10
4751;303;photo editor;2025-03-03
4752;925;note taking;2025-03-27
4753;692;video editor;2025-01-20
4754;189;note taking;2025-01-10
4755;1425;crypto tracker;2025-02-03
4756;1065;grocery list;2025-04-15
4757;1927;budget app;2025-04-04
4758;1292;free games;2025-03-28
4759;487;job search;2025-04-12
4760;878;video editor;2025-01-12
4761;1064;learn english;2025-01-30
4762;1529;music player;2025-04-20
4763;1599;free games;2025-01-11
4764;1934;chat app;2025-01-15
4765;1066;chat app;2025-04-03
4766;800;language learning;2025-06-05
4767;182;free games;2025-04-09
4768;316;meditation app;2025-01-19
4769;657;chat app;2025-01-26
4770;1952;fitness tracker;2025-02-25
4771;521;recipe app;2025-04-02
4772;107;video editor;2025-05-11
4773;1127;fitness tracker;2025-04-22
4774;1172;learn english;2025-05-05
4775;1283;job search;2025-04-19
4776;1563;grocery list;2025-06-14
4777;1849;music player;2025-06-09
4778;432;task manager;2025-03-09
4779;595;budget app;2025-01-30
4780;496;crypto tracker;2025-05-22
4781;11;task manager;2025-04-25
4782;1598;chat app;2025-03-29
4783;612;weather app;2025-05-03
4784;1768;grocery list;2025-05-16
4785;280;video editor;2025-01-12
4786;435;weather app;2025-06-15
4787;767;puzzle games;2025-02-01
4788;110;learn english;2025-06-20
4789;759;meditation app;2025-06-26
4790;1422;free games;2025-06-05
4791;1684;budget app;2025-05-10
4792;755;travel planner;2025-05-29
4793;1450;photo editor;2025-03-16
4794;586;travel planner;2025-02-16
4795;1915;free games;2025-04-26
4796;523;travel planner;2025-02-12
4797;826;puzzle games;2025-06-30
4798;1174;puzzle games;2025-06-10
4799;862;puzzle games;2025-05-27
4800;1655;language learning;2025-06-18
4801;608;grocery list;2025-06-14
4802;1239;puzzle games;2025-06-23
4803;1390;meditation app;2025-01-23
4804;1821;task manager;2025-03-17
4805;298;grocery list;2025-04-04
4806;1187;language learning;2025-06-13
4807;1950;travel planner;2025-03-05
4808;301;recipe app;2025-05-25
4809;211;crypto tracker;2025-01-06
4810;1582;task manager;2025-03-21
4811;1167;puzzle games;2025-02-19
4812;1953;fitness tracker;2025-02-18
4813;222;fitness tracker;2025-02-27
4814;603;music player;2025-04-21
4815;828;travel planner;2025-05-24
4816;1968;budget app;2025-04-15
4817;1275;free games;2025-05-23
4818;969;music player;2025-04-12
4819;1312;learn english;2025-04-28
4820;1565;video editor;2025-01-08
4821;1315;meditation app;2025-02-14
4822;1535;chat app;2025-03-21
4823;1151;weather app;2025-05-14
4824;1243;weather app;2025-03-25
4825;1373;puzzle games;2025-04-03
4826;1332;weather app;2025-05-14
4827;284;grocery list;2025-01-05
4828;1713;crypto tracker;2025-01-01
4829;1838;vpn;2025-04-15
4830;1818;learn english;2025-02-06
4831;1848;travel planner;2025-06-06
4832;890;recipe app;2025-01-08
4833;1125;music player;2025-04-14
4834;1210;vpn;2025-05-20
4835;1386;music player;2025-04-22
4836;1354;note taking;2025-01-24
4837;1605;grocery list;2025-04-08
4838;1174;language learning;2025-03-30
4839;834;photo editor;2025-02-25
4840;31;grocery list;2025-05-04
4841;1657;video editor;2025-01-26
4842;1377;music player;2025-02-18
4843;1654;task manager;2025-03-22
4844;1171;recipe app;2025-01-31
4845;516;chat app;2025-03-10
4846;817;grocery list;2025-02-08
4847;493;travel planner;2025-03-21
4848;1741;task manager;2025-03-11
4849;1283;budget app;2025-01-08
4850;1706;fitness tracker;2025-05-03
4851;1541;weather app;2025-01-01
4852;14;task manager;2025-04-22
4853;1230;language learning;2025-04-10
4854;129;budget app;2025-01-30
4855;1708;language learning;2025-05-09
4856;414;photo editor;2025-01-21
4857;1369;chat app;2025-06-06
4858;686;free games;2025-01-13
4859;1937;photo editor;2025-04-07
4860;1081;budget app;2025-06-06
4861;1328;note taking;2025-01-21
4862;601;puzzle games;2025-01-19
4863;1757;recipe app;2025-01-14
4864;929;video editor;2025-02-15
4865;1768;task manager;2025-02-20
4866;1786;travel planner;2025-04-24
4867;1315;video editor;2025-06-10
4868;295;budget app;2025-04-05
4869;452;note taking;2025-03-11
4870;35;job search;2025-04-23
4871;907;puzzle games;2025-03-14
4872;801;fitness tracker;2025-01-15
4873;1463;meditation app;2025-02-05
4874;1487;language learning;2025-04-16
4875;1376;music player;2025-06-02
4876;281;vpn;2025-01-05
4877;1138;photo editor;2025-05-06
4878;1485;job search;2025-04-09
4879;1891;budget app;2025-02-11
4880;1158;puzzle games;2025-01-18
4881;1576;note taking;2025-01-06
4882;814;task manager;2025-06-22
4883;1093;note taking;2025-01-18
4884;1988;chat app;2025-02-20
4885;416;meditation app;2025-03-01
4886;183;music player;2025-03-22
4887;733;fitness tracker;2025-02-21
4888;707;language learning;2025-01-28
4889;957;grocery list;2025-01-21
4890;951;free games;2025-02-22
4891;1740;fitness tracker;2025-06-23
4892;209;photo editor;2025-06-04
4893;335;free games;2025-04-08
4894;231;weather app;2025-04-19
4895;488;task manager;2025-06-21
4896;651;music player;2025-04-30
4897;1016;grocery list;2025-05-27
4898;2000;vpn;2025-04-07
4899;249;chat app;2025-02-25
4900;917;photo editor;2025-06-20
4901;1117;crypto tracker;2025-03-20
4902;542;travel planner;2025-01-13
4903;1487;fitness tracker;2025-05-29
4904;662;budget app;2025-02-06
4905;1770;language learning;2025-03-17
4906;1046;budget app;2025-01-25
4907;884;note taking;2025-03-14
4908;109;weather app;2025-04-26
4909;420;note taking;2025-01-27
4910;816;job search;2025-05-17
4911;222;music player;2025-04-29
4912;1518;job search;2025-06-20
4913;1052;fitness tracker;2025-02-17
4914;154;free games;2025-02-11
4915;1309;photo editor;2025-05-06
4916;1832;travel planner;2025-05-18
4917;1695;fitness tracker;2025-01-27
4918;1287;chat app;2025-03-08
4919;1064;video editor;2025-02-13
4920;1173;grocery list;2025-03-29
4921;1505;job search;2025-06-25
4922;1243;meditation app;2025-03-01
4923;1553;video editor;2025-03-01
4924;1792;grocery list;2025-03-04
4925;1796;learn english;2025-05-12
4926;363;grocery list;2025-06-24
4927;653;video editor;2025-01-08
4928;694;weather app;2025-05-27
4929;1537;meditation app;2025-01-06
4930;1010;travel planner;2025-05-20
4931;1473;video editor;2025-04-14
4932;1395;learn english;2025-04-27
4933;980;budget app;2025-04-14
4934;1764;job search;2025-03-02
4935;1844;language learning;2025-05-13
4936;1598;music player;2025-01-04
4937;748;free games;2025-04-07
4938;1108;music player;2025-01-22
4939;1350;fitness tracker;2025-02-16
4940;459;vpn;2025-03-25
4941;1381;fitness tracker;2025-01-23
4942;806;vpn;2025-01-04
4943;1592;recipe app;2025-05-19
4944;917;learn english;2025-06-25
4945;543;language learning;2025-05-26
4946;308;photo editor;2025-05-14
4947;1334;fitness tracker;2025-01-19
4948;1169;music player;2025-03-25
4949;1163;language learning;2025-04-27
4950;1547;puzzle games;2025-01-11
4951;1142;travel planner;2025-05-17
4952;1583;note taking;2025-03-02
4953;881;puzzle games;2025-06-05
4954;1110;crypto tracker;2025-05-20
4955;1778;free games;2025-02-10
4956;260;budget app;2025-03-26
4957;1636;budget app;2025-06-04
4958;1417;weather app;2025-06-19
4959;1724;grocery list;2025-04-21
4960;1997;puzzle games;2025-06-27
4961;514;task manager;2025-03-16
4962;1328;music player;2025-03-18
4963;1808;puzzle games;2025-03-28
4964;1733;puzzle games;2025-05-12
4965;1134;photo editor;2025-06-15
4966;173;crypto tracker;2025-03-30
4967;926;grocery list;2025-05-10
4968;938;budget app;2025-06-27
4969;1342;meditation app;2025-01-24
4970;732;fitness tracker;2025-03-02
4971;1834;grocery list;2025-04-13
4972;917;language learning;2025-05-03
4973;402;grocery list;2025-06-18
4974;383;free games;2025-06-07
4975;926;note taking;2025-04-08
4976;1598;photo editor;2025-06-07
4977;131;meditation app;2025-05-07
4978;1251;grocery list;2025-05-07
4979;788;grocery list;2025-02-08
4980;1756;puzzle games;2025-05-28
4981;1875;video editor;2025-05-10
4982;1019;music player;2025-02-03
4983;656;task manager;2025-05-28
4984;402;job search;2025-01-10
4985;1620;grocery list;2025-03-23
4986;1396;task manager;2025-01-01
4987;817;fitness tracker;2025-06-24
4988;1281;weather app;2025-04-05
4989;107;note taking;2025-01-08
4990;1359;vpn;2025-04-10
4991;781;puzzle games;2025-03-26
4992;1405;meditation app;2025-05-26
4993;79;free games;2025-06-22
4994;256;fitness tracker;2025-03-13
4995;1843;grocery list;2025-02-15
4996;1595;recipe app;2025-04-06
4997;550;note taking;2025-02-16
4998;1914;task manager;2025-04-11
4999;944;travel planner;2025-04-11
5000;402;music player;2025-04-01
5001;1693;puzzle games;2025-03-17
5002;381;weather app;2025-06-12
5003;1949;music player;2025-06-24
5004;1091;travel planner;2025-03-10
5005;1617;language learning;2025-02-26
5006;1775;chat app;2025-05-20
5007;1968;travel planner;2025-01-27
5008;697;language learning;2025-02-12
5009;534;photo editor;2025-06-25
5010;1394;recipe app;2025-02-17
5011;1092;recipe app;2025-05-04
5012;365;recipe app;2025-04-10
5013;344;travel planner;2025-02-13
5014;827;travel planner;2025-02-26
5015;1779;weather app;2025-03-29
5016;1085;puzzle games;2025-06-25
5017;758;learn english;2025-02-27
5018;1763;task manager;2025-01-28
5019;1147;language learning;2025-04-05
5020;750;free games;2025-06-15
5021;1003;task manager;2025-03-09
5022;1959;language learning;2025-05-24
5023;665;free games;2025-06-06
5024;657;job search;2025-06-24
5025;589;note taking;2025-02-27
5026;16;chat app;2025-03-20
5027;1287;puzzle games;2025-01-31
5028;1798;task manager;2025-05-28
5029;153;learn english;2025-05-04
5030;1227;job search;2025-02-12
5031;97;chat app;2025-05-14
5032;1707;recipe app;2025-05-29
5033;484;note taking;2025-01-10
5034;177;vpn;2025-02-23
5035;808;crypto tracker;2025-01-23
5036;667;crypto tracker;2025-04-27
5037;221;recipe app;2025-03-25
5038;415;learn english;2025-02-25
5039;1493;fitness tracker;2025-04-04
5040;1269;chat app;2025-04-18
5041;975;task manager;2025-01-25
5042;488;video editor;2025-04-25
5043;1744;recipe app;2025-01-12
5044;33;puzzle games;2025-03-10
5045;1952;music player;2025-06-28
5046;1771;learn english;2025-03-14
5047;1947;photo editor;2025-01-10
5048;1590;vpn;2025-02-15
5049;936;language learning;2025-06-07
5050;1084;learn english;2025-06-28
5051;1212;task manager;2025-05-02
5052;1150;budget app;2025-06-04
5053;1501;music player;2025-05-03
5054;14;note taking;2025-04-03
5055;266;weather app;2025-05-12
5056;1079;grocery list;2025-03-31
5057;824;fitness tracker;2025-02-05
5058;1916;recipe app;2025-05-23
5059;1658;video editor;2025-04-17
5060;120;recipe app;2025-05-30
5061;1038;video editor;2025-04-26
5062;1104;meditation app;2025-03-13
5063;612;fitness tracker;2025-02-05
5064;1010;recipe app;2025-05-11
5065;691;note taking;2025-05-19
5066;1295;recipe app;2025-05-31
5067;865;vpn;2025-03-23
5068;1614;puzzle games;2025-03-15
5069;365;task manager;2025-02-02
5070;624;puzzle games;2025-01-31
5071;1982;photo editor;2025-06-27
5072;877;recipe app;2025-01-07
5073;279;free games;2025-01-11
5074;88;music player;2025-03-20
5075;763;weather app;2025-05-31
5076;1326;weather app;2025-01-19
5077;1963;weather app;2025-02-03
5078;1317;learn english;2025-03-25
5079;1779;recipe app;2025-01-18
5080;427;free games;2025-03-24
5081;697;job search;2025-01-09
5082;1069;chat app;2025-06-12
5083;1297;video editor;2025-05-23
5084;1512;fitness tracker;2025-06-24
5085;206;crypto tracker;2025-03-19
5086;583;task manager;2025-05-15
5087;1264;language learning;2025-04-09
5088;1202;puzzle games;2025-05-06
5089;296;job search;2025-06-26
5090;1919;weather app;2025-04-19
5091;920;meditation app;2025-03-16
5092;1318;video editor;2025-02-08
5093;1530;free games;2025-02-03
5094;751;task manager;2025-06-30
5095;344;vpn;2025-03-15
5096;429;photo editor;2025-05-15
5097;448;fitness tracker;2025-05-20
5098;1655;learn english;2025-02-04
5099;390;photo editor;2025-02-02
5100;410;puzzle games;2025-02-06
5101;1800;free games;2025-06-10
5102;625;puzzle games;2025-01-24
5103;121;language learning;2025-01-03
5104;1814;photo editor;2025-05-14
5105;502;video editor;2025-03-09
5106;1003;fitness tracker;2025-02-22
5107;1470;grocery list;2025-04-29
5108;707;free games;2025-05-17
5109;339;job search;2025-04-14
5110;1063;photo editor;2025-06-20
5111;934;fitness tracker;2025-02-16
5112;1843;vpn;2025-05-03
5113;951;recipe app;2025-03-08
5114;1530;vpn;2025-05-24
5115;1286;note taking;2025-05-04
5116;278;language learning;2025-02-09
5117;1767;travel planner;2025-01-09
5118;667;music player;2025-06-08
5119;185;task manager;2025-06-21
5120;1520;meditation app;2025-04-08
5121;1843;grocery list;2025-03-03
5122;1495;learn english;2025-04-11
5123;109;grocery list;2025-02-16
5124;1472;meditation app;2025-01-31
5125;1322;job search;2025-02-14
5126;130;meditation app;2025-06-25
5127;441;chat app;2025-04-24
5128;1613;chat app;2025-05-25
5129;1343;travel planner;2025-02-17
5130;1960;free games;2025-03-25
5131;373;fitness tracker;2025-02-09
5132;1181;travel planner;2025-06-07
5133;439;video editor;2025-02-13
5134;1957;learn english;2025-04-20
5135;1638;recipe app;2025-06-18
5136;1749;travel planner;2025-01-20
5137;1312;crypto tracker;2025-03-02
5138;1133;grocery list;2025-02-06
5139;485;fitness tracker;2025-03-25
5140;1338;vpn;2025-06-29
5141;1975;weather app;2025-05-28
5142;1753;grocery list;2025-02-22
5143;656;grocery list;2025-03-20
5144;547;video editor;2025-02-01
5145;1002;meditation app;2025-05-07
5146;449;fitness tracker;2025-04-11
5147;594;weather app;2025-01-06
5148;1170;recipe app;2025-03-08
5149;1773;note taking;2025-05-28
5150;1661;job search;2025-06-06
5151;1466;learn english;2025-02-16
5152;1830;meditation app;2025-06-04
5153;1690;travel planner;2025-04-23
5154;6;fitness tracker;2025-05-27
5155;358;meditation app;2025-01-18
5156;332;budget app;2025-03-26
5157;505;puzzle games;2025-04-30
5158;1556;task manager;2025-05-08
5159;1473;learn english;2025-02-24
5160;1005;recipe app;2025-02-05
5161;1187;grocery list;2025-05-13
5162;498;music player;2025-02-08
5163;58;learn english;2025-02-04
5164;1625;vpn;2025-04-12
5165;1494;budget app;2025-05-21
5166;386;fitness tracker;2025-01-10
5167;1810;budget app;2025-03-09
5168;1559;grocery list;2025-05-06
5169;1243;meditation app;2025-05-13
5170;1032;task manager;2025-05-26
5171;898;vpn;2025-06-25
5172;432;vpn;2025-06-20
5173;1054;vpn;2025-02-17
5174;485;grocery list;2025-04-11
5175;1893;budget app;2025-01-11
5176;414;free games;2025-03-13
5177;619;weather app;2025-04-10
5178;1322;photo editor;2025-05-27
5179;1752;travel planner;2025-03-24
5180;225;meditation app;2025-01-18
5181;711;fitness tracker;2025-02-23
5182;1786;travel planner;2025-01-24
5183;47;music player;2025-06-14
5184;1183;fitness tracker;2025-05-31
5185;1535;vpn;2025-06-19
5186;50;photo editor;2025-03-19
5187;408;job search;2025-03-12
5188;1339;task manager;2025-02-19
5189;117;puzzle games;2025-02-20
5190;1868;free games;2025-05-28
5191;852;job search;2025-01-22
5192;431;travel planner;2025-05-08
5193;191;puzzle games;2025-01-30
5194;298;language learning;2025-01-13
5195;1297;music player;2025-02-08
5196;237;chat app;2025-02-10
5197;242;meditation app;2025-04-15
5198;956;music player;2025-01-14
5199;236;puzzle games;2025-06-22
5200;183;learn english;2025-01-29
5201;784;language learning;2025-01-27
5202;266;fitness tracker;2025-01-11
5203;248;puzzle games;2025-01-09
5204;915;music player;2025-03-29
5205;1356;task manager;2025-04-23
5206;1910;weather app;2025-02-20
5207;1896;puzzle games;2025-02-24
5208;76;crypto tracker;2025-05-27
5209;395;video editor;2025-04-08
5210;691;chat app;2025-05-18
5211;28;fitness tracker;2025-04-27
5212;1333;crypto tracker;2025-05-14
5213;213;music player;2025-03-14
5214;361;learn english;2025-01-24
5215;583;free games;2025-05-23
5216;1399;language learning;2025-06-10
5217;1075;music player;2025-03-28
5218;1761;free games;2025-05-28
5219;1362;recipe app;2025-02-04
5220;308;puzzle games;2025-03-15
5221;770;music player;2025-01-05
5222;1721;travel planner;2025-02-19
5223;1435;vpn;2025-03-31
5224;1478;language learning;2025-01-17
5225;1660;free games;2025-02-24
5226;1466;travel planner;2025-06-02
5227;708;music player;2025-06-27
5228;1195;job search;2025-01-05
5229;1590;learn english;2025-02-28
5230;1985;meditation app;2025-01-31
5231;291;note taking;2025-02-18
5232;869;vpn;2025-05-21
5233;669;grocery list;2025-04-04
5234;794;crypto tracker;2025-02-03
5235;435;free games;2025-03-08
5236;1929;photo editor;2025-02-09
5237;53;music player;2025-05-04
5238;1906;budget app;2025-04-19
5239;253;vpn;2025-06-07
5240;332;job search;2025-03-01
5241;1142;job search;2025-03-13
5242;124;fitness tracker;2025-06-03
5243;1269;budget app;2025-04-24
5244;1473;photo editor;2025-04-21
5245;873;travel planner;2025-01-06
5246;845;weather app;2025-02-03
5247;260;crypto tracker;2025-05-16
5248;1332;learn english;2025-03-29
5249;655;note taking;2025-02-10
5250;1696;free games;2025-02-26
5251;1437;crypto tracker;2025-01-09
5252;512;budget app;2025-02-01
5253;35;puzzle games;2025-04-03
5254;1860;language learning;2025-05-08
5255;1156;meditation app;2025-04-05
5256;867;crypto tracker;2025-06-09
5257;133;vpn;2025-04-24
5258;1209;vpn;2025-04-06
5259;584;video editor;2025-02-14
5260;1937;weather app;2025-03-06
5261;983;learn english;2025-02-05
5262;1714;note taking;2025-04-29
5263;890;free games;2025-01-29
5264;91;grocery list;2025-01-16
5265;1576;learn english;2025-05-12
5266;252;budget app;2025-02-23
5267;55;video editor;2025-05-22
5268;471;learn english;2025-04-26
5269;817;note taking;2025-01-24
5270;1002;fitness tracker;2025-04-19
5271;1058;budget app;2025-05-20
5272;27;task manager;2025-01-25
5273;1664;vpn;2025-04-25
5274;220;music player;2025-06-01
5275;63;learn english;2025-03-29
5276;1443;budget app;2025-04-29
5277;173;chat app;2025-05-11
5278;87;video editor;2025-04-26
5279;209;weather app;2025-01-14
5280;947;weather app;2025-03-27
5281;164;budget app;2025-03-15
5282;740;task manager;2025-03-12
5283;1008;crypto tracker;2025-02-21
5284;1641;language learning;2025-02-14
5285;234;chat app;2025-01-07
5286;36;travel planner;2025-04-22
5287;373;vpn;2025-05-17
5288;1761;task manager;2025-06-23
5289;728;meditation app;2025-04-20
5290;1441;video editor;2025-06-02
5291;520;job search;2025-01-08
5292;419;learn english;2025-05-24
5293;12;recipe app;2025-02-20
5294;1375;chat app;2025-06-05
5295;825;fitness tracker;2025-04-23
5296;1889;note taking;2025-04-22
5297;1822;language learning;2025-04-22
5298;1686;music player;2025-01-21
5299;724;travel planner;2025-01-17
5300;1075;weather app;2025-02-05
5301;1433;job search;2025-01-05
5302;66;budget app;2025-03-10
5303;826;video editor;2025-04-19
5304;206;crypto tracker;2025-03-26
5305;1284;travel planner;2025-01-07
5306;1547;photo editor;2025-01-30
5307;104;meditation app;2025-05-31
5308;995;meditation app;2025-02-01
5309;1872;note taking;2025-01-10
5310;41;note taking;2025-05-30
5311;484;grocery list;2025-05-22
5312;140;travel planner;2025-06-29
5313;1758;note taking;2025-05-27
5314;7;recipe app;2025-03-05
5315;1368;photo editor;2025-03-23
5316;1607;fitness tracker;2025-01-11
5317;524;puzzle games;2025-06-05
5318;1028;budget app;2025-05-31
5319;610;puzzle games;2025-05-08
5320;1904;language learning;2025-06-05
5321;1084;job search;2025-06-13
5322;459;photo editor;2025-02-20
5323;949;travel planner;2025-04-23
5324;1404;learn english;2025-04-17
5325;783;puzzle games;2025-05-23
5326;1536;crypto tracker;2025-01-27
5327;842;language learning;2025-01-26
5328;305;chat app;2025-05-05
5329;588;budget app;2025-05-05
5330;983;travel planner;2025-03-10
5331;509;weather app;2025-02-14
5332;1561;recipe app;2025-04-22
5333;375;chat app;2025-06-26
5334;1981;task manager;2025-06-21
5335;1211;puzzle games;2025-03-16
5336;1194;travel planner;2025-01-30
5337;1251;meditation app;2025-01-04
5338;138;note taking;2025-02-12
5339;1810;video editor;2025-06-19
5340;286;free games;2025-02-24
5341;957;budget app;2025-05-12
5342;944;grocery list;2025-02-13
5343;217;photo editor;2025-04-16
5344;113;fitness tracker;2025-06-19
5345;1363;free games;2025-06-11
5346;1646;note taking;2025-01-25
5347;1741;grocery list;2025-01-22
5348;482;vpn;2025-06-25
5349;1438;puzzle games;2025-05-27
5350;1051;puzzle games;2025-05-10
5351;1813;travel planner;2025-04-25
5352;1845;music player;2025-01-29
5353;172;meditation app;2025-01-06
5354;1497;grocery list;2025-05-09
5355;1282;travel planner;2025-03-16
5356;1901;task manager;2025-01-08
5357;1670;photo editor;2025-05-20
5358;1901;language learning;2025-03-08
5359;623;grocery list;2025-02-05
5360;330;learn english;2025-04-26
5361;1940;vpn;2025-05-14
5362;1051;weather app;2025-05-27
5363;902;task manager;2025-04-06
5364;897;free games;2025-05-19
5365;354;budget app;2025-01-07
5366;532;grocery list;2025-01-12
5367;858;job search;2025-03-23
5368;970;photo editor;2025-02-16
5369;1725;chat app;2025-04-08
5370;1154;photo editor;2025-03-18
5371;1220;language learning;2025-01-24
5372;1566;photo editor;2025-02-10
5373;1047;job search;2025-06-22
5374;1674;travel planner;2025-03-11
5375;1621;fitness tracker;2025-06-03
5376;1374;video editor;2025-05-24
5377;1852;task manager;2025-02-08
5378;949;language learning;2025-05-29
5379;1932;job search;2025-06-20
5380;1302;budget app;2025-03-10
5381;89;travel planner;2025-04-01
5382;470;learn english;2025-03-08
5383;1853;photo editor;2025-05-29
5384;868;learn english;2025-04-01
5385;875;budget app;2025-05-07
5386;1843;grocery list;2025-06-14
5387;509;fitness tracker;2025-05-05
5388;582;grocery list;2025-05-23
5389;460;recipe app;2025-04-07
5390;726;learn english;2025-04-28
5391;1190;language learning;2025-02-16
5392;600;budget app;2025-06-04
5393;1897;video editor;2025-06-29
5394;1311;crypto tracker;2025-06-06
5395;771;language learning;2025-05-20
5396;510;note taking;2025-06-06
5397;880;free games;2025-03-10
5398;928;task manager;2025-03-21
5399;311;photo editor;2025-04-24
5400;24;music player;2025-05-24
5401;693;learn english;2025-04-09
5402;292;fitness tracker;2025-04-02
5403;1188;weather app;2025-06-11
5404;833;note taking;2025-05-19
5405;1120;music player;2025-01-01
5406;1030;travel planner;2025-02-26
5407;545;grocery list;2025-04-13
5408;1091;task manager;2025-02-28
5409;1258;budget app;2025-04-22
5410;282;note taking;2025-04-12
5411;983;music player;2025-05-15
5412;912;puzzle games;2025-05-28
5413;140;video editor;2025-01-06
5414;1277;photo editor;2025-01-23
5415;615;photo editor;2025-02-24
5416;1700;learn english;2025-05-31
5417;1836;weather app;2025-04-02
5418;1355;puzzle games;2025-06-13
5419;1669;fitness tracker;2025-02-22
5420;1464;video editor;2025-01-28
5421;477;chat app;2025-05-02
5422;1474;video editor;2025-01-01
5423;700;fitness tracker;2025-03-05
5424;90;note taking;2025-03-24
5425;1140;task manager;2025-01-25
5426;821;recipe app;2025-06-29
5427;45;fitness tracker;2025-04-03
5428;1857;note taking;2025-03-19
5429;1015;music player;2025-03-09
5430;256;puzzle games;2025-01-25
5431;879;recipe app;2025-06-16
5432;65;chat app;2025-06-28
5433;593;note taking;2025-01-08
5434;1614;travel planner;2025-04-17
5435;824;photo editor;2025-05-01
5436;1548;job search;2025-01-17
5437;1582;task manager;2025-02-02
5438;1434;note taking;2025-06-02
5439;1103;travel planner;2025-05-20
5440;1292;budget app;2025-05-20
5441;1109;free games;2025-04-13
5442;946;grocery list;2025-02-07
5443;199;note taking;2025-01-21
5444;907;note taking;2025-04-16
5445;1059;learn english;2025-02-27
5446;1720;recipe app;2025-06-09
5447;379;language learning;2025-06-10
5448;772;note taking;2025-05-20
5449;865;puzzle games;2025-06-19
5450;1103;puzzle games;2025-03-05
5451;1432;travel planner;2025-04-12
5452;1427;puzzle games;2025-05-21
5453;902;crypto tracker;2025-05-10
5454;781;travel planner;2025-03-21
5455;1411;photo editor;2025-03-25
5456;697;travel planner;2025-03-08
5457;643;budget app;2025-01-29
5458;255;puzzle games;2025-02-04
5459;1480;puzzle games;2025-06-23
5460;370;budget app;2025-06-25
5461;1600;job search;2025-04-03
5462;505;language learning;2025-06-27
5463;92;vpn;2025-01-30
5464;145;job search;2025-01-21
5465;866;budget app;2025-02-28
5466;1706;puzzle games;2025-05-18
5467;1542;grocery list;2025-04-12
5468;425;video editor;2025-03-22
5469;510;video editor;2025-06-15
5470;258;learn english;2025-05-12
5471;1187;note taking;2025-03-25
5472;763;puzzle games;2025-01-15
5473;777;job search;2025-01-02
5474;101;free games;2025-06-02
5475;1344;travel planner;2025-03-19
5476;1653;music player;2025-03-18
5477;1087;travel planner;2025-03-06
5478;367;budget app;2025-03-17
5479;1886;language learning;2025-04-07
5480;1398;note taking;2025-05-23
5481;1257;video editor;2025-04-21
5482;1019;video editor;2025-01-13
5483;670;video editor;2025-03-09
5484;332;free games;2025-03-21
5485;645;video editor;2025-04-04
5486;1004;meditation app;2025-03-29
5487;1101;free games;2025-05-27
5488;923;crypto tracker;2025-03-23
5489;1976;weather app;2025-02-19
5490;1601;task manager;2025-06-05
5491;60;video editor;2025-02-03
5492;497;vpn;2025-03-08
5493;1637;language learning;2025-04-08
5494;1605;music player;2025-06-12
5495;378;video editor;2025-03-28
5496;1435;crypto tracker;2025-01-14
5497;223;language learning;2025-06-11
5498;685;puzzle games;2025-06-05
5499;711;weather app;2025-01-14
5500;19;video editor;2025-02-11
5501;1753;fitness tracker;2025-01-31
5502;359;music player;2025-03-17
5503;371;meditation app;2025-04-20
5504;1975;job search;2025-06-27
5505;1345;job search;2025-03-21
5506;822;music player;2025-03-22
5507;1256;photo editor;2025-04-10
5508;57;learn english;2025-01-21
5509;363;note taking;2025-01-26
5510;190;vpn;2025-05-09
5511;1670;note taking;2025-05-17
5512;1633;task manager;2025-06-13
5513;796;budget app;2025-01-02
5514;1558;grocery list;2025-01-04
5515;222;job search;2025-05-31
5516;1058;language learning;2025-05-04
5517;1457;job search;2025-05-24
5518;262;chat app;2025-01-21
5519;355;travel planner;2025-06-02
5520;1808;vpn;2025-04-24
5521;1907;free games;2025-03-11
5522;914;music player;2025-04-15
5523;1624;note taking;2025-02-12
5524;1308;video editor;2025-01-20
5525;302;learn english;2025-02-12
5526;110;chat app;2025-05-16
5527;515;weather app;2025-05-03
5528;701;weather app;2025-04-21
5529;709;travel planner;2025-04-09
5530;1775;grocery list;2025-01-13
5531;945;grocery list;2025-03-31
5532;1995;fitness tracker;2025-04-05
5533;543;task manager;2025-02-14
5534;635;music player;2025-02-01
5535;1376;grocery list;2025-06-27
5536;1539;weather app;2025-05-09
5537;665;note taking;2025-04-03
5538;1633;note taking;2025-01-13
5539;65;video editor;2025-03-07
5540;626;vpn;2025-03-15
5541;1336;meditation app;2025-03-28
5542;1516;music player;2025-02-20
5543;1732;photo editor;2025-01-29
5544;287;chat app;2025-02-09
5545;1915;meditation app;2025-03-15
5546;1577;grocery list;2025-06-07
5547;1568;job search;2025-06-24
5548;1926;puzzle games;2025-01-22
5549;924;meditation app;2025-04-12
5550;1565;chat app;2025-03-04
5551;1361;crypto tracker;2025-06-15
5552;1314;fitness tracker;2025-05-06
5553;348;free games;2025-02-19
5554;1777;grocery list;2025-05-18
5555;778;fitness tracker;2025-01-19
5556;1839;job search;2025-04-01
5557;1463;free games;2025-06-17
5558;1112;budget app;2025-01-18
5559;1243;language learning;2025-03-05
5560;1694;budget app;2025-03-07
5561;674;chat app;2025-01-09
5562;792;puzzle games;2025-02-28
5563;666;grocery list;2025-05-09
5564;1700;music player;2025-03-10
5565;1279;weather app;2025-03-26
5566;1737;weather app;2025-03-20
5567;25;budget app;2025-06-29
5568;1614;learn english;2025-05-12
5569;142;language learning;2025-04-23
5570;972;task manager;2025-03-15
5571;1054;photo editor;2025-04-19
5572;708;fitness tracker;2025-03-13
5573;521;note taking;2025-06-21
5574;1957;vpn;2025-03-08
5575;537;video editor;2025-01-14
5576;1692;grocery list;2025-02-23
5577;1679;grocery list;2025-04-03
5578;1410;photo editor;2025-05-02
5579;1235;puzzle games;2025-02-25
5580;923;grocery list;2025-01-28
5581;32;recipe app;2025-03-03
5582;1319;puzzle games;2025-02-01
5583;302;grocery list;2025-04-27
5584;1967;task manager;2025-05-12
5585;1354;note taking;2025-05-18
5586;1506;language learning;2025-06-09
5587;1164;travel planner;2025-04-19
5588;1201;task manager;2025-05-12
5589;1591;music player;2025-06-26
5590;1227;budget app;2025-03-20
5591;645;job search;2025-05-29
5592;1440;music player;2025-05-03
5593;215;note taking;2025-04-26
5594;1395;music player;2025-03-06
5595;772;weather app;2025-01-10
5596;1660;photo editor;2025-06-03
5597;1107;language learning;2025-03-06
5598;359;note taking;2025-02-03
5599;1853;chat app;2025-05-23
5600;1329;weather app;2025-06-01
5601;921;fitness tracker;2025-05-14
5602;483;weather app;2025-05-26
5603;1623;learn english;2025-02-08
5604;1999;learn english;2025-06-15
5605;1351;grocery list;2025-05-08
5606;62;language learning;2025-02-10
5607;1933;travel planner;2025-02-23
5608;354;task manager;2025-05-12
5609;1893;budget app;2025-05-28
5610;1141;chat app;2025-02-12
5611;299;learn english;2025-01-12
5612;1672;learn english;2025-01-04
5613;380;weather app;2025-02-14
5614;1821;free games;2025-01-05
5615;130;task manager;2025-04-09
5616;945;video editor;2025-04-08
5617;235;budget app;2025-01-08
5618;1041;puzzle games;2025-06-21
5619;1778;grocery list;2025-06-23
5620;985;language learning;2025-02-01
5621;23;grocery list;2025-01-22
5622;1675;crypto tracker;2025-02-18
5623;764;language learning;2025-01-24
5624;592;budget app;2025-03-02
5625;1839;grocery list;2025-03-16
5626;1902;recipe app;2025-06-16
5627;500;photo editor;2025-05-31
5628;1046;budget app;2025-05-04
5629;566;video editor;2025-05-21
5630;1314;music player;2025-02-19
5631;645;crypto tracker;2025-04-15
5632;1775;travel planner;2025-03-22
5633;1705;learn english;2025-01-09
5634;8;chat app;2025-01-05
5635;937;language learning;2025-02-16
5636;8;vpn;2025-03-13
5637;1933;recipe app;2025-05-31
5638;777;meditation app;2025-01-20
5639;679;free games;2025-06-26
5640;95;video editor;2025-04-21
5641;1992;language learning;2025-04-19
5642;551;photo editor;2025-01-19
5643;27;language learning;2025-04-05
5644;613;photo editor;2025-01-24
5645;1442;weather app;2025-03-14
5646;4;meditation app;2025-05-19
5647;664;learn english;2025-04-13
5648;1258;travel planner;2025-03-10
5649;1582;puzzle games;2025-05-01
5650;86;task manager;2025-06-07
5651;31;vpn;2025-05-24
5652;1557;chat app;2025-04-21
5653;860;grocery list;2025-02-21
5654;603;grocery list;2025-02-06
5655;774;grocery list;2025-05-26
5656;1157;puzzle games;2025-04-14
5657;327;language learning;2025-06-05
5658;941;free games;2025-05-16
5659;480;grocery list;2025-04-21
5660;1143;grocery list;2025-05-14
5661;1839;travel planner;2025-01-31
5662;968;task manager;2025-06-24
5663;1353;job search;2025-06-07
5664;149;vpn;2025-01-08
5665;760;travel planner;2025-04-20
5666;370;vpn;2025-04-27
5667;1729;photo editor;2025-05-26
5668;931;language learning;2025-01-06
5669;1420;puzzle games;2025-03-02
5670;260;free games;2025-01-23
5671;272;video editor;2025-06-29
5672;1565;vpn;2025-04-27
5673;1740;task manager;2025-05-28
5674;1145;fitness tracker;2025-04-08
5675;31;crypto tracker;2025-01-21
5676;1134;free games;2025-05-27
5677;755;music player;2025-01-19
5678;1606;meditation app;2025-04-03
5679;688;task manager;2025-03-22
5680;1990;learn english;2025-04-28
5681;997;meditation app;2025-03-16
5682;1447;photo editor;2025-06-21
5683;1532;music player;2025-05-05
5684;608;language learning;2025-06-04
5685;379;photo editor;2025-01-25
5686;1110;grocery list;2025-02-07
5687;575;photo editor;2025-06-05
5688;1460;travel planner;2025-04-14
5689;1926;music player;2025-04-22
5690;546;fitness tracker;2025-02-11
5691;289;puzzle games;2025-05-03
5692;685;task manager;2025-05-31
5693;153;meditation app;2025-01-14
5694;1662;note taking;2025-04-04
5695;546;music player;2025-01-27
5696;1687;grocery list;2025-03-30
5697;1395;crypto tracker;2025-04-06
5698;996;budget app;2025-03-23
5699;892;task manager;2025-02-02
5700;6;travel planner;2025-02-06
5701;259;vpn;2025-05-08
5702;1701;free games;2025-05-28
5703;37;budget app;2025-01-17
5704;1295;language learning;2025-02-26
5705;1896;recipe app;2025-04-15
5706;564;budget app;2025-04-28
5707;352;chat app;2025-02-04
5708;571;job search;2025-02-15
5709;1031;fitness tracker;2025-05-24
5710;1252;recipe app;2025-03-13
5711;11;budget app;2025-01-23
5712;995;task manager;2025-06-16
5713;1937;task manager;2025-02-16
5714;330;note taking;2025-04-26
5715;493;photo editor;2025-02-04
5716;860;photo editor;2025-04-10
5717;1929;grocery list;2025-04-06
5718;13;job search;2025-01-17
5719;121;vpn;2025-05-24
5720;1314;budget app;2025-01-24
5721;238;travel planner;2025-04-06
5722;1997;free games;2025-06-06
5723;365;meditation app;2025-01-28
5724;1672;photo editor;2025-03-22
5725;381;video editor;2025-01-21
5726;1531;budget app;2025-04-03
5727;466;meditation app;2025-01-14
5728;1682;travel planner;2025-02-04
5729;409;budget app;2025-01-09
5730;947;photo editor;2025-04-21
5731;1216;recipe app;2025-06-24
5732;31;free games;2025-05-04
5733;526;photo editor;2025-05-10
5734;1176;crypto tracker;2025-05-24
5735;1457;recipe app;2025-06-28
5736;601;weather app;2025-06-15
5737;289;travel planner;2025-05-14
5738;960;video editor;2025-06-01
5739;1138;travel planner;2025-02-24
5740;1772;video editor;2025-03-30
5741;270;puzzle games;2025-03-07
5742;572;job search;2025-01-30
5743;847;photo editor;2025-06-09
5744;1625;task manager;2025-02-06
5745;972;chat app;2025-03-21
5746;1661;grocery list;2025-01-22
5747;437;photo editor;2025-01-10
5748;529;recipe app;2025-01-12
5749;315;vpn;2025-05-24
5750;1360;puzzle games;2025-04-14
5751;455;fitness tracker;2025-01-18
5752;960;crypto tracker;2025-02-24
5753;1989;vpn;2025-04-23
5754;525;task manager;2025-03-03
5755;691;music player;2025-04-18
5756;1086;budget app;2025-04-14
5757;1766;note taking;2025-05-20
5758;892;budget app;2025-04-20
5759;918;chat app;2025-05-31
5760;1123;weather app;2025-03-06
5761;1825;crypto tracker;2025-05-19
5762;1031;chat app;2025-05-21
5763;622;fitness tracker;2025-03-23
5764;1639;weather app;2025-04-08
5765;1887;crypto tracker;2025-04-14
5766;1874;music player;2025-05-19
5767;98;recipe app;2025-03-27
5768;109;meditation app;2025-04-24
5769;1899;note taking;2025-06-30
5770;103;language learning;2025-04-03
5771;920;puzzle games;2025-03-27
5772;722;photo editor;2025-04-04
5773;1968;language learning;2025-02-10
5774;422;travel planner;2025-02-16
5775;1494;free games;2025-06-02
5776;70;grocery list;2025-03-27
5777;1848;recipe app;2025-01-28
5778;88;job search;2025-06-11
5779;1434;crypto tracker;2025-01-08
5780;1365;puzzle games;2025-01-27
5781;1822;weather app;2025-01-26
5782;1948;photo editor;2025-01-26
5783;948;task manager;2025-04-10
5784;195;puzzle games;2025-06-25
5785;40;music player;2025-03-26
5786;1650;crypto tracker;2025-06-30
5787;1931;meditation app;2025-06-24
5788;797;budget app;2025-06-25
5789;1440;fitness tracker;2025-02-13
5790;1299;free games;2025-04-14
5791;1469;puzzle games;2025-04-05
5792;1883;weather app;2025-03-22
5793;1675;note taking;2025-06-28
5794;1927;photo editor;2025-06-24
5795;363;free games;2025-01-22
5796;1366;music player;2025-02-16
5797;897;recipe app;2025-05-25
5798;732;budget app;2025-01-03
5799;324;video editor;2025-06-29
5800;1883;budget app;2025-01-21
5801;655;learn english;2025-03-28
5802;440;fitness tracker;2025-03-30
5803;1980;travel planner;2025-03-08
5804;902;puzzle games;2025-03-28
5805;66;meditation app;2025-03-14
5806;90;job search;2025-01-26
5807;1567;meditation app;2025-06-30
5808;392;music player;2025-04-29
5809;1219;grocery list;2025-01-13
5810;1907;vpn;2025-06-01
5811;1381;vpn;2025-06-14
5812;58;weather app;2025-06-20
5813;1539;photo editor;2025-01-13
5814;20;language learning;2025-03-15
5815;1961;puzzle games;2025-02-25
5816;1987;crypto tracker;2025-01-04
5817;417;travel planner;2025-01-31
5818;7;note taking;2025-03-31
5819;259;budget app;2025-02-24
5820;878;budget app;2025-05-10
5821;1253;crypto tracker;2025-01-17
5822;148;grocery list;2025-03-18
5823;1284;puzzle games;2025-01-25
5824;1957;weather app;2025-06-17
5825;690;puzzle games;2025-06-07
5826;1827;fitness tracker;2025-05-20
5827;736;vpn;2025-03-04
5828;1863;vpn;2025-06-25
5829;1162;recipe app;2025-02-07
5830;94;vpn;2025-04-10
5831;145;budget app;2025-01-16
5832;835;job search;2025-05-26
5833;1927;travel planner;2025-01-04
5834;1320;free games;2025-04-12
5835;1170;video editor;2025-05-21
5836;121;photo editor;2025-05-20
5837;793;meditation app;2025-05-03
5838;539;budget app;2025-06-28
5839;1834;weather app;2025-05-03
5840;1026;note taking;2025-06-27
5841;1394;music player;2025-02-25
5842;1357;chat app;2025-05-26
5843;1738;crypto tracker;2025-03-20
5844;1190;vpn;2025-02-27
5845;43;free games;2025-04-11
5846;1006;meditation app;2025-04-07
5847;1554;fitness tracker;2025-03-27
5848;672;free games;2025-02-25
5849;330;vpn;2025-01-03
5850;150;job search;2025-02-24
5851;778;recipe app;2025-03-07
5852;267;language learning;2025-02-17
5853;586;learn english;2025-04-28
5854;1101;note taking;2025-02-17
5855;1193;budget app;2025-06-10
5856;383;travel planner;2025-06-29
5857;1596;music player;2025-02-26
5858;1617;weather app;2025-03-20
5859;678;learn english;2025-01-18
5860;32;budget app;2025-05-27
5861;82;video editor;2025-06-23
5862;96;vpn;2025-03-04
5863;12;grocery list;2025-05-23
5864;1871;video editor;2025-05-11
5865;519;weather app;2025-01-04
5866;311;learn english;2025-01-23
5867;787;language learning;2025-04-24
5868;451;music player;2025-06-07
5869;1900;free games;2025-03-14
5870;1836;recipe app;2025-04-27
5871;685;travel planner;2025-05-23
5872;1618;grocery list;2025-04-26
5873;663;travel planner;2025-02-17
5874;180;fitness tracker;2025-06-01
5875;1510;travel planner;2025-04-19
5876;639;fitness tracker;2025-04-12
5877;96;weather app;2025-03-03
5878;859;fitness tracker;2025-01-03
5879;1812;music player;2025-04-28
5880;758;vpn;2025-05-14
5881;383;photo editor;2025-03-07
5882;947;meditation app;2025-01-07
5883;1424;puzzle games;2025-02-02
5884;3;meditation app;2025-01-30
5885;187;vpn;2025-02-11
5886;463;grocery list;2025-01-02
5887;371;chat app;2025-04-21
5888;1435;fitness tracker;2025-01-26
5889;1326;puzzle games;2025-06-19
5890;351;photo editor;2025-04-01
5891;1858;task manager;2025-02-01
5892;1070;travel planner;2025-05-06
5893;1481;free games;2025-06-25
5894;750;travel planner;2025-01-25
5895;889;learn english;2025-01-29
5896;1031;video editor;2025-02-24
5897;1097;vpn;2025-03-27
5898;1127;grocery list;2025-01-21
5899;1496;travel planner;2025-03-22
5900;1166;meditation app;2025-06-26
5901;1993;job search;2025-02-12
5902;1442;learn english;2025-04-08
5903;1139;task manager;2025-01-12
5904;1452;budget app;2025-03-28
5905;1879;weather app;2025-05-03
5906;1096;puzzle games;2025-02-25
5907;138;grocery list;2025-04-07
5908;1247;music player;2025-05-11
5909;1861;travel planner;2025-05-03
5910;1842;fitness tracker;2025-05-11
5911;566;recipe app;2025-03-21
5912;1775;budget app;2025-06-18
5913;197;task manager;2025-02-05
5914;345;job search;2025-02-11
5915;3;budget app;2025-02-15
5916;1129;chat app;2025-06-07
5917;604;grocery list;2025-02-02
5918;1281;weather app;2025-02-04
5919;1357;music player;2025-01-16
5920;517;photo editor;2025-03-13
5921;571;job search;2025-03-13
5922;1342;chat app;2025-02-03
5923;1894;task manager;2025-01-29
5924;136;video editor;2025-04-03
5925;1183;puzzle games;2025-02-20
5926;1436;free games;2025-06-22
5927;260;free games;2025-02-02
5928;74;chat app;2025-01-13
5929;568;music player;2025-02-26
5930;1746;music player;2025-02-03
5931;1469;meditation app;2025-05-08
5932;736;music player;2025-06-28
5933;1794;learn english;2025-03-04
5934;764;chat app;2025-01-11
5935;1841;music player;2025-05-09
5936;192;video editor;2025-03-27
5937;1816;budget app;2025-04-15
5938;520;language learning;2025-02-20
5939;6;budget app;2025-03-30
5940;1465;puzzle games;2025-03-01
5941;1915;meditation app;2025-04-27
5942;942;vpn;2025-04-12
5943;1850;travel planner;2025-01-25
5944;1252;grocery list;2025-02-27
5945;271;photo editor;2025-06-25
5946;47;fitness tracker;2025-06-03
5947;184;video editor;2025-06-24
5948;1810;photo editor;2025-05-01
5949;612;language learning;2025-06-05
5950;84;fitness tracker;2025-05-30
5951;1535;task manager;2025-02-25
5952;245;free games;2025-03-09
5953;508;grocery list;2025-03-12
5954;137;puzzle games;2025-04-10
5955;803;fitness tracker;2025-02-08
5956;1163;photo editor;2025-02-21
5957;1923;learn english;2025-04-18
5958;998;free games;2025-05-09
5959;115;vpn;2025-04-14
5960;1142;vpn;2025-04-17
5961;1724;language learning;2025-04-28
5962;1954;budget app;2025-04-09
5963;479;language learning;2025-02-09
5964;173;travel planner;2025-05-12
5965;1647;language learning;2025-04-03
5966;741;budget app;2025-03-19
5967;1191;crypto tracker;2025-03-07
5968;616;budget app;2025-04-23
5969;1977;video editor;2025-04-11
5970;403;crypto tracker;2025-06-04
5971;1578;chat app;2025-02-27
5972;1163;video editor;2025-03-30
5973;18;crypto tracker;2025-06-15
5974;1239;language learning;2025-02-12
5975;930;chat app;2025-02-03
5976;1734;fitness tracker;2025-04-09
5977;276;video editor;2025-01-31
5978;182;crypto tracker;2025-02-07
5979;524;chat app;2025-04-16
5980;1363;music player;2025-03-29
5981;1927;grocery list;2025-06-28
5982;657;note taking;2025-06-22
5983;310;learn english;2025-06-23
5984;1055;task manager;2025-06-12
5985;1816;budget app;2025-05-17
5986;1506;job search;2025-06-02
5987;1947;puzzle games;2025-01-26
5988;1516;puzzle games;2025-04-15
5989;303;weather app;2025-03-21
5990;1859;photo editor;2025-06-18
5991;1231;travel planner;2025-06-24
5992;779;note taking;2025-02-26
5993;412;grocery list;2025-03-28
5994;1649;weather app;2025-02-04
5995;1475;crypto tracker;2025-04-28
5996;1995;fitness tracker;2025-04-04
5997;1366;budget app;2025-04-04
5998;1089;weather app;2025-02-27
5999;503;note taking;2025-02-21
6000;1945;budget app;2025-06-26
6001;494;photo editor;2025-01-21
6002;1447;vpn;2025-06-21
6003;1084;job search;2025-04-14
6004;58;vpn;2025-03-10
6005;758;meditation app;2025-04-10
6006;1877;travel planner;2025-06-22
6007;551;job search;2025-03-26
6008;1631;meditation app;2025-04-13
6009;1202;note taking;2025-06-12
6010;688;chat app;2025-04-03
6011;1981;weather app;2025-04-22
6012;760;travel planner;2025-05-01
6013;1756;note taking;2025-04-11
6014;792;puzzle games;2025-05-09
6015;783;photo editor;2025-04-21
6016;428;note taking;2025-02-02
6017;162;fitness tracker;2025-03-29
6018;585;vpn;2025-01-06
6019;1097;free games;2025-05-27
6020;681;puzzle games;2025-03-20
6021;1041;photo editor;2025-03-29
6022;380;language learning;2025-06-02
6023;293;recipe app;2025-04-06
6024;1180;language learning;2025-04-12
6025;619;meditation app;2025-02-16
6026;232;weather app;2025-01-04
6027;929;note taking;2025-02-04
6028;491;vpn;2025-05-31
6029;244;note taking;2025-02-16
6030;789;learn english;2025-03-15
6031;108;note taking;2025-06-16
6032;1116;travel planner;2025-02-20
6033;508;fitness tracker;2025-04-17
6034;1673;learn english;2025-03-19
6035;1591;recipe app;2025-03-21
6036;438;budget app;2025-04-26
6037;1161;video editor;2025-02-26
6038;1348;meditation app;2025-02-27
6039;214;free games;2025-01-08
6040;1094;learn english;2025-05-07
6041;1926;task manager;2025-04-02
6042;1884;fitness tracker;2025-02-06
6043;1909;learn english;2025-01-21
6044;755;grocery list;2025-04-25
6045;190;grocery list;2025-03-13
6046;652;fitness tracker;2025-02-23
6047;743;note taking;2025-02-15
6048;887;task manager;2025-04-28
6049;532;note taking;2025-06-24
6050;1333;job search;2025-01-13
6051;231;job search;2025-02-19
6052;1317;fitness tracker;2025-06-15
6053;1913;free games;2025-06-27
6054;1084;video editor;2025-03-29
6055;1793;music player;2025-02-26
6056;1854;meditation app;2025-04-29
6057;928;music player;2025-05-28
6058;881;language learning;2025-06-24
6059;664;video editor;2025-02-18
6060;400;meditation app;2025-01-01
6061;229;note taking;2025-01-16
6062;1323;budget app;2025-06-11
6063;1435;vpn;2025-02-09
6064;1667;meditation app;2025-05-18
6065;129;free games;2025-04-05
6066;667;task manager;2025-06-18
6067;94;budget app;2025-01-07
6068;1886;music player;2025-05-04
6069;1754;fitness tracker;2025-02-02
6070;135;crypto tracker;2025-02-17
6071;655;meditation app;2025-06-19
6072;1735;chat app;2025-01-31
6073;872;free games;2025-06-04
6074;617;weather app;2025-05-27
6075;1418;learn english;2025-02-25
6076;1563;language learning;2025-05-16
6077;1651;photo editor;2025-05-07
6078;337;budget app;2025-02-20
6079;250;chat app;2025-04-07
6080;1275;vpn;2025-03-31
6081;1453;music player;2025-05-13
6082;1589;language learning;2025-02-15
6083;1857;free games;2025-06-03
6084;1321;fitness tracker;2025-05-28
6085;1488;job search;2025-03-05
6086;705;music player;2025-04-06
6087;1980;puzzle games;2025-04-01
6088;1695;chat app;2025-03-02
6089;304;fitness tracker;2025-02-08
6090;1311;meditation app;2025-02-28
6091;1433;puzzle games;2025-02-18
6092;1831;task manager;2025-06-04
6093;1246;fitness tracker;2025-01-01
6094;589;vpn;2025-05-02
6095;1416;weather app;2025-04-01
6096;462;music player;2025-02-28
6097;867;video editor;2025-01-23
6098;1039;vpn;2025-01-09
6099;962;language learning;2025-01-24
6100;1859;budget app;2025-05-22
6101;2000;meditation app;2025-01-12
6102;1048;fitness tracker;2025-04-10
6103;1244;job search;2025-01-31
6104;1566;task manager;2025-02-10
6105;1700;chat app;2025-04-08
6106;80;learn english;2025-01-04
6107;1007;learn english;2025-02-09
6108;812;learn english;2025-04-01
6109;1321;grocery list;2025-02-26
6110;1829;grocery list;2025-06-23
6111;1148;fitness tracker;2025-06-30
6112;184;job search;2025-06-20
6113;1626;video editor;2025-03-09
6114;1094;note taking;2025-04-14
6115;980;chat app;2025-03-25
6116;907;note taking;2025-02-03
6117;298;chat app;2025-02-25
6118;1415;music player;2025-02-06
6119;1951;fitness tracker;2025-05-11
6120;35;learn english;2025-06-05
6121;599;note taking;2025-02-09
6122;709;grocery list;2025-06-21
6123;1758;travel planner;2025-02-09
6124;1470;fitness tracker;2025-02-15
6125;1504;vpn;2025-04-14
6126;118;language learning;2025-02-16
6127;1682;puzzle games;2025-03-28
6128;433;vpn;2025-06-17
6129;101;language learning;2025-03-04
6130;1707;job search;2025-03-04
6131;137;learn english;2025-05-17
6132;114;note taking;2025-04-12
6133;1401;job search;2025-03-12
6134;215;weather app;2025-01-02
6135;995;recipe app;2025-02-28
6136;1755;grocery list;2025-03-20
6137;1582;learn english;2025-06-17
6138;1151;recipe app;2025-02-08
6139;28;photo editor;2025-02-26
6140;1587;language learning;2025-02-14
6141;822;budget app;2025-05-11
6142;1607;crypto tracker;2025-06-19
6143;818;weather app;2025-05-27
6144;1697;job search;2025-06-18
6145;749;language learning;2025-01-17
6146;643;note taking;2025-05-02
6147;93;vpn;2025-03-23
6148;515;travel planner;2025-01-19
6149;1637;fitness tracker;2025-06-10
6150;1352;photo editor;2025-04-05
6151;178;video editor;2025-03-10
6152;148;photo editor;2025-05-25
6153;1570;recipe app;2025-03-26
6154;878;note taking;2025-01-05
6155;1167;photo editor;2025-05-28
6156;1477;language learning;2025-06-01
6157;434;travel planner;2025-03-24
6158;924;grocery list;2025-05-08
6159;733;fitness tracker;2025-01-16
6160;978;free games;2025-02-05
6161;38;note taking;2025-02-13
6162;891;fitness tracker;2025-06-20
6163;31;photo editor;2025-06-09
6164;1776;job search;2025-01-25
6165;279;photo editor;2025-02-08
6166;630;photo editor;2025-02-21
6167;1171;weather app;2025-04-21
6168;1856;puzzle games;2025-04-14
6169;948;grocery list;2025-05-26
6170;1326;meditation app;2025-04-14
6171;75;travel planner;2025-05-14
6172;972;chat app;2025-01-19
6173;338;video editor;2025-05-06
6174;1830;job search;2025-03-01
6175;164;puzzle games;2025-02-17
6176;271;meditation app;2025-06-16
6177;798;free games;2025-04-28
6178;1965;recipe app;2025-06-28
6179;1182;task manager;2025-05-17
6180;1274;job search;2025-06-16
6181;1116;video editor;2025-04-01
6182;486;chat app;2025-06-11
6183;1403;travel planner;2025-06-28
6184;1420;crypto tracker;2025-02-21
6185;237;puzzle games;2025-01-24
6186;1291;language learning;2025-03-26
6187;633;chat app;2025-01-08
6188;1954;task manager;2025-06-22
6189;1485;travel planner;2025-06-13
6190;686;fitness tracker;2025-03-01
6191;256;music player;2025-01-12
6192;325;learn english;2025-05-31
6193;142;vpn;2025-01-07
6194;1587;vpn;2025-05-05
6195;1654;language learning;2025-03-11
6196;580;travel planner;2025-06-13
6197;935;crypto tracker;2025-05-03
6198;15;budget app;2025-01-01
6199;288;video editor;2025-05-24
6200;951;language learning;2025-03-20
6201;634;grocery list;2025-06-20
6202;1562;video editor;2025-05-08
6203;822;crypto tracker;2025-05-27
6204;918;travel planner;2025-04-26
6205;1892;crypto tracker;2025-01-23
6206;860;chat app;2025-04-09
6207;1824;vpn;2025-04-20
6208;1415;budget app;2025-03-07
6209;1757;recipe app;2025-01-09
6210;48;video editor;2025-03-04
6211;723;recipe app;2025-06-28
6212;452;job search;2025-02-20
6213;78;travel planner;2025-04-09
6214;1997;note taking;2025-05-25
6215;874;puzzle games;2025-02-17
6216;1972;meditation app;2025-04-23
6217;162;learn english;2025-06-12
6218;1159;vpn;2025-02-05
6219;1166;language learning;2025-02-27
6220;658;chat app;2025-01-13
6221;1423;vpn;2025-06-01
6222;955;free games;2025-02-15
6223;754;vpn;2025-01-29
6224;331;task manager;2025-02-11
6225;948;video editor;2025-06-22
6226;423;video editor;2025-03-18
6227;481;photo editor;2025-03-22
6228;1258;crypto tracker;2025-05-15
6229;1272;grocery list;2025-05-26
6230;1564;recipe app;2025-06-06
6231;806;vpn;2025-03-14
6232;848;video editor;2025-03-05
6233;612;recipe app;2025-03-09
6234;1792;crypto tracker;2025-02-26
6235;630;note taking;2025-01-19
6236;1622;crypto tracker;2025-06-06
6237;249;language learning;2025-05-26
6238;1901;puzzle games;2025-05-31
6239;501;puzzle games;2025-03-04
6240;1708;note taking;2025-03-12
6241;1185;meditation app;2025-03-14
6242;464;travel planner;2025-03-11
6243;1797;video editor;2025-03-09
6244;36;task manager;2025-06-23
6245;1714;grocery list;2025-02-13
6246;300;weather app;2025-01-13
6247;1216;recipe app;2025-05-09
6248;861;music player;2025-06-04
6249;1481;job search;2025-02-25
6250;1179;grocery list;2025-06-14
6251;1579;task manager;2025-05-30
6252;1758;note taking;2025-01-26
6253;511;fitness tracker;2025-01-27
6254;1982;free games;2025-05-27
6255;913;music player;2025-01-16
6256;1416;fitness tracker;2025-01-30
6257;1763;job search;2025-01-12
6258;981;recipe app;2025-03-19
6259;1842;task manager;2025-03-31
6260;395;crypto tracker;2025-06-11
6261;1454;video editor;2025-04-05
6262;690;job search;2025-05-30
6263;271;music player;2025-01-10
6264;501;free games;2025-01-11
6265;619;note taking;2025-05-26
6266;887;crypto tracker;2025-04-08
6267;1903;photo editor;2025-02-07
6268;1482;puzzle games;2025-02-27
6269;1161;budget app;2025-01-08
6270;290;vpn;2025-01-28
6271;280;learn english;2025-02-22
6272;1503;meditation app;2025-03-27
6273;1759;language learning;2025-04-02
6274;1083;puzzle games;2025-04-11
6275;390;recipe app;2025-05-30
6276;691;job search;2025-01-01
6277;1138;video editor;2025-01-21
6278;1890;travel planner;2025-06-06
6279;448;photo editor;2025-03-08
6280;1446;vpn;2025-05-22
6281;612;chat app;2025-03-08
6282;1425;recipe app;2025-04-12
6283;795;weather app;2025-01-22
6284;149;weather app;2025-05-19
6285;1128;vpn;2025-01-13
6286;1813;chat app;2025-03-17
6287;1824;fitness tracker;2025-02-18
6288;1698;video editor;2025-02-10
6289;1911;music player;2025-01-09
6290;1758;weather app;2025-02-19
6291;635;meditation app;2025-03-16
6292;376;note taking;2025-04-15
6293;426;learn english;2025-01-05
6294;617;weather app;2025-06-19
6295;924;travel planner;2025-04-17
6296;1034;language learning;2025-05-19
6297;1703;free games;2025-01-09
6298;1131;recipe app;2025-02-06
6299;1166;note taking;2025-04-08
6300;1543;travel planner;2025-01-13
6301;314;photo editor;2025-06-15
6302;1358;job search;2025-04-23
6303;1822;crypto tracker;2025-01-17
6304;954;note taking;2025-02-18
6305;77;crypto tracker;2025-02-23
6306;1724;recipe app;2025-01-15
6307;318;weather app;2025-05-18
6308;1626;vpn;2025-01-13
6309;335;fitness tracker;2025-05-24
6310;1249;note taking;2025-04-19
6311;801;recipe app;2025-02-16
6312;919;recipe app;2025-02-10
6313;408;chat app;2025-02-04
6314;1066;music player;2025-06-09
6315;1625;weather app;2025-01-03
6316;280;free games;2025-02-04
6317;677;language learning;2025-05-27
6318;221;chat app;2025-02-22
6319;1798;free games;2025-02-28
6320;45;weather app;2025-02-20
6321;520;video editor;2025-04-30
6322;904;photo editor;2025-06-27
6323;252;video editor;2025-04-27
6324;748;free games;2025-04-23
6325;1753;video editor;2025-02-06
6326;1590;job search;2025-06-06
6327;1250;vpn;2025-03-22
6328;511;budget app;2025-02-14
6329;570;vpn;2025-02-23
6330;115;photo editor;2025-02-14
6331;1865;weather app;2025-05-29
6332;1139;note taking;2025-05-05
6333;350;weather app;2025-01-08
6334;444;note taking;2025-02-03
6335;96;music player;2025-05-19
6336;607;meditation app;2025-01-18
6337;1939;travel planner;2025-01-05
6338;187;meditation app;2025-02-11
6339;1962;fitness tracker;2025-06-19
6340;1633;music player;2025-03-16
6341;107;vpn;2025-01-15
6342;900;video editor;2025-03-08
6343;1353;grocery list;2025-04-29
6344;1495;learn english;2025-05-02
6345;1316;job search;2025-03-24
6346;1690;note taking;2025-04-16
6347;217;puzzle games;2025-06-03
6348;1917;fitness tracker;2025-03-09
6349;103;language learning;2025-04-03
6350;1311;grocery list;2025-02-28
6351;1100;meditation app;2025-02-09
6352;1616;job search;2025-06-11
6353;304;recipe app;2025-05-10
6354;1787;photo editor;2025-02-16
6355;319;recipe app;2025-06-03
6356;83;travel planner;2025-06-26
6357;703;language learning;2025-04-11
6358;1553;grocery list;2025-03-14
6359;1460;note taking;2025-05-10
6360;1485;music player;2025-03-05
6361;995;weather app;2025-06-10
6362;385;meditation app;2025-05-27
6363;1576;photo editor;2025-02-17
6364;205;music player;2025-01-22
6365;177;budget app;2025-01-31
6366;1088;meditation app;2025-05-12
6367;86;weather app;2025-06-28
6368;710;grocery list;2025-04-17
6369;1654;puzzle games;2025-01-13
6370;1372;photo editor;2025-04-27
6371;1752;budget app;2025-05-05
6372;597;budget app;2025-06-11
6373;1910;weather app;2025-06-03
6374;310;vpn;2025-01-27
6375;1204;puzzle games;2025-06-08
6376;516;vpn;2025-02-15
6377;1226;recipe app;2025-01-29
6378;1012;learn english;2025-02-14
6379;360;music player;2025-05-07
6380;1937;language learning;2025-03-07
6381;512;weather app;2025-05-23
6382;931;fitness tracker;2025-02-11
6383;44;vpn;2025-03-16
6384;307;music player;2025-01-29
6385;770;fitness tracker;2025-04-07
6386;1391;recipe app;2025-06-25
6387;1661;note taking;2025-06-01
6388;1801;language learning;2025-02-19
6389;1862;chat app;2025-01-01
6390;1418;grocery list;2025-02-20
6391;415;crypto tracker;2025-03-17
6392;619;meditation app;2025-01-05
6393;625;task manager;2025-05-13
6394;1023;task manager;2025-06-03
6395;1189;recipe app;2025-01-04
6396;555;meditation app;2025-01-06
6397;1648;fitness tracker;2025-01-03
6398;1762;vpn;2025-06-07
6399;1400;language learning;2025-05-10
6400;1402;vpn;2025-01-19
6401;1254;recipe app;2025-02-18
6402;1614;meditation app;2025-05-08
6403;528;puzzle games;2025-06-29
6404;1851;fitness tracker;2025-04-12
6405;875;chat app;2025-02-10
6406;1941;puzzle games;2025-03-23
6407;849;weather app;2025-03-10
6408;379;meditation app;2025-05-08
6409;972;recipe app;2025-02-13
6410;328;vpn;2025-05-26
6411;315;free games;2025-04-18
6412;165;language learning;2025-03-31
6413;1112;photo editor;2025-02-06
6414;1658;puzzle games;2025-02-04
6415;57;vpn;2025-05-27
6416;1486;fitness tracker;2025-02-08
6417;1214;crypto tracker;2025-01-30
6418;147;recipe app;2025-04-16
6419;448;budget app;2025-02-08
6420;1212;recipe app;2025-03-22
6421;1552;travel planner;2025-04-13
6422;477;video editor;2025-03-04
6423;949;music player;2025-06-15
6424;837;fitness tracker;2025-06-09
6425;1481;crypto tracker;2025-06-20
6426;1565;fitness tracker;2025-01-11
6427;884;language learning;2025-01-20
6428;687;note taking;2025-06-09
6429;1054;free games;2025-06-15
6430;1370;grocery list;2025-03-28
6431;199;chat app;2025-02-22
6432;1483;learn english;2025-02-27
6433;1341;grocery list;2025-01-11
6434;90;note taking;2025-05-27
6435;1095;weather app;2025-06-30
6436;1753;fitness tracker;2025-01-17
6437;1678;photo editor;2025-02-15
6438;1742;music player;2025-01-25
6439;1946;fitness tracker;2025-01-20
6440;763;crypto tracker;2025-05-11
6441;1358;learn english;2025-04-06
6442;1103;music player;2025-04-22
6443;1113;video editor;2025-05-18
6444;1023;language learning;2025-03-18
6445;1831;free games;2025-01-27
6446;1564;travel planner;2025-01-29
6447;1088;recipe app;2025-03-09
6448;1140;grocery list;2025-01-15
6449;798;crypto tracker;2025-03-20
6450;1537;music player;2025-06-22
6451;2;budget app;2025-04-10
6452;364;travel planner;2025-05-09
6453;1876;job search;2025-04-24
6454;1308;task manager;2025-05-03
6455;501;recipe app;2025-05-14
6456;671;language learning;2025-06-13
6457;823;crypto tracker;2025-04-13
6458;1534;crypto tracker;2025-01-31
6459;1221;video editor;2025-02-03
6460;446;crypto tracker;2025-06-18
6461;370;learn english;2025-06-06
6462;289;video editor;2025-02-07
6463;367;photo editor;2025-02-19
6464;375;free games;2025-03-20
6465;1414;photo editor;2025-01-12
6466;583;fitness tracker;2025-06-06
6467;519;grocery list;2025-02-25
6468;1630;learn english;2025-03-14
6469;1501;job search;2025-05-11
6470;1879;travel planner;2025-06-29
6471;1774;learn english;2025-01-24
6472;965;puzzle games;2025-04-25
6473;315;video editor;2025-05-31
6474;1249;puzzle games;2025-06-06
6475;569;travel planner;2025-06-26
6476;1079;learn english;2025-06-16
6477;330;task manager;2025-06-28
6478;408;learn english;2025-05-21
6479;41;budget app;2025-02-26
6480;1793;video editor;2025-04-19
6481;840;free games;2025-06-26
6482;1527;fitness tracker;2025-06-30
6483;5;budget app;2025-01-02
6484;713;chat app;2025-02-11
6485;1105;recipe app;2025-02-19
6486;1115;language learning;2025-02-18
6487;1788;learn english;2025-01-01
6488;659;budget app;2025-03-25
6489;1659;fitness tracker;2025-03-11
6490;501;task manager;2025-03-02
6491;1127;free games;2025-04-01
6492;1133;fitness tracker;2025-04-17
6493;1726;puzzle games;2025-02-13
6494;1352;travel planner;2025-06-06
6495;128;budget app;2025-04-26
6496;816;grocery list;2025-06-28
6497;886;fitness tracker;2025-04-28
6498;1549;video editor;2025-03-04
6499;1757;weather app;2025-02-15
6500;1729;grocery list;2025-02-22
6501;1807;task manager;2025-06-06
6502;1829;language learning;2025-06-22
6503;1618;chat app;2025-02-24
6504;1669;job search;2025-04-15
6505;1844;photo editor;2025-05-10
6506;689;learn english;2025-06-11
6507;1974;grocery list;2025-04-14
6508;363;language learning;2025-04-27
6509;215;weather app;2025-04-22
6510;1131;crypto tracker;2025-01-28
6511;2;photo editor;2025-02-18
6512;318;task manager;2025-02-10
6513;412;weather app;2025-06-05
6514;313;learn english;2025-06-22
6515;1108;task manager;2025-02-27
6516;716;fitness tracker;2025-04-29
6517;1510;puzzle games;2025-01-17
6518;1083;job search;2025-03-25
6519;1451;free games;2025-04-14
6520;1952;job search;2025-05-07
6521;790;learn english;2025-06-16
6522;89;video editor;2025-06-11
6523;1482;vpn;2025-05-29
6524;343;free games;2025-06-12
6525;1841;grocery list;2025-05-14
6526;206;note taking;2025-03-05
6527;1578;photo editor;2025-06-09
6528;261;meditation app;2025-06-05
6529;911;video editor;2025-01-30
6530;944;task manager;2025-06-27
6531;227;vpn;2025-06-01
6532;859;travel planner;2025-05-17
6533;1318;weather app;2025-05-19
6534;1419;crypto tracker;2025-03-31
6535;1354;job search;2025-02-15
6536;1505;free games;2025-02-08
6537;1437;language learning;2025-04-07
6538;755;language learning;2025-05-17
6539;788;fitness tracker;2025-06-06
6540;1782;vpn;2025-05-28
6541;1699;learn english;2025-02-05
6542;663;meditation app;2025-02-22
6543;631;puzzle games;2025-05-10
6544;1215;travel planner;2025-02-11
6545;704;recipe app;2025-02-27
6546;1234;note taking;2025-06-21
6547;892;free games;2025-04-24
6548;1512;crypto tracker;2025-02-04
6549;1187;puzzle games;2025-01-06
6550;912;note taking;2025-06-10
6551;974;music player;2025-06-08
6552;844;video editor;2025-06-01
6553;624;photo editor;2025-04-23
6554;1176;puzzle games;2025-04-12
6555;993;free games;2025-05-24
6556;8;grocery list;2025-06-02
6557;937;crypto tracker;2025-06-25
6558;1393;job search;2025-03-07
6559;1146;vpn;2025-06-25
6560;1266;travel planner;2025-03-14
6561;831;note taking;2025-01-20
6562;1953;task manager;2025-02-19
6563;1644;puzzle games;2025-05-10
6564;1735;crypto tracker;2025-01-29
6565;842;meditation app;2025-03-04
6566;592;meditation app;2025-05-13
6567;1933;recipe app;2025-02-22
6568;817;travel planner;2025-05-18
6569;1656;grocery list;2025-01-28
6570;780;crypto tracker;2025-05-30
6571;1094;free games;2025-03-09
6572;594;recipe app;2025-01-03
6573;1623;puzzle games;2025-02-12
6574;1358;task manager;2025-04-11
6575;1794;free games;2025-03-25
6576;1977;fitness tracker;2025-01-31
6577;1712;budget app;2025-02-11
6578;817;music player;2025-04-28
6579;81;language learning;2025-04-13
6580;594;grocery list;2025-06-04
6581;1847;budget app;2025-01-05
6582;1721;grocery list;2025-02-15
6583;555;grocery list;2025-03-06
6584;735;task manager;2025-01-27
6585;1578;weather app;2025-01-01
6586;1140;grocery list;2025-05-27
6587;1138;chat app;2025-06-20
6588;1648;budget app;2025-03-26
6589;989;crypto tracker;2025-06-20
6590;1669;grocery list;2025-05-22
6591;486;puzzle games;2025-06-02
6592;1510;job search;2025-03-09
6593;1707;learn english;2025-05-22
6594;712;video editor;2025-03-02
6595;30;music player;2025-04-25
6596;1615;vpn;2025-01-04
6597;97;free games;2025-02-24
6598;95;vpn;2025-04-10
6599;1557;language learning;2025-01-27
6600;1213;puzzle games;2025-04-02
6601;1322;chat app;2025-01-05
6602;1867;vpn;2025-04-10
6603;600;learn english;2025-05-23
6604;535;travel planner;2025-02-19
6605;1691;meditation app;2025-05-19
6606;1362;crypto tracker;2025-04-21
6607;920;travel planner;2025-01-14
6608;1030;job search;2025-01-05
6609;1339;learn english;2025-05-16
6610;967;fitness tracker;2025-04-17
6611;1799;budget app;2025-01-08
6612;232;chat app;2025-04-20
6613;763;learn english;2025-01-13
6614;473;note taking;2025-03-17
6615;621;note taking;2025-02-03
6616;1232;puzzle games;2025-01-12
6617;806;job search;2025-03-12
6618;1363;recipe app;2025-04-19
6619;1145;language learning;2025-04-06
6620;338;crypto tracker;2025-01-10
6621;774;music player;2025-02-02
6622;240;recipe app;2025-03-30
6623;1252;puzzle games;2025-04-22
6624;1787;job search;2025-02-05
6625;646;video editor;2025-02-15
6626;378;fitness tracker;2025-02-01
6627;1248;free games;2025-03-26
6628;484;chat app;2025-06-12
6629;1327;crypto tracker;2025-04-23
6630;1625;free games;2025-03-08
6631;1022;crypto tracker;2025-05-03
6632;1845;language learning;2025-03-19
6633;1109;crypto tracker;2025-06-25
6634;1609;recipe app;2025-04-06
6635;1224;weather app;2025-06-03
6636;896;recipe app;2025-02-13
6637;198;weather app;2025-05-17
6638;462;recipe app;2025-01-02
6639;1002;photo editor;2025-02-05
6640;589;recipe app;2025-03-31
6641;447;learn english;2025-02-12
6642;1437;puzzle games;2025-01-15
6643;7;weather app;2025-04-11
6644;262;fitness tracker;2025-01-24
6645;1906;photo editor;2025-05-01
6646;486;music player;2025-06-12
6647;1987;meditation app;2025-05-07
6648;322;video editor;2025-03-11
6649;1098;grocery list;2025-03-05
6650;1265;vpn;2025-05-23
6651;658;recipe app;2025-05-22
6652;666;fitness tracker;2025-02-16
6653;1197;crypto tracker;2025-02-13
6654;1396;vpn;2025-02-05
6655;1460;recipe app;2025-01-26
6656;832;learn english;2025-05-09
6657;672;job search;2025-04-05
6658;1260;photo editor;2025-04-25
6659;137;budget app;2025-03-28
6660;1877;budget app;2025-05-16
6661;1745;budget app;2025-04-03
6662;632;puzzle games;2025-01-24
6663;530;meditation app;2025-04-27
6664;630;note taking;2025-05-01
6665;472;vpn;2025-06-13
6666;440;vpn;2025-02-06
6667;610;meditation app;2025-05-16
6668;1499;crypto tracker;2025-01-29
6669;1707;meditation app;2025-01-31
6670;730;travel planner;2025-03-18
6671;1439;travel planner;2025-04-28
6672;409;note taking;2025-03-16
6673;1736;puzzle games;2025-02-22
6674;76;recipe app;2025-03-01
6675;1001;task manager;2025-05-17
6676;63;weather app;2025-02-19
6677;256;task manager;2025-02-25
6678;863;photo editor;2025-01-18
6679;1410;chat app;2025-03-03
6680;1691;task manager;2025-06-03
6681;374;video editor;2025-01-10
6682;1051;job search;2025-05-10
6683;1096;fitness tracker;2025-05-23
6684;140;vpn;2025-02-14
6685;983;grocery list;2025-05-02
6686;403;free games;2025-03-15
6687;1695;grocery list;2025-04-22
6688;377;recipe app;2025-06-25
6689;129;recipe app;2025-02-16
6690;251;meditation app;2025-06-27
6691;627;video editor;2025-03-25
6692;1704;chat app;2025-03-25
6693;1493;weather app;2025-05-04
6694;1664;task manager;2025-01-13
6695;208;task manager;2025-05-25
6696;1769;learn english;2025-04-02
6697;871;job search;2025-02-18
6698;600;note taking;2025-04-08
6699;1017;photo editor;2025-05-03
6700;907;language learning;2025-02-11
6701;1214;language learning;2025-05-31
6702;1910;photo editor;2025-03-21
6703;460;chat app;2025-04-12
6704;280;travel planner;2025-06-04
6705;1179;note taking;2025-04-07
6706;1289;video editor;2025-03-09
6707;1990;recipe app;2025-01-14
6708;1249;travel planner;2025-05-28
6709;1200;free games;2025-06-26
6710;76;learn english;2025-01-13
6711;1091;puzzle games;2025-05-22
6712;697;job search;2025-02-28
6713;1183;free games;2025-05-17
6714;1856;weather app;2025-06-25
6715;1452;recipe app;2025-02-11
6716;195;photo editor;2025-05-19
6717;1218;video editor;2025-06-19
6718;1070;crypto tracker;2025-03-15
6719;349;crypto tracker;2025-04-10
6720;568;task manager;2025-05-13
6721;610;puzzle games;2025-06-21
6722;1260;meditation app;2025-05-30
6723;760;meditation app;2025-02-13
6724;1150;vpn;2025-05-06
6725;673;travel planner;2025-03-31
6726;1545;task manager;2025-02-02
6727;1937;task manager;2025-01-29
6728;1726;travel planner;2025-01-14
6729;367;music player;2025-01-19
6730;904;travel planner;2025-04-29
6731;1498;grocery list;2025-06-05
6732;1353;photo editor;2025-02-05
6733;613;task manager;2025-05-19
6734;385;puzzle games;2025-04-26
6735;1841;photo editor;2025-04-29
6736;30;recipe app;2025-05-29
6737;1084;crypto tracker;2025-03-09
6738;1896;recipe app;2025-01-26
6739;1618;note taking;2025-02-22
6740;872;job search;2025-02-10
6741;1072;language learning;2025-05-14
6742;215;photo editor;2025-02-16
6743;1488;chat app;2025-06-13
6744;61;chat app;2025-05-16
6745;1030;recipe app;2025-04-22
6746;1739;grocery list;2025-01-30
6747;1588;photo editor;2025-05-28
6748;504;puzzle games;2025-05-06
6749;1709;grocery list;2025-01-21
6750;564;recipe app;2025-05-28
6751;24;free games;2025-06-08
6752;1345;travel planner;2025-06-11
6753;1733;fitness tracker;2025-01-27
6754;912;meditation app;2025-05-28
6755;97;vpn;2025-03-22
6756;303;grocery list;2025-04-19
6757;1894;video editor;2025-05-30
6758;426;weather app;2025-04-06
6759;184;recipe app;2025-05-10
6760;1103;free games;2025-04-29
6761;1969;free games;2025-06-21
6762;653;chat app;2025-02-02
6763;1379;language learning;2025-01-06
6764;1529;learn english;2025-02-01
6765;1179;weather app;2025-05-30
6766;164;free games;2025-03-05
6767;1964;grocery list;2025-02-02
6768;1747;travel planner;2025-05-02
6769;630;music player;2025-06-15
6770;1774;recipe app;2025-03-31
6771;249;weather app;2025-04-20
6772;87;travel planner;2025-01-16
6773;1414;task manager;2025-03-25
6774;1693;grocery list;2025-01-26
6775;1753;task manager;2025-02-01
6776;88;crypto tracker;2025-03-25
6777;125;music player;2025-03-18
6778;435;meditation app;2025-02-22
6779;821;photo editor;2025-03-29
6780;1911;task manager;2025-05-08
6781;422;language learning;2025-04-13
6782;287;meditation app;2025-01-21
6783;445;vpn;2025-05-11
6784;1476;puzzle games;2025-04-13
6785;1164;weather app;2025-02-23
6786;724;weather app;2025-06-08
6787;124;free games;2025-06-10
6788;684;grocery list;2025-03-24
6789;1998;video editor;2025-01-24
6790;752;crypto tracker;2025-04-26
6791;1364;weather app;2025-01-23
6792;1333;recipe app;2025-04-09
6793;1681;language learning;2025-03-03
6794;1198;job search;2025-05-26
6795;381;vpn;2025-03-30
6796;1618;learn english;2025-01-26
6797;778;crypto tracker;2025-03-05
6798;805;puzzle games;2025-01-11
6799;1352;music player;2025-05-11
6800;1866;weather app;2025-05-01
6801;996;fitness tracker;2025-04-27
6802;58;fitness tracker;2025-05-20
6803;1218;video editor;2025-06-16
6804;775;video editor;2025-01-02
6805;703;weather app;2025-03-17
6806;363;task manager;2025-01-22
6807;774;note taking;2025-03-07
6808;141;video editor;2025-01-20
6809;72;learn english;2025-06-09
6810;1427;meditation app;2025-03-24
6811;1300;chat app;2025-03-27
6812;1097;crypto tracker;2025-04-15
6813;1697;note taking;2025-01-11
6814;1998;vpn;2025-02-01
6815;77;chat app;2025-06-21
6816;1148;grocery list;2025-01-01
6817;278;job search;2025-02-24
6818;17;note taking;2025-02-06
6819;997;video editor;2025-02-23
6820;865;music player;2025-05-11
6821;1787;learn english;2025-03-09
6822;1298;note taking;2025-06-23
6823;555;meditation app;2025-01-30
6824;1084;travel planner;2025-02-28
6825;1213;recipe app;2025-02-24
6826;1898;free games;2025-05-28
6827;844;travel planner;2025-01-12
6828;857;job search;2025-04-13
6829;533;puzzle games;2025-06-10
6830;1977;free games;2025-05-26
6831;356;fitness tracker;2025-05-10
6832;1099;note taking;2025-06-07
6833;1043;meditation app;2025-03-11
6834;1785;recipe app;2025-03-31
6835;230;weather app;2025-03-26
6836;1102;meditation app;2025-02-04
6837;1733;job search;2025-02-01
6838;929;note taking;2025-02-20
6839;44;video editor;2025-05-22
6840;1966;grocery list;2025-01-31
6841;1616;learn english;2025-04-09
6842;1719;note taking;2025-01-09
6843;416;crypto tracker;2025-02-23
6844;1210;task manager;2025-05-14
6845;1846;photo editor;2025-05-10
6846;1011;chat app;2025-05-21
6847;963;meditation app;2025-06-16
6848;1531;vpn;2025-05-12
6849;456;weather app;2025-02-24
6850;829;crypto tracker;2025-05-02
6851;921;free games;2025-03-06
6852;194;weather app;2025-01-03
6853;1240;free games;2025-06-09
6854;1871;learn english;2025-03-31
6855;396;task manager;2025-06-13
6856;1789;video editor;2025-01-06
6857;382;grocery list;2025-02-02
6858;811;music player;2025-03-31
6859;542;fitness tracker;2025-01-11
6860;1893;note taking;2025-01-18
6861;1342;fitness tracker;2025-03-01
6862;1832;photo editor;2025-06-06
6863;72;vpn;2025-04-26
6864;946;music player;2025-01-02
6865;550;note taking;2025-01-17
6866;41;budget app;2025-06-26
6867;1014;travel planner;2025-06-30
6868;558;learn english;2025-05-25
6869;441;fitness tracker;2025-03-11
6870;761;weather app;2025-05-22
6871;1318;photo editor;2025-01-16
6872;1273;job search;2025-06-07
6873;634;learn english;2025-06-12
6874;1892;music player;2025-02-06
6875;1538;note taking;2025-05-20
6876;1950;meditation app;2025-01-08
6877;1203;grocery list;2025-05-02
6878;310;language learning;2025-03-07
6879;1773;travel planner;2025-04-15
6880;420;fitness tracker;2025-02-15
6881;765;photo editor;2025-05-07
6882;1725;crypto tracker;2025-02-06
6883;380;crypto tracker;2025-01-04
6884;543;chat app;2025-02-14
6885;859;learn english;2025-01-28
6886;1093;puzzle games;2025-01-14
6887;73;chat app;2025-03-20
6888;784;task manager;2025-04-21
6889;204;language learning;2025-02-25
6890;103;job search;2025-01-04
6891;306;grocery list;2025-04-13
6892;919;fitness tracker;2025-01-15
6893;1914;music player;2025-01-09
6894;66;puzzle games;2025-03-27
6895;1597;weather app;2025-04-11
6896;1830;video editor;2025-02-04
6897;144;travel planner;2025-04-03
6898;403;video editor;2025-05-20
6899;1195;free games;2025-01-03
6900;695;meditation app;2025-05-02
6901;1239;recipe app;2025-01-08
6902;123;learn english;2025-05-07
6903;499;music player;2025-03-27
6904;1957;travel planner;2025-01-04
6905;54;meditation app;2025-02-25
6906;1261;meditation app;2025-01-23
6907;389;budget app;2025-06-17
6908;925;fitness tracker;2025-02-11
6909;192;learn english;2025-02-22
6910;1108;language learning;2025-05-25
6911;85;task manager;2025-05-01
6912;1812;photo editor;2025-06-17
6913;799;job search;2025-02-06
6914;381;learn english;2025-01-07
6915;1648;note taking;2025-03-22
6916;1783;note taking;2025-04-15
6917;1623;learn english;2025-05-07
6918;228;travel planner;2025-02-12
6919;1121;photo editor;2025-05-02
6920;1709;free games;2025-04-27
6921;526;crypto tracker;2025-03-04
6922;834;budget app;2025-02-07
6923;1690;weather app;2025-03-19
6924;601;music player;2025-02-17
6925;739;music player;2025-01-24
6926;1327;language learning;2025-01-04
6927;296;recipe app;2025-02-16
6928;440;travel planner;2025-03-11
6929;1547;photo editor;2025-02-06
6930;1955;free games;2025-05-30
6931;557;crypto tracker;2025-04-25
6932;1634;job search;2025-02-16
6933;770;puzzle games;2025-01-06
6934;427;fitness tracker;2025-04-18
6935;1314;vpn;2025-03-22
6936;194;weather app;2025-02-03
6937;964;video editor;2025-01-21
6938;1335;meditation app;2025-06-04
6939;1676;crypto tracker;2025-05-23
6940;50;music player;2025-03-11
6941;1942;vpn;2025-06-27
6942;736;travel planner;2025-05-19
6943;719;learn english;2025-04-08
6944;76;music player;2025-01-28
6945;218;travel planner;2025-06-20
6946;227;recipe app;2025-05-18
6947;1191;photo editor;2025-02-13
6948;1650;video editor;2025-05-19
6949;1804;language learning;2025-06-29
6950;585;puzzle games;2025-05-18
6951;1813;video editor;2025-03-07
6952;981;grocery list;2025-04-20
6953;1621;task manager;2025-06-22
6954;863;music player;2025-02-24
6955;950;language learning;2025-01-16
6956;1860;free games;2025-05-09
6957;1077;note taking;2025-03-21
6958;935;note taking;2025-01-07
6959;1047;weather app;2025-04-23
6960;1682;grocery list;2025-01-23
6961;1157;learn english;2025-05-27
6962;67;job search;2025-03-16
6963;1270;travel planner;2025-02-03
6964;176;video editor;2025-03-18
6965;90;budget app;2025-04-14
6966;1170;task manager;2025-02-21
6967;805;puzzle games;2025-06-10
6968;262;chat app;2025-03-25
6969;472;note taking;2025-05-19
6970;551;task manager;2025-04-22
6971;554;meditation app;2025-01-11
6972;1033;fitness tracker;2025-01-31
6973;459;travel planner;2025-05-16
6974;841;recipe app;2025-03-12
6975;885;fitness tracker;2025-02-07
6976;1464;free games;2025-02-13
6977;136;fitness tracker;2025-02-21
6978;1523;job search;2025-06-25
6979;1923;music player;2025-01-04
6980;736;recipe app;2025-01-01
6981;1800;chat app;2025-02-25
6982;5;budget app;2025-01-06
6983;38;grocery list;2025-05-13
6984;772;weather app;2025-03-16
6985;1524;language learning;2025-04-27
6986;491;travel planner;2025-01-29
6987;1254;free games;2025-01-01
6988;1058;task manager;2025-05-27
6989;1574;travel planner;2025-01-24
6990;249;note taking;2025-01-31
6991;832;free games;2025-01-06
6992;1188;photo editor;2025-04-09
6993;1163;music player;2025-03-02
6994;285;job search;2025-02-21
6995;1913;meditation app;2025-05-29
6996;1379;grocery list;2025-05-28
6997;1489;meditation app;2025-06-08
6998;92;language learning;2025-01-03
6999;1110;recipe app;2025-03-18
7000;1113;photo editor;2025-05-21
7001;871;job search;2025-03-08
7002;796;weather app;2025-01-11
7003;104;free games;2025-06-02
7004;1672;travel planner;2025-05-12
7005;568;weather app;2025-03-05
7006;890;learn english;2025-01-25
7007;1481;weather app;2025-04-25
7008;169;learn english;2025-05-14
7009;1808;photo editor;2025-03-23
7010;190;puzzle games;2025-05-23
7011;1323;vpn;2025-06-27
7012;531;recipe app;2025-05-09
7013;290;travel planner;2025-03-21
7014;308;free games;2025-02-18
7015;1303;note taking;2025-06-20
7016;25;photo editor;2025-04-03
7017;417;recipe app;2025-03-03
7018;569;video editor;2025-04-16
7019;62;meditation app;2025-03-24
7020;769;travel planner;2025-06-05
7021;1224;note taking;2025-03-14
7022;1192;note taking;2025-04-14
7023;885;meditation app;2025-02-07
7024;1467;budget app;2025-01-25
7025;120;grocery list;2025-02-05
7026;547;free games;2025-02-05
7027;1447;grocery list;2025-01-24
7028;1411;task manager;2025-02-08
7029;1886;music player;2025-06-17
7030;456;task manager;2025-04-25
7031;1222;crypto tracker;2025-01-01
7032;306;language learning;2025-02-06
7033;69;task manager;2025-03-30
7034;1026;photo editor;2025-05-08
7035;537;recipe app;2025-02-04
7036;958;weather app;2025-04-02
7037;1305;chat app;2025-04-16
7038;639;fitness tracker;2025-02-26
7039;706;meditation app;2025-01-05
7040;18;crypto tracker;2025-01-23
7041;327;puzzle games;2025-01-25
7042;1581;grocery list;2025-02-05
7043;1130;recipe app;2025-01-28
7044;1125;learn english;2025-06-25
7045;858;photo editor;2025-06-10
7046;362;recipe app;2025-03-30
7047;1157;free games;2025-03-15
7048;1364;language learning;2025-01-30
7049;1810;budget app;2025-01-16
7050;952;puzzle games;2025-02-14
7051;449;budget app;2025-03-09
7052;874;video editor;2025-01-07
7053;111;photo editor;2025-02-02
7054;1151;weather app;2025-05-14
7055;294;meditation app;2025-01-23
7056;61;photo editor;2025-02-14
7057;411;music player;2025-05-26
7058;1506;video editor;2025-01-18
7059;719;photo editor;2025-02-02
7060;61;note taking;2025-05-17
7061;1465;vpn;2025-01-03
7062;1020;video editor;2025-04-22
7063;1539;recipe app;2025-02-27
7064;1958;note taking;2025-03-21
7065;782;budget app;2025-03-20
7066;1342;fitness tracker;2025-02-06
7067;901;video editor;2025-02-26
7068;1746;crypto tracker;2025-04-09
7069;1691;free games;2025-01-28
7070;1274;photo editor;2025-03-27
7071;485;free games;2025-04-04
7072;1023;chat app;2025-03-21
7073;1008;music player;2025-03-08
7074;482;vpn;2025-05-23
7075;1969;video editor;2025-01-22
7076;1006;video editor;2025-05-17
7077;347;fitness tracker;2025-03-23
7078;1551;learn english;2025-06-23
7079;259;meditation app;2025-06-21
7080;1952;fitness tracker;2025-04-11
7081;928;free games;2025-05-11
7082;803;video editor;2025-06-30
7083;1658;language learning;2025-03-31
7084;1909;language learning;2025-02-09
7085;1753;music player;2025-03-12
7086;157;puzzle games;2025-04-24
7087;1811;video editor;2025-05-20
7088;906;task manager;2025-03-11
7089;1619;puzzle games;2025-03-17
7090;970;meditation app;2025-01-21
7091;1357;fitness tracker;2025-05-29
7092;124;chat app;2025-04-03
7093;31;budget app;2025-04-16
7094;1997;learn english;2025-05-11
7095;622;task manager;2025-05-25
7096;990;crypto tracker;2025-02-07
7097;258;weather app;2025-03-22
7098;1770;note taking;2025-02-23
7099;630;budget app;2025-03-20
7100;1487;video editor;2025-04-07
7101;1122;music player;2025-01-29
7102;309;photo editor;2025-03-28
7103;1620;video editor;2025-03-06
7104;1239;vpn;2025-02-11
7105;731;note taking;2025-05-28
7106;1610;fitness tracker;2025-01-05
7107;1987;language learning;2025-06-18
7108;1416;note taking;2025-03-14
7109;1317;photo editor;2025-02-01
7110;208;puzzle games;2025-05-07
7111;1586;chat app;2025-05-20
7112;1128;photo editor;2025-05-16
7113;301;meditation app;2025-03-05
7114;6;video editor;2025-03-01
7115;629;weather app;2025-03-28
7116;1387;travel planner;2025-03-15
7117;1025;task manager;2025-02-15
7118;1483;photo editor;2025-05-16
7119;1059;note taking;2025-05-31
7120;1642;video editor;2025-05-18
7121;48;language learning;2025-04-14
7122;532;free games;2025-03-30
7123;1735;learn english;2025-01-26
7124;90;fitness tracker;2025-01-24
7125;330;vpn;2025-03-21
7126;402;note taking;2025-01-22
7127;1643;fitness tracker;2025-03-05
7128;1768;free games;2025-01-31
7129;1451;language learning;2025-01-14
7130;637;puzzle games;2025-05-16
7131;869;free games;2025-03-03
7132;1018;music player;2025-01-26
7133;1462;task manager;2025-04-09
7134;109;budget app;2025-02-21
7135;335;budget app;2025-06-28
7136;413;learn english;2025-06-02
7137;915;grocery list;2025-06-01
7138;1276;puzzle games;2025-01-13
7139;165;photo editor;2025-03-12
7140;67;free games;2025-02-23
7141;610;job search;2025-01-30
7142;493;learn english;2025-06-26
7143;1017;learn english;2025-05-31
7144;1685;meditation app;2025-06-16
7145;1137;video editor;2025-01-12
7146;1599;learn english;2025-06-11
7147;1552;language learning;2025-02-09
7148;1558;vpn;2025-06-25
7149;1465;puzzle games;2025-01-14
7150;1479;task manager;2025-03-08
7151;202;travel planner;2025-06-15
7152;584;meditation app;2025-05-15
7153;674;vpn;2025-01-03
7154;1288;learn english;2025-01-20
7155;422;meditation app;2025-03-29
7156;458;recipe app;2025-05-16
7157;340;learn english;2025-01-06
7158;968;fitness tracker;2025-05-23
7159;1083;meditation app;2025-05-14
7160;1526;free games;2025-05-01
7161;282;meditation app;2025-06-03
7162;1558;budget app;2025-02-28
7163;959;learn english;2025-04-17
7164;217;video editor;2025-01-08
7165;1132;task manager;2025-01-29
7166;1596;puzzle games;2025-05-01
7167;1999;music player;2025-02-03
7168;1831;chat app;2025-06-23
7169;1221;travel planner;2025-06-12
7170;787;note taking;2025-05-04
7171;1005;learn english;2025-05-18
7172;406;job search;2025-03-28
7173;1716;weather app;2025-01-11
7174;917;video editor;2025-05-24
7175;1769;learn english;2025-01-02
7176;373;crypto tracker;2025-05-21
7177;31;grocery list;2025-04-04
7178;1607;vpn;2025-04-30
7179;1776;task manager;2025-01-09
7180;31;fitness tracker;2025-06-16
7181;527;crypto tracker;2025-02-19
7182;1636;music player;2025-02-24
7183;1795;language learning;2025-02-17
7184;333;learn english;2025-04-11
7185;1199;budget app;2025-04-09
7186;1234;language learning;2025-05-22
7187;722;meditation app;2025-03-08
7188;816;job search;2025-01-06
7189;797;meditation app;2025-06-24
7190;1399;vpn;2025-01-17
7191;895;puzzle games;2025-06-26
7192;243;weather app;2025-05-28
7193;1741;vpn;2025-06-28
7194;1534;music player;2025-01-23
7195;660;budget app;2025-01-30
7196;1718;video editor;2025-03-18
7197;1687;music player;2025-04-10
7198;149;free games;2025-05-03
7199;1901;free games;2025-02-25
7200;405;vpn;2025-01-12
7201;1928;task manager;2025-03-08
7202;1829;fitness tracker;2025-03-14
7203;1738;chat app;2025-06-29
7204;1533;learn english;2025-06-08
7205;1103;weather app;2025-05-28
7206;281;crypto tracker;2025-05-19
7207;1752;crypto tracker;2025-05-09
7208;136;weather app;2025-01-07
7209;21;crypto tracker;2025-01-28
7210;1513;video editor;2025-06-03
7211;1658;photo editor;2025-01-04
7212;648;weather app;2025-01-12
7213;302;learn english;2025-04-05
7214;1867;photo editor;2025-04-07
7215;976;vpn;2025-05-21
7216;795;crypto tracker;2025-04-14
7217;1461;weather app;2025-03-01
7218;1368;puzzle games;2025-03-26
7219;477;crypto tracker;2025-05-21
7220;186;photo editor;2025-01-01
7221;668;free games;2025-01-31
7222;1804;note taking;2025-05-08
7223;862;note taking;2025-02-09
7224;1005;task manager;2025-05-30
7225;1613;video editor;2025-02-01
7226;656;job search;2025-03-05
7227;1131;recipe app;2025-03-24
7228;1525;learn english;2025-02-05
7229;1119;photo editor;2025-04-25
7230;1859;job search;2025-03-26
7231;1654;learn english;2025-02-04
7232;480;travel planner;2025-04-06
7233;1567;travel planner;2025-05-08
7234;1038;learn english;2025-03-29
7235;742;note taking;2025-02-09
7236;771;budget app;2025-06-21
7237;1664;puzzle games;2025-04-29
7238;330;weather app;2025-04-09
7239;39;music player;2025-03-17
7240;1612;crypto tracker;2025-04-22
7241;1554;vpn;2025-03-13
7242;866;meditation app;2025-04-30
7243;290;budget app;2025-04-02
7244;133;meditation app;2025-01-27
7245;56;meditation app;2025-02-22
7246;126;task manager;2025-04-29
7247;251;vpn;2025-04-09
7248;1650;note taking;2025-06-16
7249;985;grocery list;2025-06-14
7250;1542;weather app;2025-05-04
7251;1362;budget app;2025-02-25
7252;201;job search;2025-03-23
7253;629;weather app;2025-05-16
7254;33;fitness tracker;2025-04-24
7255;608;photo editor;2025-03-19
7256;1031;recipe app;2025-06-30
7257;941;fitness tracker;2025-04-09
7258;103;fitness tracker;2025-05-25
7259;354;recipe app;2025-03-08
7260;1579;language learning;2025-06-25
7261;1082;language learning;2025-02-07
7262;1830;meditation app;2025-02-17
7263;1137;task manager;2025-03-18
7264;94;meditation app;2025-04-17
7265;878;note taking;2025-02-04
7266;22;meditation app;2025-06-17
7267;1828;language learning;2025-06-24
7268;424;music player;2025-05-03
7269;1937;photo editor;2025-06-30
7270;423;recipe app;2025-02-23
7271;1489;grocery list;2025-04-13
7272;975;video editor;2025-06-27
7273;284;vpn;2025-06-04
7274;257;chat app;2025-05-16
7275;884;task manager;2025-05-02
7276;1244;budget app;2025-04-15
7277;1835;free games;2025-03-09
7278;1059;task manager;2025-04-11
7279;1212;weather app;2025-02-15
7280;118;recipe app;2025-04-05
7281;1593;weather app;2025-03-08
7282;13;vpn;2025-01-07
7283;1408;task manager;2025-06-04
7284;1582;music player;2025-05-02
7285;410;travel planner;2025-04-18
7286;1521;photo editor;2025-03-25
7287;1221;meditation app;2025-04-20
7288;1949;note taking;2025-01-03
7289;644;chat app;2025-06-24
7290;1344;recipe app;2025-04-16
7291;923;budget app;2025-05-02
7292;1025;puzzle games;2025-04-29
7293;1024;recipe app;2025-03-30
7294;522;fitness tracker;2025-04-22
7295;1742;photo editor;2025-05-31
7296;1443;free games;2025-03-03
7297;1703;task manager;2025-03-08
7298;302;fitness tracker;2025-05-03
7299;431;language learning;2025-02-03
7300;933;chat app;2025-02-16
7301;123;fitness tracker;2025-02-14
7302;1933;music player;2025-05-04
7303;212;learn english;2025-01-20
7304;1712;meditation app;2025-04-05
7305;1334;job search;2025-04-20
7306;1243;learn english;2025-05-06
7307;219;video editor;2025-02-12
7308;118;crypto tracker;2025-02-10
7309;1264;grocery list;2025-04-06
7310;234;crypto tracker;2025-03-10
7311;1715;grocery list;2025-04-14
7312;1182;grocery list;2025-03-01
7313;67;vpn;2025-02-14
7314;1926;learn english;2025-04-19
7315;1957;travel planner;2025-01-03
7316;425;travel planner;2025-02-15
7317;384;free games;2025-02-16
7318;1530;video editor;2025-05-26
7319;1628;grocery list;2025-01-04
7320;196;note taking;2025-02-17
7321;1390;language learning;2025-03-10
7322;1015;photo editor;2025-01-16
7323;865;grocery list;2025-01-07
7324;1779;photo editor;2025-04-26
7325;952;free games;2025-02-25
7326;1652;photo editor;2025-04-13
7327;1893;chat app;2025-04-25
7328;1817;budget app;2025-03-29
7329;1404;free games;2025-01-09
7330;597;travel planner;2025-02-20
7331;428;fitness tracker;2025-04-16
7332;1711;meditation app;2025-02-16
7333;520;note taking;2025-04-07
7334;1183;weather app;2025-01-29
7335;1768;meditation app;2025-02-10
7336;1154;note taking;2025-04-24
7337;888;weather app;2025-05-23
7338;11;grocery list;2025-02-26
7339;1962;travel planner;2025-01-09
7340;1519;language learning;2025-03-25
7341;533;budget app;2025-02-10
7342;1805;vpn;2025-06-07
7343;1493;puzzle games;2025-05-21
7344;666;learn english;2025-06-28
7345;1237;weather app;2025-06-04
7346;461;music player;2025-04-29
7347;1436;fitness tracker;2025-05-07
7348;370;grocery list;2025-01-23
7349;328;travel planner;2025-01-31
7350;1684;language learning;2025-02-26
7351;713;budget app;2025-03-18
7352;1997;travel planner;2025-04-20
7353;122;music player;2025-04-21
7354;1472;video editor;2025-04-26
7355;810;recipe app;2025-02-13
7356;930;fitness tracker;2025-05-22
7357;1320;crypto tracker;2025-04-02
7358;421;travel planner;2025-05-06
7359;543;puzzle games;2025-06-10
7360;1201;vpn;2025-01-06
7361;928;free games;2025-05-10
7362;1760;grocery list;2025-04-22
7363;618;free games;2025-04-18
7364;1533;job search;2025-04-04
7365;1544;video editor;2025-01-06
7366;348;budget app;2025-05-20
7367;21;learn english;2025-05-25
7368;1966;fitness tracker;2025-06-02
7369;96;fitness tracker;2025-02-17
7370;1581;photo editor;2025-04-06
7371;1591;crypto tracker;2025-03-02
7372;1270;budget app;2025-03-13
7373;531;grocery list;2025-05-27
7374;1872;budget app;2025-05-30
7375;462;fitness tracker;2025-02-10
7376;714;chat app;2025-03-05
7377;423;fitness tracker;2025-01-02
7378;1961;fitness tracker;2025-03-04
7379;733;photo editor;2025-01-11
7380;316;vpn;2025-06-16
7381;1650;recipe app;2025-03-30
7382;1748;budget app;2025-01-30
7383;1267;weather app;2025-03-28
7384;581;recipe app;2025-06-24
7385;1839;budget app;2025-02-27
7386;1752;language learning;2025-05-29
7387;1033;grocery list;2025-05-24
7388;584;chat app;2025-06-09
7389;397;weather app;2025-02-19
7390;1793;fitness tracker;2025-03-17
7391;1741;weather app;2025-04-11
7392;1883;fitness tracker;2025-06-01
7393;874;music player;2025-01-02
7394;1663;grocery list;2025-01-07
7395;711;travel planner;2025-05-18
7396;1322;weather app;2025-02-01
7397;259;note taking;2025-03-11
7398;186;fitness tracker;2025-05-29
7399;118;meditation app;2025-03-27
7400;1539;puzzle games;2025-04-11
7401;642;puzzle games;2025-06-03
7402;1260;music player;2025-01-15
7403;242;music player;2025-03-04
7404;1981;job search;2025-04-13
7405;406;photo editor;2025-05-04
7406;942;crypto tracker;2025-05-31
7407;762;note taking;2025-02-10
7408;135;free games;2025-04-09
7409;374;puzzle games;2025-03-10
7410;1313;photo editor;2025-05-25
7411;417;meditation app;2025-03-29
7412;1275;learn english;2025-05-31
7413;272;fitness tracker;2025-04-12
7414;915;photo editor;2025-06-29
7415;470;learn english;2025-05-04
7416;763;weather app;2025-04-13
7417;263;video editor;2025-03-12
7418;970;recipe app;2025-02-08
7419;1368;task manager;2025-06-11
7420;1880;language learning;2025-03-06
7421;785;learn english;2025-02-06
7422;1437;free games;2025-06-08
7423;872;learn english;2025-04-25
7424;1657;weather app;2025-01-07
7425;10;travel planner;2025-06-01
7426;325;grocery list;2025-03-10
7427;646;music player;2025-03-11
7428;126;chat app;2025-02-12
7429;1445;learn english;2025-01-17
7430;725;weather app;2025-03-26
7431;727;free games;2025-03-23
7432;193;note taking;2025-02-23
7433;1475;music player;2025-01-26
7434;1192;learn english;2025-03-18
7435;487;budget app;2025-05-13
7436;1744;meditation app;2025-05-05
7437;1879;travel planner;2025-04-29
7438;1307;music player;2025-03-08
7439;955;puzzle games;2025-02-02
7440;767;note taking;2025-02-03
7441;315;photo editor;2025-05-09
7442;1117;weather app;2025-03-07
7443;1287;recipe app;2025-06-29
7444;1909;grocery list;2025-01-29
7445;1210;fitness tracker;2025-01-02
7446;620;grocery list;2025-05-04
7447;1009;budget app;2025-04-21
7448;1010;language learning;2025-05-28
7449;407;chat app;2025-03-02
7450;1552;fitness tracker;2025-05-31
7451;1208;grocery list;2025-04-21
7452;726;learn english;2025-04-02
7453;1788;puzzle games;2025-01-15
7454;340;recipe app;2025-04-30
7455;1468;grocery list;2025-06-20
7456;594;video editor;2025-03-12
7457;118;task manager;2025-03-27
7458;1304;task manager;2025-04-02
7459;1506;task manager;2025-05-16
7460;394;grocery list;2025-02-13
7461;1993;recipe app;2025-06-29
7462;896;job search;2025-02-04
7463;829;fitness tracker;2025-01-05
7464;1515;task manager;2025-03-10
7465;815;job search;2025-02-02
7466;1349;travel planner;2025-02-13
7467;743;crypto tracker;2025-02-25
7468;1766;recipe app;2025-04-06
7469;165;travel planner;2025-04-11
7470;346;grocery list;2025-02-10
7471;354;fitness tracker;2025-03-31
7472;18;learn english;2025-05-17
7473;376;vpn;2025-06-19
7474;1913;language learning;2025-02-13
7475;1551;crypto tracker;2025-04-25
7476;353;grocery list;2025-04-16
7477;387;travel planner;2025-03-06
7478;1804;fitness tracker;2025-06-15
7479;27;photo editor;2025-02-13
7480;1624;fitness tracker;2025-03-04
7481;1889;note taking;2025-01-23
7482;589;travel planner;2025-05-27
7483;359;puzzle games;2025-01-03
7484;1614;free games;2025-06-05
7485;1439;video editor;2025-04-11
7486;349;meditation app;2025-01-11
7487;276;video editor;2025-04-13
7488;1;note taking;2025-03-29
7489;1696;budget app;2025-05-29
7490;740;video editor;2025-02-19
7491;380;photo editor;2025-05-03
7492;1713;crypto tracker;2025-06-15
7493;81;free games;2025-03-01
7494;1259;photo editor;2025-01-13
7495;1511;photo editor;2025-05-28
7496;450;weather app;2025-04-05
7497;1563;chat app;2025-05-18
7498;1269;fitness tracker;2025-02-04
7499;329;crypto tracker;2025-04-29
7500;192;photo editor;2025-06-01
7501;456;language learning;2025-01-02
7502;1424;budget app;2025-04-18
7503;1977;free games;2025-05-16
7504;295;meditation app;2025-05-05
7505;1350;budget app;2025-03-24
7506;820;note taking;2025-04-13
7507;228;video editor;2025-01-15
7508;971;video editor;2025-02-03
7509;801;crypto tracker;2025-02-25
7510;1452;task manager;2025-04-01
7511;22;free games;2025-05-27
7512;667;weather app;2025-04-29
7513;356;chat app;2025-03-11
7514;868;photo editor;2025-04-24
7515;1692;video editor;2025-06-18
7516;301;weather app;2025-06-22
7517;228;chat app;2025-02-20
7518;1611;video editor;2025-01-30
7519;26;puzzle games;2025-03-08
7520;580;photo editor;2025-04-22
7521;614;music player;2025-02-21
7522;1466;learn english;2025-04-10
7523;715;note taking;2025-03-15
7524;239;chat app;2025-04-28
7525;366;meditation app;2025-05-01
7526;1349;language learning;2025-05-14
7527;742;job search;2025-04-18
7528;1832;budget app;2025-04-19
7529;1759;chat app;2025-03-06
7530;1238;crypto tracker;2025-02-16
7531;1278;budget app;2025-03-13
7532;1803;video editor;2025-01-18
7533;970;recipe app;2025-03-29
7534;205;task manager;2025-05-21
7535;904;free games;2025-01-23
7536;1712;job search;2025-06-08
7537;1261;travel planner;2025-02-18
7538;354;crypto tracker;2025-06-28
7539;375;budget app;2025-02-13
7540;588;grocery list;2025-02-26
7541;912;crypto tracker;2025-03-10
7542;1581;note taking;2025-01-20
7543;1575;job search;2025-02-13
7544;449;note taking;2025-03-30
7545;878;recipe app;2025-02-20
7546;1027;language learning;2025-05-27
7547;524;meditation app;2025-05-26
7548;1559;free games;2025-02-12
7549;736;crypto tracker;2025-05-18
7550;758;weather app;2025-04-07
7551;1725;music player;2025-04-18
7552;1146;travel planner;2025-01-11
7553;576;meditation app;2025-02-14
7554;406;task manager;2025-04-22
7555;1504;note taking;2025-01-17
7556;1338;free games;2025-01-01
7557;1220;recipe app;2025-02-28
7558;1026;recipe app;2025-06-10
7559;1814;recipe app;2025-05-04
7560;1520;note taking;2025-02-14
7561;188;language learning;2025-03-13
7562;481;recipe app;2025-06-01
7563;1236;free games;2025-01-09
7564;1192;weather app;2025-05-03
7565;1093;photo editor;2025-03-09
7566;1377;video editor;2025-01-13
7567;625;job search;2025-06-15
7568;1301;video editor;2025-01-25
7569;602;weather app;2025-04-27
7570;1035;task manager;2025-03-09
7571;565;chat app;2025-04-28
7572;105;language learning;2025-04-07
7573;169;grocery list;2025-04-26
7574;1727;vpn;2025-04-17
7575;526;video editor;2025-04-30
7576;270;language learning;2025-03-01
7577;828;grocery list;2025-01-18
7578;754;crypto tracker;2025-06-27
7579;179;task manager;2025-04-06
7580;1673;task manager;2025-06-05
7581;1170;budget app;2025-01-16
7582;306;meditation app;2025-05-02
7583;1894;fitness tracker;2025-05-28
7584;1727;learn english;2025-01-03
7585;1592;task manager;2025-03-20
7586;686;budget app;2025-06-28
7587;931;grocery list;2025-04-09
7588;42;crypto tracker;2025-03-02
7589;745;video editor;2025-04-20
7590;69;recipe app;2025-01-10
7591;467;weather app;2025-04-24
7592;547;video editor;2025-06-01
7593;1043;weather app;2025-02-24
7594;56;language learning;2025-05-04
7595;1321;meditation app;2025-06-20
7596;433;free games;2025-04-14
7597;965;learn english;2025-05-21
7598;1911;music player;2025-02-16
7599;1506;fitness tracker;2025-04-18
7600;841;job search;2025-05-28
7601;1316;note taking;2025-01-21
7602;1259;free games;2025-05-12
7603;926;task manager;2025-06-15
7604;1039;video editor;2025-03-26
7605;447;task manager;2025-03-26
7606;1385;puzzle games;2025-01-12
7607;794;job search;2025-02-22
7608;1173;video editor;2025-02-22
7609;624;fitness tracker;2025-06-28
7610;1055;puzzle games;2025-05-09
7611;1549;job search;2025-04-13
7612;50;recipe app;2025-06-13
7613;661;free games;2025-06-21
7614;1305;crypto tracker;2025-05-27
7615;283;music player;2025-01-31
7616;1423;meditation app;2025-01-16
7617;538;grocery list;2025-04-19
7618;1567;photo editor;2025-05-20
7619;1771;language learning;2025-06-24
7620;1482;meditation app;2025-01-08
7621;834;language learning;2025-02-22
7622;383;budget app;2025-01-18
7623;824;fitness tracker;2025-05-28
7624;1907;free games;2025-05-02
7625;393;travel planner;2025-05-29
7626;364;task manager;2025-06-07
7627;165;travel planner;2025-05-18
7628;1906;fitness tracker;2025-05-06
7629;246;grocery list;2025-02-09
7630;858;recipe app;2025-02-22
7631;1583;weather app;2025-04-29
7632;186;meditation app;2025-01-02
7633;1094;video editor;2025-03-20
7634;1251;note taking;2025-02-13
7635;830;travel planner;2025-03-16
7636;324;free games;2025-02-22
7637;1471;travel planner;2025-05-18
7638;1407;weather app;2025-01-23
7639;1382;weather app;2025-03-25
7640;620;puzzle games;2025-06-27
7641;40;learn english;2025-03-14
7642;735;travel planner;2025-06-06
7643;858;meditation app;2025-01-07
7644;780;puzzle games;2025-02-15
7645;131;puzzle games;2025-03-29
7646;1679;grocery list;2025-04-23
7647;389;free games;2025-04-05
7648;530;puzzle games;2025-05-16
7649;333;note taking;2025-03-01
7650;1150;task manager;2025-03-13
7651;1349;weather app;2025-01-14
7652;1429;music player;2025-06-27
7653;1390;photo editor;2025-04-30
7654;1485;grocery list;2025-01-29
7655;849;job search;2025-05-09
7656;1762;free games;2025-04-09
7657;1299;language learning;2025-06-14
7658;556;weather app;2025-06-23
7659;234;recipe app;2025-06-15
7660;1081;travel planner;2025-01-14
7661;211;language learning;2025-06-16
7662;1743;note taking;2025-05-29
7663;1887;music player;2025-06-17
7664;1047;photo editor;2025-03-26
7665;4;chat app;2025-04-25
7666;1587;budget app;2025-01-30
7667;975;budget app;2025-06-03
7668;320;video editor;2025-06-11
7669;612;budget app;2025-04-25
7670;1802;budget app;2025-02-22
7671;64;task manager;2025-06-11
7672;1105;budget app;2025-05-13
7673;1312;photo editor;2025-04-27
7674;327;language learning;2025-02-08
7675;1083;fitness tracker;2025-06-03
7676;1938;video editor;2025-05-21
7677;357;crypto tracker;2025-03-18
7678;1726;task manager;2025-03-25
7679;1541;free games;2025-06-19
7680;1743;free games;2025-04-28
7681;302;task manager;2025-05-10
7682;1352;travel planner;2025-03-28
7683;1949;travel planner;2025-02-17
7684;1314;meditation app;2025-06-11
7685;565;photo editor;2025-01-20
7686;859;grocery list;2025-01-01
7687;867;travel planner;2025-06-25
7688;231;puzzle games;2025-04-09
7689;1759;learn english;2025-02-13
7690;1639;job search;2025-04-14
7691;803;music player;2025-01-04
7692;1142;budget app;2025-05-16
7693;274;free games;2025-03-03
7694;1280;learn english;2025-04-27
7695;117;fitness tracker;2025-04-18
7696;399;note taking;2025-03-13
7697;552;chat app;2025-03-25
7698;1645;puzzle games;2025-04-08
7699;1291;fitness tracker;2025-06-14
7700;519;recipe app;2025-05-14
7701;1394;job search;2025-01-02
7702;167;fitness tracker;2025-01-03
7703;1507;crypto tracker;2025-06-19
7704;1906;music player;2025-03-18
7705;333;vpn;2025-02-25
7706;836;puzzle games;2025-01-05
7707;1200;photo editor;2025-02-09
7708;1960;weather app;2025-04-28
7709;746;weather app;2025-01-03
7710;375;grocery list;2025-03-10
7711;1168;meditation app;2025-04-14
7712;1686;budget app;2025-03-05
7713;1250;language learning;2025-06-16
7714;1559;meditation app;2025-01-01
7715;271;crypto tracker;2025-03-04
7716;769;recipe app;2025-02-04
7717;1730;crypto tracker;2025-01-11
7718;721;vpn;2025-02-26
7719;1431;video editor;2025-03-07
7720;1027;photo editor;2025-06-29
7721;1092;meditation app;2025-04-05
7722;1596;note taking;2025-06-23
7723;34;weather app;2025-04-13
7724;1694;note taking;2025-05-11
7725;1120;music player;2025-01-31
7726;722;travel planner;2025-04-26
7727;1021;weather app;2025-05-13
7728;757;note taking;2025-04-13
7729;842;music player;2025-02-20
7730;1968;music player;2025-03-01
7731;877;budget app;2025-04-08
7732;826;meditation app;2025-06-04
7733;1589;puzzle games;2025-05-16
7734;836;crypto tracker;2025-05-30
7735;151;music player;2025-04-06
7736;1191;crypto tracker;2025-05-26
7737;1673;job search;2025-06-20
7738;1854;fitness tracker;2025-02-04
7739;1533;budget app;2025-03-07
7740;381;puzzle games;2025-05-15
7741;793;fitness tracker;2025-02-12
7742;1969;video editor;2025-05-25
7743;1270;music player;2025-01-03
7744;787;video editor;2025-04-12
7745;149;meditation app;2025-05-26
7746;1195;video editor;2025-02-15
7747;388;vpn;2025-04-07
7748;1250;travel planner;2025-06-03
7749;1347;music player;2025-05-31
7750;1874;puzzle games;2025-05-21
7751;508;chat app;2025-03-24
7752;1540;grocery list;2025-05-03
7753;1772;language learning;2025-05-23
7754;1055;meditation app;2025-05-07
7755;924;puzzle games;2025-02-17
7756;763;video editor;2025-01-04
7757;617;learn english;2025-03-05
7758;522;task manager;2025-02-14
7759;101;task manager;2025-03-06
7760;1834;puzzle games;2025-03-05
7761;196;recipe app;2025-02-21
7762;1236;task manager;2025-02-18
7763;1999;puzzle games;2025-01-22
7764;317;music player;2025-04-14
7765;21;free games;2025-01-02
7766;1837;photo editor;2025-03-16
7767;610;budget app;2025-06-17
7768;1349;meditation app;2025-04-13
7769;301;puzzle games;2025-01-18
7770;1960;crypto tracker;2025-06-16
7771;1355;weather app;2025-01-09
7772;1784;crypto tracker;2025-05-25
7773;145;chat app;2025-03-18
7774;243;free games;2025-02-22
7775;1058;travel planner;2025-05-07
7776;659;music player;2025-06-12
7777;1728;grocery list;2025-05-01
7778;272;budget app;2025-06-01
7779;1256;grocery list;2025-04-22
7780;1320;recipe app;2025-06-21
7781;786;crypto tracker;2025-02-10
7782;1521;music player;2025-03-17
7783;1861;free games;2025-03-26
7784;1272;music player;2025-01-15
7785;1063;fitness tracker;2025-03-01
7786;690;weather app;2025-01-08
7787;1168;job search;2025-04-20
7788;877;puzzle games;2025-01-27
7789;1275;note taking;2025-05-24
7790;1855;puzzle games;2025-04-13
7791;257;travel planner;2025-05-20
7792;1887;budget app;2025-06-16
7793;1756;vpn;2025-04-13
7794;1094;music player;2025-01-02
7795;175;job search;2025-06-18
7796;747;weather app;2025-06-10
7797;1916;free games;2025-04-25
7798;1261;video editor;2025-04-15
7799;206;task manager;2025-04-21
7800;1172;recipe app;2025-05-03
7801;314;crypto tracker;2025-01-02
7802;635;weather app;2025-03-20
7803;1006;note taking;2025-01-31
7804;1456;fitness tracker;2025-03-23
7805;462;photo editor;2025-06-18
7806;398;job search;2025-06-19
7807;1268;recipe app;2025-04-14
7808;199;free games;2025-01-14
7809;1017;job search;2025-05-07
7810;403;fitness tracker;2025-01-19
7811;1017;vpn;2025-01-16
7812;463;video editor;2025-01-23
7813;1552;travel planner;2025-06-19
7814;368;budget app;2025-02-07
7815;1424;recipe app;2025-06-09
7816;1525;travel planner;2025-06-02
7817;1480;photo editor;2025-06-01
7818;407;task manager;2025-05-04
7819;397;chat app;2025-04-28
7820;83;chat app;2025-03-18
7821;1499;fitness tracker;2025-03-17
7822;1745;crypto tracker;2025-03-12
7823;1734;meditation app;2025-03-15
7824;1127;puzzle games;2025-01-01
7825;1597;note taking;2025-05-07
7826;884;free games;2025-04-24
7827;1536;grocery list;2025-04-17
7828;1774;music player;2025-02-27
7829;646;photo editor;2025-01-02
7830;1417;job search;2025-04-16
7831;659;photo editor;2025-06-05
7832;147;job search;2025-06-11
7833;70;grocery list;2025-04-02
7834;184;job search;2025-06-27
7835;490;fitness tracker;2025-05-18
7836;1215;vpn;2025-01-21
7837;549;vpn;2025-04-09
7838;395;note taking;2025-01-10
7839;1240;photo editor;2025-05-23
7840;1628;vpn;2025-05-11
7841;3;vpn;2025-03-30
7842;1116;photo editor;2025-01-25
7843;658;meditation app;2025-03-08
7844;556;puzzle games;2025-04-11
7845;1371;vpn;2025-03-05
7846;1234;learn english;2025-04-12
7847;97;job search;2025-05-02
7848;6;budget app;2025-03-14
7849;24;travel planner;2025-03-04
7850;1828;free games;2025-03-21
7851;654;crypto tracker;2025-01-31
7852;1106;note taking;2025-01-05
7853;1559;weather app;2025-06-04
7854;1891;grocery list;2025-02-08
7855;365;photo editor;2025-05-19
7856;50;chat app;2025-05-31
7857;784;language learning;2025-02-11
7858;1572;budget app;2025-03-03
7859;1053;vpn;2025-05-20
7860;1136;language learning;2025-06-25
7861;1943;note taking;2025-06-10
7862;1991;free games;2025-06-18
7863;911;grocery list;2025-05-19
7864;26;music player;2025-04-11
7865;659;fitness tracker;2025-06-05
7866;1430;recipe app;2025-01-24
7867;1989;language learning;2025-03-14
7868;1418;video editor;2025-06-03
7869;424;chat app;2025-03-02
7870;702;video editor;2025-02-03
7871;410;budget app;2025-02-18
7872;1239;meditation app;2025-03-18
7873;540;free games;2025-05-09
7874;1860;task manager;2025-01-14
7875;1561;video editor;2025-05-05
7876;88;task manager;2025-06-04
7877;1144;job search;2025-01-11
7878;1222;fitness tracker;2025-01-11
7879;1392;learn english;2025-06-03
7880;1433;puzzle games;2025-01-24
7881;1108;crypto tracker;2025-02-26
7882;162;photo editor;2025-02-21
7883;1395;music player;2025-04-10
7884;776;learn english;2025-01-25
7885;687;grocery list;2025-03-12
7886;1134;recipe app;2025-05-24
7887;97;recipe app;2025-02-11
7888;1640;language learning;2025-03-03
7889;382;learn english;2025-01-29
7890;1217;language learning;2025-01-09
7891;605;meditation app;2025-06-25
7892;1377;fitness tracker;2025-02-07
7893;38;recipe app;2025-02-27
7894;1231;job search;2025-06-23
7895;15;job search;2025-05-03
7896;1950;note taking;2025-04-04
7897;1457;note taking;2025-03-17
7898;984;budget app;2025-05-17
7899;1391;music player;2025-06-13
7900;1834;chat app;2025-01-21
7901;909;photo editor;2025-03-16
7902;800;photo editor;2025-06-08
7903;1173;recipe app;2025-03-04
7904;1181;note taking;2025-04-18
7905;1795;job search;2025-04-10
7906;836;music player;2025-04-15
7907;369;weather app;2025-03-25
7908;1440;travel planner;2025-04-07
7909;1890;free games;2025-04-04
7910;476;free games;2025-02-05
7911;1535;language learning;2025-01-19
7912;1516;grocery list;2025-03-19
7913;34;music player;2025-04-06
7914;996;grocery list;2025-04-25
7915;13;chat app;2025-04-10
7916;1059;language learning;2025-01-13
7917;678;budget app;2025-04-11
7918;485;budget app;2025-04-12
7919;811;weather app;2025-04-22
7920;1699;free games;2025-04-05
7921;91;music player;2025-05-16
7922;1817;photo editor;2025-06-15
7923;1297;video editor;2025-03-10
7924;1716;free games;2025-06-09
7925;1117;travel planner;2025-01-31
7926;23;chat app;2025-05-31
7927;90;travel planner;2025-01-31
7928;338;budget app;2025-03-02
7929;1309;free games;2025-02-06
7930;748;music player;2025-01-06
7931;1246;note taking;2025-03-28
7932;324;chat app;2025-04-28
7933;1551;vpn;2025-05-26
7934;958;puzzle games;2025-04-04
7935;474;learn english;2025-05-28
7936;1330;fitness tracker;2025-04-11
7937;86;budget app;2025-06-09
7938;1468;grocery list;2025-04-21
7939;89;music player;2025-04-29
7940;715;job search;2025-03-17
7941;1355;recipe app;2025-03-07
7942;1662;note taking;2025-06-11
7943;1210;music player;2025-01-12
7944;654;crypto tracker;2025-05-23
7945;1972;puzzle games;2025-03-14
7946;1421;crypto tracker;2025-03-26
7947;462;task manager;2025-01-24
7948;255;grocery list;2025-01-05
7949;1292;grocery list;2025-01-31
7950;1472;grocery list;2025-06-02
7951;798;vpn;2025-06-11
7952;718;task manager;2025-02-24
7953;581;crypto tracker;2025-03-26
7954;816;language learning;2025-02-10
7955;1776;fitness tracker;2025-06-02
7956;1627;vpn;2025-02-08
7957;253;job search;2025-06-07
7958;1014;budget app;2025-03-22
7959;1433;video editor;2025-04-08
7960;25;weather app;2025-04-15
7961;211;video editor;2025-02-05
7962;635;grocery list;2025-04-19
7963;63;meditation app;2025-01-03
7964;607;meditation app;2025-06-13
7965;316;video editor;2025-04-14
7966;33;music player;2025-02-20
7967;724;photo editor;2025-04-04
7968;1033;vpn;2025-01-07
7969;146;vpn;2025-02-20
7970;1395;free games;2025-01-18
7971;904;weather app;2025-06-23
7972;1487;photo editor;2025-04-19
7973;1018;learn english;2025-03-22
7974;867;budget app;2025-03-30
7975;1079;meditation app;2025-05-27
7976;127;vpn;2025-02-03
7977;368;note taking;2025-03-19
7978;154;chat app;2025-03-04
7979;1210;recipe app;2025-03-20
7980;906;travel planner;2025-03-09
7981;116;language learning;2025-03-09
7982;1499;vpn;2025-02-24
7983;199;recipe app;2025-06-27
7984;1924;meditation app;2025-05-30
7985;112;recipe app;2025-04-28
7986;253;travel planner;2025-01-21
7987;1554;task manager;2025-06-13
7988;1179;grocery list;2025-04-12
7989;891;crypto tracker;2025-04-14
7990;1190;chat app;2025-04-20
7991;677;language learning;2025-02-01
7992;1135;weather app;2025-02-19
7993;1805;recipe app;2025-06-05
7994;1014;note taking;2025-06-10
7995;1374;grocery list;2025-04-28
7996;811;grocery list;2025-01-02
7997;767;meditation app;2025-01-13
7998;1582;fitness tracker;2025-03-04
7999;1528;job search;2025-05-02
8000;1642;photo editor;2025-05-19
8001;544;weather app;2025-01-02
8002;1651;learn english;2025-05-25
8003;381;fitness tracker;2025-01-07
8004;1236;vpn;2025-04-21
8005;1002;weather app;2025-02-25
8006;389;music player;2025-06-26
8007;1447;puzzle games;2025-06-28
8008;982;chat app;2025-06-24
8009;273;chat app;2025-05-25
8010;1763;language learning;2025-03-16
8011;531;budget app;2025-02-17
8012;1779;grocery list;2025-02-04
8013;660;weather app;2025-02-11
8014;1671;language learning;2025-04-28
8015;771;puzzle games;2025-06-01
8016;1337;fitness tracker;2025-03-08
8017;339;meditation app;2025-05-02
8018;1881;weather app;2025-06-09
8019;1911;fitness tracker;2025-02-27
8020;1477;grocery list;2025-03-28
8021;1335;music player;2025-01-12
8022;280;weather app;2025-06-25
8023;374;free games;2025-05-28
8024;193;note taking;2025-06-26
8025;1;photo editor;2025-04-19
8026;1264;chat app;2025-02-28
8027;1559;fitness tracker;2025-05-13
8028;572;crypto tracker;2025-02-05
8029;436;crypto tracker;2025-05-07
8030;1352;photo editor;2025-06-04
8031;1211;task manager;2025-02-08
8032;1822;puzzle games;2025-01-03
8033;1638;job search;2025-03-26
8034;1680;recipe app;2025-01-22
8035;673;note taking;2025-06-26
8036;701;music player;2025-04-10
8037;118;meditation app;2025-03-24
8038;894;travel planner;2025-06-26
8039;1248;puzzle games;2025-01-18
8040;414;grocery list;2025-02-26
8041;255;free games;2025-01-01
8042;1468;language learning;2025-03-14
8043;504;chat app;2025-06-22
8044;317;fitness tracker;2025-04-21
8045;1281;music player;2025-02-02
8046;1010;meditation app;2025-04-30
8047;957;chat app;2025-02-22
8048;1924;photo editor;2025-04-17
8049;1816;task manager;2025-06-29
8050;1967;budget app;2025-04-12
8051;823;crypto tracker;2025-05-03
8052;58;meditation app;2025-01-01
8053;425;grocery list;2025-04-03
8054;108;weather app;2025-04-07
8055;1634;budget app;2025-03-27
8056;1259;recipe app;2025-02-13
8057;1278;task manager;2025-03-19
8058;278;crypto tracker;2025-01-22
8059;1491;budget app;2025-06-13
8060;969;crypto tracker;2025-01-14
8061;271;job search;2025-03-11
8062;38;video editor;2025-05-02
8063;1601;vpn;2025-05-10
8064;343;video editor;2025-04-27
8065;861;music player;2025-04-06
8066;1166;free games;2025-04-21
8067;1701;fitness tracker;2025-01-04
8068;1726;budget app;2025-03-04
8069;1448;language learning;2025-02-18
8070;1649;task manager;2025-06-19
8071;731;language learning;2025-03-09
8072;1938;video editor;2025-01-19
8073;580;travel planner;2025-04-25
8074;548;recipe app;2025-06-02
8075;995;travel planner;2025-02-23
8076;214;task manager;2025-02-25
8077;1203;travel planner;2025-06-23
8078;993;travel planner;2025-05-19
8079;1451;note taking;2025-06-03
8080;1618;photo editor;2025-03-07
8081;1227;task manager;2025-04-20
8082;71;travel planner;2025-06-08
8083;1821;recipe app;2025-03-22
8084;30;crypto tracker;2025-06-02
8085;1439;chat app;2025-02-06
8086;1687;video editor;2025-04-22
8087;608;chat app;2025-02-02
8088;270;weather app;2025-06-01
8089;527;language learning;2025-01-26
8090;268;learn english;2025-02-10
8091;1472;grocery list;2025-05-30
8092;1442;grocery list;2025-06-16
8093;153;learn english;2025-03-26
8094;1262;crypto tracker;2025-05-24
8095;1911;recipe app;2025-02-28
8096;516;free games;2025-01-02
8097;1434;photo editor;2025-02-16
8098;1403;meditation app;2025-04-22
8099;1519;fitness tracker;2025-02-05
8100;1863;chat app;2025-06-01
8101;1992;task manager;2025-06-30
8102;1875;crypto tracker;2025-05-08
8103;615;fitness tracker;2025-06-13
8104;331;recipe app;2025-04-12
8105;1465;meditation app;2025-05-10
8106;1426;job search;2025-01-17
8107;1736;task manager;2025-05-09
8108;1078;music player;2025-02-02
8109;420;meditation app;2025-05-15
8110;1317;grocery list;2025-06-16
8111;990;budget app;2025-03-26
8112;1347;grocery list;2025-03-16
8113;139;language learning;2025-05-14
8114;102;language learning;2025-06-28
8115;158;chat app;2025-06-28
8116;1482;note taking;2025-05-28
8117;1316;vpn;2025-04-13
8118;627;meditation app;2025-05-28
8119;1228;grocery list;2025-03-11
8120;802;free games;2025-06-23
8121;665;task manager;2025-04-20
8122;1407;meditation app;2025-06-09
8123;552;travel planner;2025-04-10
8124;395;grocery list;2025-03-03
8125;1989;free games;2025-06-08
8126;1758;meditation app;2025-02-09
8127;413;language learning;2025-01-31
8128;104;grocery list;2025-01-16
8129;1176;music player;2025-04-17
8130;172;language learning;2025-04-13
8131;272;free games;2025-01-26
8132;858;recipe app;2025-04-02
8133;1845;recipe app;2025-04-26
8134;1402;task manager;2025-04-15
8135;1948;note taking;2025-03-26
8136;1023;task manager;2025-04-13
8137;661;recipe app;2025-04-02
8138;1820;job search;2025-04-01
8139;205;fitness tracker;2025-03-07
8140;964;video editor;2025-03-12
8141;12;free games;2025-01-14
8142;792;task manager;2025-04-25
8143;692;task manager;2025-04-17
8144;1656;task manager;2025-02-03
8145;597;budget app;2025-04-02
8146;147;video editor;2025-04-08
8147;723;note taking;2025-03-25
8148;219;music player;2025-02-14
8149;1827;note taking;2025-03-19
8150;533;photo editor;2025-05-12
8151;1206;puzzle games;2025-05-01
8152;1911;crypto tracker;2025-01-02
8153;295;chat app;2025-02-21
8154;1084;video editor;2025-05-17
8155;873;free games;2025-05-12
8156;1589;weather app;2025-03-23
8157;1681;job search;2025-01-11
8158;1496;photo editor;2025-04-26
8159;41;weather app;2025-04-15
8160;398;budget app;2025-06-09
8161;611;note taking;2025-02-09
8162;1877;chat app;2025-05-12
8163;1317;video editor;2025-01-16
8164;356;budget app;2025-06-27
8165;682;budget app;2025-05-19
8166;1253;grocery list;2025-02-27
8167;63;puzzle games;2025-03-13
8168;1530;photo editor;2025-02-24
8169;552;travel planner;2025-01-04
8170;1196;video editor;2025-06-13
8171;136;puzzle games;2025-05-02
8172;1222;job search;2025-05-28
8173;1798;job search;2025-02-04
8174;1722;note taking;2025-03-28
8175;314;grocery list;2025-03-10
8176;225;chat app;2025-04-03
8177;798;puzzle games;2025-03-11
8178;1079;free games;2025-03-18
8179;651;budget app;2025-04-29
8180;420;vpn;2025-04-07
8181;1540;job search;2025-03-18
8182;1044;free games;2025-05-27
8183;660;job search;2025-06-13
8184;1309;weather app;2025-05-27
8185;515;free games;2025-03-28
8186;1198;grocery list;2025-01-12
8187;288;video editor;2025-01-01
8188;346;puzzle games;2025-03-06
8189;554;music player;2025-06-16
8190;1786;budget app;2025-03-01
8191;1986;photo editor;2025-04-01
8192;1867;task manager;2025-06-03
8193;1997;music player;2025-03-27
8194;1067;note taking;2025-06-06
8195;1724;free games;2025-04-30
8196;392;crypto tracker;2025-02-09
8197;84;weather app;2025-01-25
8198;1155;meditation app;2025-06-20
8199;942;job search;2025-03-15
8200;1091;video editor;2025-04-28
8201;743;puzzle games;2025-04-04
8202;1958;learn english;2025-06-18
8203;633;photo editor;2025-05-12
8204;1842;video editor;2025-03-10
8205;1862;task manager;2025-02-10
8206;413;free games;2025-05-09
8207;1070;music player;2025-06-05
8208;656;task manager;2025-04-12
8209;1427;task manager;2025-03-12
8210;218;travel planner;2025-04-18
8211;326;weather app;2025-06-15
8212;1570;weather app;2025-02-13
8213;1989;video editor;2025-01-08
8214;1510;vpn;2025-05-21
8215;772;puzzle games;2025-03-13
8216;340;meditation app;2025-04-18
8217;1718;job search;2025-03-16
8218;1901;task manager;2025-02-23
8219;203;meditation app;2025-02-19
8220;1434;free games;2025-04-09
8221;826;fitness tracker;2025-06-01
8222;438;photo editor;2025-04-06
8223;189;task manager;2025-01-24
8224;960;grocery list;2025-05-09
8225;307;crypto tracker;2025-02-07
8226;1816;language learning;2025-04-03
8227;1683;recipe app;2025-05-25
8228;640;video editor;2025-06-09
8229;1124;travel planner;2025-01-06
8230;1912;video editor;2025-02-09
8231;483;music player;2025-04-28
8232;1485;music player;2025-02-26
8233;1339;job search;2025-01-31
8234;923;puzzle games;2025-05-09
8235;1938;travel planner;2025-01-07
8236;311;fitness tracker;2025-02-28
8237;966;travel planner;2025-01-15
8238;74;video editor;2025-03-22
8239;1688;note taking;2025-05-19
8240;1286;meditation app;2025-01-15
8241;1375;grocery list;2025-03-13
8242;1659;meditation app;2025-04-25
8243;1190;recipe app;2025-06-30
8244;532;photo editor;2025-06-10
8245;1621;meditation app;2025-04-18
8246;1017;recipe app;2025-03-22
8247;415;travel planner;2025-05-15
8248;159;grocery list;2025-05-19
8249;1279;budget app;2025-04-26
8250;1534;chat app;2025-04-29
8251;1054;photo editor;2025-04-01
8252;1195;photo editor;2025-03-24
8253;1012;puzzle games;2025-01-15
8254;1143;travel planner;2025-03-19
8255;757;task manager;2025-06-05
8256;1561;language learning;2025-02-12
8257;830;grocery list;2025-02-23
8258;1036;note taking;2025-05-21
8259;1049;meditation app;2025-04-16
8260;421;task manager;2025-01-06
8261;1764;music player;2025-01-05
8262;1404;job search;2025-04-13
8263;163;music player;2025-03-02
8264;1216;language learning;2025-06-24
8265;223;fitness tracker;2025-01-30
8266;1917;puzzle games;2025-01-08
8267;1295;recipe app;2025-01-23
8268;1121;grocery list;2025-01-26
8269;317;travel planner;2025-06-15
8270;1617;grocery list;2025-05-14
8271;1319;language learning;2025-06-17
8272;1606;learn english;2025-05-11
8273;1571;music player;2025-01-07
8274;1329;job search;2025-01-02
8275;1875;language learning;2025-04-10
8276;1465;puzzle games;2025-01-10
8277;1789;learn english;2025-01-13
8278;932;travel planner;2025-02-03
8279;450;job search;2025-02-07
8280;1208;grocery list;2025-02-06
8281;794;grocery list;2025-06-05
8282;1830;weather app;2025-02-27
8283;563;task manager;2025-06-19
8284;1905;video editor;2025-06-19
8285;623;puzzle games;2025-04-27
8286;1887;budget app;2025-03-04
8287;1462;recipe app;2025-01-12
8288;862;job search;2025-03-25
8289;943;task manager;2025-06-07
8290;848;task manager;2025-02-27
8291;1996;chat app;2025-03-28
8292;726;meditation app;2025-01-04
8293;1640;job search;2025-04-24
8294;484;learn english;2025-02-13
8295;1721;chat app;2025-01-26
8296;662;recipe app;2025-03-29
8297;1295;budget app;2025-06-24
8298;1729;recipe app;2025-04-23
8299;1385;budget app;2025-04-02
8300;261;photo editor;2025-05-15
8301;980;puzzle games;2025-06-04
8302;1384;weather app;2025-05-13
8303;561;note taking;2025-03-09
8304;92;crypto tracker;2025-04-05
8305;1043;grocery list;2025-02-23
8306;215;photo editor;2025-03-21
8307;131;crypto tracker;2025-05-04
8308;1948;budget app;2025-06-16
8309;1884;learn english;2025-02-09
8310;1918;weather app;2025-06-15
8311;1625;recipe app;2025-01-13
8312;407;language learning;2025-05-18
8313;910;learn english;2025-03-25
8314;1286;language learning;2025-05-17
8315;1233;photo editor;2025-01-10
8316;1194;meditation app;2025-04-26
8317;1266;meditation app;2025-05-18
8318;110;music player;2025-03-01
8319;1309;crypto tracker;2025-06-10
8320;547;vpn;2025-04-20
8321;1050;crypto tracker;2025-03-09
8322;844;job search;2025-05-28
8323;1660;crypto tracker;2025-01-07
8324;1874;weather app;2025-04-19
8325;1487;video editor;2025-03-18
8326;1668;free games;2025-01-17
8327;885;chat app;2025-02-04
8328;1256;recipe app;2025-05-03
8329;448;job search;2025-05-10
8330;1356;chat app;2025-01-31
8331;728;travel planner;2025-05-08
8332;750;meditation app;2025-06-30
8333;1879;fitness tracker;2025-06-03
8334;1864;music player;2025-06-19
8335;900;weather app;2025-01-27
8336;1043;language learning;2025-05-24
8337;1586;chat app;2025-01-10
8338;280;travel planner;2025-01-23
8339;679;grocery list;2025-04-05
8340;1888;crypto tracker;2025-06-14
8341;336;weather app;2025-02-28
8342;359;crypto tracker;2025-01-24
8343;770;vpn;2025-01-18
8344;1127;vpn;2025-06-10
8345;1514;note taking;2025-05-18
8346;507;travel planner;2025-04-21
8347;1633;language learning;2025-01-07
8348;1939;meditation app;2025-02-23
8349;615;crypto tracker;2025-04-09
8350;1734;job search;2025-03-07
8351;797;fitness tracker;2025-02-01
8352;708;travel planner;2025-04-02
8353;1116;crypto tracker;2025-06-16
8354;169;job search;2025-03-10
8355;1518;puzzle games;2025-01-30
8356;870;photo editor;2025-04-24
8357;7;recipe app;2025-01-04
8358;1943;fitness tracker;2025-02-12
8359;158;task manager;2025-06-20
8360;193;language learning;2025-05-25
8361;1131;photo editor;2025-06-15
8362;1709;crypto tracker;2025-01-26
8363;467;crypto tracker;2025-03-12
8364;1368;job search;2025-04-09
8365;1432;budget app;2025-06-30
8366;1210;note taking;2025-05-24
8367;417;job search;2025-04-26
8368;590;free games;2025-02-02
8369;1212;music player;2025-05-18
8370;830;crypto tracker;2025-06-20
8371;1305;weather app;2025-02-21
8372;1579;free games;2025-02-08
8373;870;vpn;2025-01-08
8374;1178;travel planner;2025-04-09
8375;1449;fitness tracker;2025-01-30
8376;1143;chat app;2025-04-17
8377;773;meditation app;2025-04-28
8378;253;puzzle games;2025-04-07
8379;851;video editor;2025-04-22
8380;1951;photo editor;2025-01-01
8381;286;recipe app;2025-04-11
8382;1875;weather app;2025-03-13
8383;357;budget app;2025-02-04
8384;1625;music player;2025-02-04
8385;1393;weather app;2025-03-10
8386;1257;travel planner;2025-05-20
8387;82;photo editor;2025-02-23
8388;1486;meditation app;2025-04-19
8389;1135;weather app;2025-04-18
8390;1000;vpn;2025-06-08
8391;1517;free games;2025-01-25
8392;972;meditation app;2025-06-07
8393;148;recipe app;2025-02-08
8394;1302;crypto tracker;2025-03-12
8395;1668;language learning;2025-01-31
8396;562;crypto tracker;2025-01-07
8397;1264;fitness tracker;2025-02-24
8398;503;vpn;2025-01-17
8399;938;crypto tracker;2025-04-12
8400;1860;vpn;2025-04-22
8401;1806;crypto tracker;2025-02-05
8402;1779;language learning;2025-01-14
8403;226;grocery list;2025-04-09
8404;505;job search;2025-02-02
8405;778;chat app;2025-01-18
8406;1163;travel planner;2025-04-02
8407;1506;language learning;2025-06-06
8408;1298;recipe app;2025-04-02
8409;1194;fitness tracker;2025-06-13
8410;375;job search;2025-06-25
8411;899;language learning;2025-03-09
8412;1663;photo editor;2025-03-18
8413;1245;budget app;2025-01-07
8414;444;grocery list;2025-03-24
8415;6;fitness tracker;2025-03-27
8416;704;photo editor;2025-02-23
8417;1704;note taking;2025-03-15
8418;1896;note taking;2025-05-21
8419;818;job search;2025-02-06
8420;370;grocery list;2025-05-18
8421;469;travel planner;2025-01-01
8422;616;job search;2025-03-03
8423;1960;weather app;2025-01-17
8424;518;vpn;2025-03-12
8425;775;photo editor;2025-04-06
8426;1407;job search;2025-03-16
8427;1189;chat app;2025-02-08
8428;733;photo editor;2025-01-30
8429;534;travel planner;2025-04-28
8430;1078;task manager;2025-04-30
8431;1208;recipe app;2025-02-24
8432;131;music player;2025-06-26
8433;17;crypto tracker;2025-01-04
8434;1195;recipe app;2025-03-15
8435;500;meditation app;2025-05-07
8436;1333;video editor;2025-04-19
8437;195;task manager;2025-02-19
8438;107;task manager;2025-04-06
8439;1029;budget app;2025-01-16
8440;205;grocery list;2025-05-03
8441;1977;weather app;2025-01-22
8442;640;chat app;2025-05-30
8443;173;recipe app;2025-01-24
8444;1922;photo editor;2025-03-06
8445;469;video editor;2025-05-04
8446;1096;video editor;2025-02-13
8447;1293;learn english;2025-01-04
8448;996;grocery list;2025-01-20
8449;1124;meditation app;2025-01-25
8450;93;puzzle games;2025-06-21
8451;831;task manager;2025-03-23
8452;867;crypto tracker;2025-02-02
8453;678;meditation app;2025-01-14
8454;833;grocery list;2025-06-16
8455;1716;free games;2025-02-06
8456;1769;video editor;2025-05-29
8457;1345;chat app;2025-03-04
8458;1894;photo editor;2025-04-06
8459;1930;note taking;2025-02-15
8460;1448;chat app;2025-01-04
8461;828;budget app;2025-01-14
8462;379;chat app;2025-01-14
8463;379;task manager;2025-04-21
8464;1791;recipe app;2025-06-15
8465;1416;recipe app;2025-06-28
8466;39;recipe app;2025-02-05
8467;345;crypto tracker;2025-01-25
8468;197;crypto tracker;2025-02-09
8469;56;language learning;2025-04-15
8470;984;budget app;2025-01-27
8471;646;photo editor;2025-03-07
8472;655;travel planner;2025-05-25
8473;291;free games;2025-01-25
8474;1762;language learning;2025-04-19
8475;1829;weather app;2025-02-22
8476;1739;task manager;2025-02-06
8477;264;music player;2025-02-04
8478;570;budget app;2025-01-09
8479;655;weather app;2025-05-31
8480;268;fitness tracker;2025-06-20
8481;361;budget app;2025-04-06
8482;774;music player;2025-06-17
8483;57;learn english;2025-06-19
8484;1514;puzzle games;2025-01-12
8485;1742;photo editor;2025-01-30
8486;1553;chat app;2025-03-07
8487;1095;crypto tracker;2025-02-23
8488;458;travel planner;2025-01-26
8489;395;weather app;2025-06-14
8490;357;vpn;2025-02-16
8491;1059;language learning;2025-01-30
8492;1632;chat app;2025-02-10
8493;499;puzzle games;2025-03-07
8494;688;video editor;2025-06-23
8495;581;recipe app;2025-02-02
8496;444;crypto tracker;2025-02-17
8497;1026;language learning;2025-03-18
8498;1583;crypto tracker;2025-06-06
8499;907;video editor;2025-01-02
8500;355;note taking;2025-05-30
8501;1049;video editor;2025-04-20
8502;396;note taking;2025-02-14
8503;1527;budget app;2025-05-30
8504;1948;vpn;2025-03-05
8505;896;meditation app;2025-06-12
8506;1373;job search;2025-06-10
8507;1854;weather app;2025-03-12
8508;1356;travel planner;2025-05-21
8509;1305;vpn;2025-02-15
8510;1274;job search;2025-03-01
8511;730;language learning;2025-01-24
8512;686;fitness tracker;2025-04-09
8513;1966;language learning;2025-04-05
8514;1668;recipe app;2025-05-25
8515;1735;photo editor;2025-03-10
8516;1000;language learning;2025-02-10
8517;758;weather app;2025-06-13
8518;1047;budget app;2025-06-08
8519;1877;video editor;2025-04-17
8520;615;learn english;2025-03-10
8521;969;vpn;2025-02-26
8522;511;language learning;2025-05-29
8523;1430;vpn;2025-02-10
8524;591;meditation app;2025-03-11
8525;1892;language learning;2025-04-22
8526;1474;recipe app;2025-06-20
8527;478;recipe app;2025-02-23
8528;1150;travel planner;2025-06-28
8529;1412;video editor;2025-02-02
8530;1561;travel planner;2025-05-22
8531;1820;recipe app;2025-03-05
8532;316;crypto tracker;2025-02-21
8533;1797;language learning;2025-05-07
8534;1892;travel planner;2025-02-08
8535;610;learn english;2025-03-28
8536;973;photo editor;2025-02-10
8537;1313;meditation app;2025-06-15
8538;1430;video editor;2025-02-20
8539;1526;grocery list;2025-02-27
8540;664;note taking;2025-02-24
8541;1926;crypto tracker;2025-04-16
8542;1124;recipe app;2025-05-09
8543;1535;video editor;2025-03-05
8544;1370;travel planner;2025-01-07
8545;846;learn english;2025-04-11
8546;1497;grocery list;2025-02-07
8547;607;travel planner;2025-05-01
8548;1209;weather app;2025-06-07
8549;1247;grocery list;2025-06-18
8550;159;video editor;2025-01-25
8551;726;weather app;2025-06-22
8552;1939;task manager;2025-01-22
8553;208;language learning;2025-05-12
8554;1344;chat app;2025-06-27
8555;946;photo editor;2025-01-08
8556;502;free games;2025-05-08
8557;1652;chat app;2025-05-02
8558;268;language learning;2025-01-16
8559;966;fitness tracker;2025-01-02
8560;1932;learn english;2025-03-12
8561;1099;puzzle games;2025-04-19
8562;1669;job search;2025-05-22
8563;1852;free games;2025-05-23
8564;1836;music player;2025-04-09
8565;1499;note taking;2025-05-27
8566;426;learn english;2025-02-03
8567;251;crypto tracker;2025-04-12
8568;1606;chat app;2025-06-01
8569;1574;crypto tracker;2025-04-24
8570;813;fitness tracker;2025-03-24
8571;1316;note taking;2025-02-06
8572;1534;travel planner;2025-06-12
8573;337;language learning;2025-06-29
8574;608;vpn;2025-04-14
8575;421;chat app;2025-06-03
8576;223;meditation app;2025-02-05
8577;1533;travel planner;2025-05-31
8578;1292;crypto tracker;2025-01-03
8579;441;language learning;2025-05-27
8580;538;task manager;2025-06-20
8581;164;learn english;2025-02-16
8582;1315;video editor;2025-06-29
8583;1866;language learning;2025-03-16
8584;1162;meditation app;2025-01-23
8585;1271;video editor;2025-04-26
8586;1377;free games;2025-04-16
8587;1397;grocery list;2025-02-27
8588;448;recipe app;2025-02-26
8589;1229;learn english;2025-01-09
8590;215;language learning;2025-01-28
8591;348;vpn;2025-05-27
8592;57;learn english;2025-04-13
8593;1590;weather app;2025-05-26
8594;1233;note taking;2025-05-30
8595;70;photo editor;2025-02-19
8596;464;weather app;2025-03-11
8597;1991;note taking;2025-02-25
8598;976;video editor;2025-05-04
8599;1346;chat app;2025-06-25
8600;561;grocery list;2025-01-26
8601;577;budget app;2025-05-25
8602;1118;note taking;2025-01-23
8603;1492;budget app;2025-01-19
8604;1772;video editor;2025-05-07
8605;1230;chat app;2025-01-10
8606;152;note taking;2025-05-20
8607;187;learn english;2025-04-13
8608;22;crypto tracker;2025-05-29
8609;1341;travel planner;2025-06-19
8610;1347;photo editor;2025-01-07
8611;98;crypto tracker;2025-06-17
8612;1842;fitness tracker;2025-01-10
8613;309;task manager;2025-05-24
8614;1702;video editor;2025-04-17
8615;1897;learn english;2025-04-14
8616;1876;grocery list;2025-01-09
8617;1532;photo editor;2025-06-08
8618;1234;budget app;2025-03-05
8619;598;music player;2025-02-01
8620;1956;chat app;2025-03-08
8621;1028;recipe app;2025-03-19
8622;1134;note taking;2025-02-09
8623;123;chat app;2025-03-23
8624;405;photo editor;2025-04-19
8625;126;job search;2025-05-25
8626;1375;learn english;2025-05-05
8627;1715;travel planner;2025-01-26
8628;421;grocery list;2025-04-08
8629;121;photo editor;2025-03-24
8630;1613;job search;2025-01-26
8631;1752;photo editor;2025-05-07
8632;238;chat app;2025-02-04
8633;1603;learn english;2025-05-30
8634;1397;crypto tracker;2025-01-05
8635;278;crypto tracker;2025-04-29
8636;1371;free games;2025-02-11
8637;1988;task manager;2025-05-23
8638;1645;photo editor;2025-03-16
8639;189;learn english;2025-02-03
8640;1722;grocery list;2025-04-28
8641;1744;crypto tracker;2025-03-23
8642;280;job search;2025-06-28
8643;154;puzzle games;2025-02-24
8644;1987;video editor;2025-05-02
8645;1740;task manager;2025-04-05
8646;1006;language learning;2025-03-17
8647;1762;video editor;2025-02-18
8648;1240;photo editor;2025-03-03
8649;1135;photo editor;2025-01-10
8650;1881;job search;2025-03-19
8651;1259;learn english;2025-06-18
8652;777;learn english;2025-05-28
8653;587;fitness tracker;2025-03-05
8654;1314;music player;2025-01-31
8655;714;crypto tracker;2025-01-13
8656;156;weather app;2025-01-22
8657;1885;recipe app;2025-02-25
8658;679;budget app;2025-04-16
8659;1223;video editor;2025-06-19
8660;380;language learning;2025-01-18
8661;833;grocery list;2025-03-06
8662;1668;vpn;2025-03-28
8663;343;recipe app;2025-02-14
8664;1552;job search;2025-03-21
8665;1830;photo editor;2025-01-01
8666;285;vpn;2025-03-14
8667;997;photo editor;2025-04-30
8668;1196;grocery list;2025-06-02
8669;1444;puzzle games;2025-03-12
8670;1067;task manager;2025-04-02
8671;873;language learning;2025-06-04
8672;579;task manager;2025-05-26
8673;1945;puzzle games;2025-02-26
8674;120;free games;2025-04-05
8675;218;travel planner;2025-06-10
8676;1436;recipe app;2025-04-21
8677;925;vpn;2025-06-19
8678;1879;language learning;2025-02-23
8679;749;vpn;2025-05-10
8680;607;music player;2025-02-17
8681;919;photo editor;2025-04-27
8682;320;language learning;2025-04-14
8683;273;vpn;2025-04-14
8684;752;free games;2025-03-08
8685;784;free games;2025-05-02
8686;47;budget app;2025-01-22
8687;603;note taking;2025-01-29
8688;1718;weather app;2025-01-02
8689;1677;language learning;2025-05-11
8690;1328;video editor;2025-02-16
8691;534;budget app;2025-06-29
8692;1049;meditation app;2025-01-27
8693;1796;free games;2025-01-01
8694;1984;video editor;2025-04-15
8695;1109;puzzle games;2025-01-16
8696;1377;note taking;2025-01-26
8697;996;music player;2025-05-18
8698;289;free games;2025-05-01
8699;835;fitness tracker;2025-02-19
8700;1028;learn english;2025-02-01
8701;720;fitness tracker;2025-02-05
8702;470;music player;2025-05-22
8703;304;fitness tracker;2025-02-14
8704;1139;music player;2025-03-14
8705;27;grocery list;2025-03-13
8706;965;recipe app;2025-02-09
8707;1078;chat app;2025-04-02
8708;1242;travel planner;2025-06-02
8709;609;budget app;2025-01-01
8710;559;photo editor;2025-01-10
8711;1488;grocery list;2025-03-10
8712;927;puzzle games;2025-01-30
8713;468;vpn;2025-01-27
8714;1443;learn english;2025-03-05
8715;711;free games;2025-03-22
8716;398;recipe app;2025-04-24
8717;1900;music player;2025-02-12
8718;1570;task manager;2025-06-01
8719;269;free games;2025-04-22
8720;593;learn english;2025-06-13
8721;1435;vpn;2025-05-06
8722;1140;budget app;2025-06-03
8723;1555;meditation app;2025-05-15
8724;493;free games;2025-02-02
8725;1898;grocery list;2025-01-05
8726;1744;photo editor;2025-01-07
8727;1833;crypto tracker;2025-01-27
8728;1274;crypto tracker;2025-03-26
8729;497;crypto tracker;2025-01-20
8730;1256;recipe app;2025-02-02
8731;1612;task manager;2025-01-25
8732;1905;note taking;2025-03-15
8733;962;grocery list;2025-04-15
8734;1639;meditation app;2025-03-15
8735;1501;music player;2025-05-21
8736;75;fitness tracker;2025-01-22
8737;1314;task manager;2025-06-22
8738;1138;puzzle games;2025-02-27
8739;47;language learning;2025-02-26
8740;1549;vpn;2025-05-08
8741;1870;grocery list;2025-06-14
8742;1455;free games;2025-06-22
8743;466;meditation app;2025-05-23
8744;1199;learn english;2025-06-20
8745;299;learn english;2025-02-26
8746;1688;puzzle games;2025-04-24
8747;514;weather app;2025-04-14
8748;1222;travel planner;2025-01-04
8749;654;recipe app;2025-05-22
8750;662;vpn;2025-05-07
8751;1607;vpn;2025-06-01
8752;1172;crypto tracker;2025-06-28
8753;1574;free games;2025-05-20
8754;1556;note taking;2025-02-17
8755;1180;free games;2025-04-18
8756;1235;video editor;2025-05-26
8757;1306;budget app;2025-06-26
8758;611;vpn;2025-02-09
8759;1065;puzzle games;2025-05-20
8760;879;free games;2025-04-07
8761;137;budget app;2025-04-10
8762;680;video editor;2025-04-28
8763;493;weather app;2025-04-26
8764;1549;note taking;2025-04-06
8765;910;budget app;2025-01-22
8766;818;recipe app;2025-02-06
8767;910;video editor;2025-01-24
8768;1898;weather app;2025-04-18
8769;1360;grocery list;2025-01-18
8770;613;travel planner;2025-05-22
8771;120;music player;2025-04-02
8772;451;free games;2025-05-12
8773;575;chat app;2025-05-03
8774;1481;language learning;2025-06-07
8775;1258;fitness tracker;2025-06-13
8776;1256;language learning;2025-03-17
8777;552;crypto tracker;2025-04-28
8778;1585;job search;2025-02-16
8779;662;free games;2025-05-17
8780;578;fitness tracker;2025-03-03
8781;1524;music player;2025-03-06
8782;357;chat app;2025-03-19
8783;1050;free games;2025-01-09
8784;561;photo editor;2025-04-27
8785;1453;music player;2025-03-20
8786;227;recipe app;2025-03-29
8787;506;language learning;2025-06-03
8788;222;recipe app;2025-05-17
8789;693;recipe app;2025-04-28
8790;578;travel planner;2025-01-08
8791;787;fitness tracker;2025-05-08
8792;1154;language learning;2025-01-04
8793;333;note taking;2025-02-12
8794;756;meditation app;2025-01-16
8795;490;chat app;2025-02-26
8796;1346;music player;2025-06-08
8797;1628;recipe app;2025-06-22
8798;1229;crypto tracker;2025-04-02
8799;372;weather app;2025-01-22
8800;660;grocery list;2025-02-05
8801;1076;language learning;2025-02-27
8802;95;note taking;2025-01-06
8803;1868;music player;2025-06-04
8804;892;language learning;2025-02-17
8805;1854;puzzle games;2025-06-03
8806;186;meditation app;2025-02-10
8807;204;job search;2025-03-17
8808;1949;fitness tracker;2025-06-03
8809;285;music player;2025-01-07
8810;619;photo editor;2025-04-15
8811;951;grocery list;2025-02-15
8812;1854;learn english;2025-04-02
8813;1402;weather app;2025-06-01
8814;361;language learning;2025-04-08
8815;1238;chat app;2025-05-02
8816;1759;free games;2025-04-12
8817;454;music player;2025-04-01
8818;1540;budget app;2025-02-25
8819;249;weather app;2025-05-31
8820;322;task manager;2025-01-12
8821;619;grocery list;2025-04-02
8822;16;fitness tracker;2025-02-08
8823;93;video editor;2025-01-25
8824;1376;travel planner;2025-01-13
8825;218;travel planner;2025-03-03
8826;1317;weather app;2025-02-24
8827;766;puzzle games;2025-02-27
8828;1003;puzzle games;2025-05-05
8829;174;puzzle games;2025-01-16
8830;5;budget app;2025-06-15
8831;45;fitness tracker;2025-05-29
8832;1328;recipe app;2025-04-21
8833;204;language learning;2025-02-07
8834;378;recipe app;2025-04-07
8835;1466;note taking;2025-06-29
8836;1009;photo editor;2025-05-12
8837;1516;vpn;2025-04-01
8838;1987;puzzle games;2025-03-21
8839;6;meditation app;2025-05-29
8840;1274;music player;2025-02-28
8841;1;crypto tracker;2025-03-30
8842;1489;chat app;2025-02-04
8843;1522;weather app;2025-01-22
8844;1971;language learning;2025-06-16
8845;1286;meditation app;2025-04-30
8846;1877;grocery list;2025-01-20
8847;584;recipe app;2025-04-07
8848;594;meditation app;2025-03-15
8849;1716;weather app;2025-04-24
8850;27;learn english;2025-06-07
8851;606;vpn;2025-02-20
8852;1388;puzzle games;2025-06-29
8853;1869;learn english;2025-01-21
8854;1373;meditation app;2025-05-08
8855;877;video editor;2025-04-20
8856;697;budget app;2025-03-30
8857;363;job search;2025-06-15
8858;1836;video editor;2025-01-18
8859;257;free games;2025-05-28
8860;328;grocery list;2025-01-23
8861;1683;recipe app;2025-05-03
8862;1122;budget app;2025-04-15
8863;1357;photo editor;2025-06-09
8864;123;music player;2025-02-03
8865;504;photo editor;2025-06-22
8866;234;language learning;2025-05-03
8867;1283;grocery list;2025-06-24
8868;1900;meditation app;2025-01-07
8869;792;job search;2025-06-11
8870;876;chat app;2025-03-27
8871;504;music player;2025-02-08
8872;407;job search;2025-02-01
8873;1105;vpn;2025-05-30
8874;319;photo editor;2025-02-05
8875;776;task manager;2025-03-14
8876;1326;task manager;2025-04-05
8877;849;weather app;2025-05-08
8878;172;photo editor;2025-03-15
8879;1733;music player;2025-06-05
8880;639;chat app;2025-01-06
8881;83;free games;2025-03-04
8882;929;recipe app;2025-03-04
8883;1167;grocery list;2025-05-25
8884;1860;music player;2025-03-04
8885;1440;photo editor;2025-02-23
8886;294;note taking;2025-04-22
8887;706;puzzle games;2025-06-18
8888;1283;task manager;2025-04-08
8889;779;puzzle games;2025-02-23
8890;260;job search;2025-05-18
8891;1462;note taking;2025-01-27
8892;1006;grocery list;2025-02-21
8893;1642;job search;2025-04-16
8894;702;travel planner;2025-01-19
8895;1808;recipe app;2025-02-23
8896;1883;task manager;2025-02-05
8897;85;learn english;2025-01-26
8898;1596;note taking;2025-06-20
8899;1784;free games;2025-04-10
8900;1647;vpn;2025-02-11
8901;1435;video editor;2025-04-11
8902;600;fitness tracker;2025-04-21
8903;912;weather app;2025-04-05
8904;131;music player;2025-05-05
8905;375;note taking;2025-03-22
8906;1932;vpn;2025-02-26
8907;1971;weather app;2025-05-06
8908;1946;vpn;2025-06-22
8909;804;recipe app;2025-04-09
8910;1257;job search;2025-04-16
8911;533;task manager;2025-04-23
8912;1048;crypto tracker;2025-05-31
8913;873;fitness tracker;2025-02-12
8914;571;travel planner;2025-03-15
8915;1451;vpn;2025-01-31
8916;45;crypto tracker;2025-04-15
8917;1281;music player;2025-03-22
8918;12;video editor;2025-05-29
8919;266;travel planner;2025-04-18
8920;670;language learning;2025-05-17
8921;1903;recipe app;2025-01-29
8922;293;budget app;2025-04-18
8923;1569;music player;2025-04-25
8924;1794;video editor;2025-05-07
8925;368;puzzle games;2025-03-01
8926;1515;recipe app;2025-06-29
8927;45;puzzle games;2025-04-23
8928;1197;chat app;2025-03-07
8929;1403;note taking;2025-02-05
8930;150;music player;2025-05-28
8931;226;crypto tracker;2025-04-22
8932;1780;vpn;2025-01-02
8933;382;music player;2025-02-20
8934;600;job search;2025-04-29
8935;1127;free games;2025-03-15
8936;1866;vpn;2025-05-07
8937;1481;travel planner;2025-04-29
8938;1758;music player;2025-04-06
8939;239;task manager;2025-03-16
8940;1430;budget app;2025-04-28
8941;50;chat app;2025-02-28
8942;1331;puzzle games;2025-05-16
8943;275;photo editor;2025-03-16
8944;928;grocery list;2025-06-24
8945;1723;music player;2025-03-04
8946;396;meditation app;2025-06-15
8947;1498;music player;2025-06-27
8948;115;travel planner;2025-06-28
8949;1441;note taking;2025-03-23
8950;132;language learning;2025-05-05
8951;820;meditation app;2025-01-04
8952;810;chat app;2025-04-15
8953;1291;weather app;2025-06-21
8954;288;task manager;2025-04-20
8955;411;free games;2025-01-29
8956;138;music player;2025-02-08
8957;56;budget app;2025-06-23
8958;1061;crypto tracker;2025-05-09
8959;1881;note taking;2025-02-02
8960;795;note taking;2025-05-20
8961;417;chat app;2025-02-24
8962;867;meditation app;2025-06-22
8963;1181;language learning;2025-01-06
8964;1940;task manager;2025-02-12
8965;1923;grocery list;2025-06-04
8966;831;job search;2025-06-13
8967;176;chat app;2025-04-08
8968;18;recipe app;2025-06-13
8969;1387;note taking;2025-06-05
8970;1879;crypto tracker;2025-04-22
8971;1796;puzzle games;2025-02-04
8972;50;grocery list;2025-04-05
8973;1879;video editor;2025-03-13
8974;1164;budget app;2025-01-30
8975;1776;chat app;2025-02-07
8976;536;puzzle games;2025-04-05
8977;1564;photo editor;2025-05-25
8978;1906;chat app;2025-04-06
8979;103;free games;2025-01-20
8980;222;recipe app;2025-03-16
8981;802;learn english;2025-05-02
8982;707;task manager;2025-06-26
8983;1833;budget app;2025-05-19
8984;1798;budget app;2025-02-25
8985;1949;task manager;2025-05-11
8986;1182;budget app;2025-03-15
8987;523;photo editor;2025-01-16
8988;578;budget app;2025-03-11
8989;496;photo editor;2025-03-31
8990;831;language learning;2025-05-11
8991;697;photo editor;2025-06-25
8992;438;recipe app;2025-02-18
8993;1070;learn english;2025-03-12
8994;1055;chat app;2025-05-03
8995;636;meditation app;2025-03-23
8996;722;task manager;2025-01-13
8997;404;budget app;2025-06-09
8998;1310;free games;2025-01-27
8999;1889;language learning;2025-05-13
9000;1908;recipe app;2025-04-08
9001;578;meditation app;2025-01-29
9002;998;meditation app;2025-05-21
9003;538;budget app;2025-01-24
9004;1971;puzzle games;2025-01-10
9005;317;meditation app;2025-06-18
9006;211;language learning;2025-06-05
9007;1080;grocery list;2025-06-15
9008;1441;chat app;2025-05-04
9009;1438;learn english;2025-04-22
9010;192;learn english;2025-04-04
9011;1057;language learning;2025-04-19
9012;1637;task manager;2025-04-19
9013;232;photo editor;2025-05-26
9014;1170;job search;2025-04-09
9015;899;vpn;2025-05-29
9016;1508;task manager;2025-02-21
9017;1360;chat app;2025-02-10
9018;848;photo editor;2025-05-02
9019;1782;budget app;2025-03-24
9020;1772;free games;2025-03-27
9021;1986;grocery list;2025-02-23
9022;768;chat app;2025-03-07
9023;731;grocery list;2025-01-18
9024;1205;vpn;2025-04-19
9025;671;meditation app;2025-06-30
9026;308;grocery list;2025-04-05
9027;506;vpn;2025-03-03
9028;507;travel planner;2025-06-17
9029;1216;task manager;2025-02-11
9030;579;fitness tracker;2025-04-10
9031;820;music player;2025-01-25
9032;959;job search;2025-03-27
9033;1146;budget app;2025-01-18
9034;1396;recipe app;2025-05-19
9035;1668;note taking;2025-04-19
9036;877;grocery list;2025-05-05
9037;1239;chat app;2025-01-02
9038;1669;chat app;2025-01-02
9039;311;task manager;2025-03-29
9040;419;fitness tracker;2025-04-29
9041;367;job search;2025-04-09
9042;881;travel planner;2025-05-24
9043;1662;weather app;2025-03-07
9044;649;photo editor;2025-06-13
9045;760;budget app;2025-02-12
9046;656;music player;2025-05-13
9047;760;crypto tracker;2025-04-20
9048;219;weather app;2025-01-02
9049;1647;grocery list;2025-04-30
9050;1676;chat app;2025-01-02
9051;1097;travel planner;2025-05-01
9052;257;free games;2025-06-13
9053;936;weather app;2025-05-23
9054;1772;fitness tracker;2025-05-04
9055;1625;job search;2025-05-01
9056;934;learn english;2025-01-31
9057;1800;task manager;2025-03-16
9058;288;recipe app;2025-02-02
9059;1420;job search;2025-06-17
9060;1033;language learning;2025-02-20
9061;3;puzzle games;2025-01-16
9062;18;meditation app;2025-01-22
9063;300;photo editor;2025-01-13
9064;1695;music player;2025-03-13
9065;289;chat app;2025-03-17
9066;1383;crypto tracker;2025-05-06
9067;444;budget app;2025-03-31
9068;1514;job search;2025-06-27
9069;1357;meditation app;2025-05-01
9070;193;puzzle games;2025-04-20
9071;1915;learn english;2025-06-23
9072;1188;travel planner;2025-06-11
9073;973;learn english;2025-04-07
9074;748;puzzle games;2025-04-22
9075;717;language learning;2025-04-14
9076;1577;meditation app;2025-04-15
9077;607;budget app;2025-06-05
9078;1249;language learning;2025-05-15
9079;1751;weather app;2025-02-19
9080;589;note taking;2025-01-05
9081;36;puzzle games;2025-04-04
9082;312;fitness tracker;2025-03-14
9083;1936;music player;2025-06-22
9084;778;vpn;2025-02-20
9085;1599;meditation app;2025-06-09
9086;411;fitness tracker;2025-02-02
9087;1716;photo editor;2025-05-29
9088;156;note taking;2025-03-04
9089;1278;free games;2025-04-28
9090;44;vpn;2025-06-27
9091;583;job search;2025-06-21
9092;499;video editor;2025-01-13
9093;1562;learn english;2025-03-27
9094;1010;travel planner;2025-01-30
9095;170;recipe app;2025-01-10
9096;1527;learn english;2025-01-12
9097;142;language learning;2025-02-08
9098;859;free games;2025-01-08
9099;1033;budget app;2025-02-04
9100;822;vpn;2025-05-24
9101;1172;chat app;2025-06-21
9102;536;meditation app;2025-03-28
9103;1225;meditation app;2025-05-23
9104;1882;chat app;2025-02-26
9105;653;crypto tracker;2025-05-10
9106;1025;chat app;2025-04-02
9107;1008;photo editor;2025-06-03
9108;383;learn english;2025-03-14
9109;1169;language learning;2025-05-01
9110;1168;photo editor;2025-03-06
9111;788;weather app;2025-05-10
9112;1893;video editor;2025-06-12
9113;794;crypto tracker;2025-06-23
9114;1704;weather app;2025-02-09
9115;47;chat app;2025-01-24
9116;1931;job search;2025-06-27
9117;285;video editor;2025-04-19
9118;748;music player;2025-05-13
9119;291;crypto tracker;2025-04-11
9120;1104;recipe app;2025-03-09
9121;1758;travel planner;2025-02-12
9122;1476;job search;2025-06-21
9123;264;crypto tracker;2025-01-01
9124;81;budget app;2025-06-26
9125;1804;music player;2025-01-06
9126;1119;language learning;2025-06-20
9127;102;photo editor;2025-03-19
9128;1366;language learning;2025-01-05
9129;655;photo editor;2025-05-31
9130;50;grocery list;2025-03-28
9131;574;chat app;2025-02-06
9132;1015;learn english;2025-04-13
9133;1955;chat app;2025-01-15
9134;1801;chat app;2025-03-02
9135;656;video editor;2025-06-17
9136;1863;chat app;2025-04-08
9137;1226;chat app;2025-01-04
9138;184;budget app;2025-01-15
9139;1480;budget app;2025-05-31
9140;108;task manager;2025-06-02
9141;1206;weather app;2025-01-17
9142;1133;meditation app;2025-05-14
9143;234;free games;2025-03-21
9144;1749;grocery list;2025-01-12
9145;356;task manager;2025-06-14
9146;1943;weather app;2025-03-27
9147;1432;note taking;2025-01-17
9148;687;grocery list;2025-06-03
9149;1549;fitness tracker;2025-06-09
9150;1399;budget app;2025-06-09
9151;1515;weather app;2025-01-13
9152;1892;note taking;2025-06-30
9153;452;meditation app;2025-04-17
9154;870;photo editor;2025-03-04
9155;1578;video editor;2025-04-11
9156;349;grocery list;2025-06-14
9157;51;task manager;2025-01-22
9158;288;music player;2025-06-22
9159;1301;video editor;2025-05-14
9160;137;vpn;2025-05-27
9161;621;meditation app;2025-06-28
9162;526;meditation app;2025-01-01
9163;1786;vpn;2025-02-26
9164;151;photo editor;2025-01-10
9165;715;grocery list;2025-02-24
9166;1382;weather app;2025-01-03
9167;1766;puzzle games;2025-04-21
9168;1019;chat app;2025-06-04
9169;918;puzzle games;2025-05-09
9170;595;music player;2025-01-25
9171;1143;travel planner;2025-02-01
9172;1530;crypto tracker;2025-02-05
9173;1367;video editor;2025-06-05
9174;477;job search;2025-04-15
9175;1503;vpn;2025-06-15
9176;59;learn english;2025-04-14
9177;1664;job search;2025-04-20
9178;981;learn english;2025-05-11
9179;1015;job search;2025-04-12
9180;1782;music player;2025-06-18
9181;1088;grocery list;2025-02-25
9182;838;weather app;2025-04-21
9183;1116;task manager;2025-06-20
9184;1366;vpn;2025-01-07
9185;180;language learning;2025-06-13
9186;331;meditation app;2025-04-13
9187;353;travel planner;2025-02-10
9188;377;video editor;2025-04-21
9189;891;meditation app;2025-05-12
9190;1702;task manager;2025-01-03
9191;1168;chat app;2025-04-25
9192;1319;language learning;2025-01-22
9193;1945;language learning;2025-03-25
9194;347;fitness tracker;2025-05-21
9195;1878;puzzle games;2025-06-23
9196;1827;grocery list;2025-06-05
9197;2;meditation app;2025-03-16
9198;1190;travel planner;2025-03-03
9199;1656;recipe app;2025-05-25
9200;1097;learn english;2025-02-04
9201;663;recipe app;2025-06-09
9202;977;job search;2025-04-30
9203;312;video editor;2025-03-24
9204;1996;puzzle games;2025-05-07
9205;779;crypto tracker;2025-01-07
9206;1125;chat app;2025-05-23
9207;757;grocery list;2025-01-07
9208;650;free games;2025-01-19
9209;1881;crypto tracker;2025-02-01
9210;1584;meditation app;2025-01-28
9211;1827;language learning;2025-03-26
9212;989;grocery list;2025-05-30
9213;386;travel planner;2025-01-18
9214;1953;music player;2025-06-01
9215;1961;vpn;2025-04-12
9216;719;photo editor;2025-05-17
9217;1092;meditation app;2025-01-21
9218;1328;learn english;2025-03-20
9219;1077;video editor;2025-01-11
9220;115;vpn;2025-01-12
9221;9;puzzle games;2025-02-17
9222;537;note taking;2025-06-02
9223;1442;fitness tracker;2025-05-14
9224;1942;meditation app;2025-05-24
9225;1711;job search;2025-03-31
9226;1310;meditation app;2025-01-13
9227;1283;weather app;2025-06-14
9228;35;music player;2025-05-31
9229;402;free games;2025-02-01
9230;209;music player;2025-03-29
9231;1298;free games;2025-01-17
9232;1319;task manager;2025-04-11
9233;1712;budget app;2025-05-07
9234;564;fitness tracker;2025-05-27
9235;1545;free games;2025-04-13
9236;1355;puzzle games;2025-03-30
9237;306;fitness tracker;2025-02-11
9238;466;chat app;2025-04-15
9239;1239;chat app;2025-01-31
9240;1299;grocery list;2025-01-05
9241;788;fitness tracker;2025-01-11
9242;28;job search;2025-06-13
9243;401;free games;2025-02-04
9244;1664;note taking;2025-02-14
9245;1853;language learning;2025-06-16
9246;1456;video editor;2025-02-05
9247;532;travel planner;2025-04-26
9248;745;weather app;2025-05-01
9249;1936;crypto tracker;2025-01-07
9250;1429;recipe app;2025-05-07
9251;1811;photo editor;2025-06-14
9252;1562;note taking;2025-03-20
9253;801;puzzle games;2025-04-05
9254;1846;video editor;2025-06-23
9255;1592;job search;2025-03-07
9256;102;language learning;2025-05-19
9257;1850;job search;2025-02-23
9258;742;crypto tracker;2025-03-06
9259;1925;vpn;2025-02-26
9260;521;recipe app;2025-01-17
9261;575;language learning;2025-06-17
9262;879;grocery list;2025-05-18
9263;1358;video editor;2025-04-01
9264;1900;task manager;2025-02-20
9265;1365;note taking;2025-05-10
9266;407;crypto tracker;2025-05-24
9267;1519;weather app;2025-06-19
9268;1925;vpn;2025-06-17
9269;1121;video editor;2025-06-11
9270;328;video editor;2025-05-07
9271;443;video editor;2025-04-11
9272;1700;crypto tracker;2025-05-13
9273;642;weather app;2025-02-09
9274;61;meditation app;2025-05-02
9275;748;task manager;2025-05-01
9276;10;task manager;2025-06-05
9277;596;weather app;2025-02-10
9278;1584;video editor;2025-06-06
9279;1149;chat app;2025-06-18
9280;1699;note taking;2025-03-18
9281;500;video editor;2025-06-02
9282;1415;recipe app;2025-05-18
9283;65;vpn;2025-01-07
9284;1563;crypto tracker;2025-03-23
9285;1638;budget app;2025-04-03
9286;1477;budget app;2025-06-02
9287;359;grocery list;2025-03-10
9288;822;meditation app;2025-02-12
9289;1501;free games;2025-01-14
9290;938;chat app;2025-03-13
9291;353;puzzle games;2025-02-20
9292;1162;budget app;2025-06-28
9293;958;meditation app;2025-02-28
9294;1874;job search;2025-02-06
9295;1730;travel planner;2025-03-22
9296;553;vpn;2025-06-20
9297;1288;free games;2025-03-03
9298;1152;free games;2025-01-17
9299;864;music player;2025-03-27
9300;1146;vpn;2025-01-29
9301;726;budget app;2025-06-23
9302;272;free games;2025-03-18
9303;704;free games;2025-06-18
9304;379;grocery list;2025-01-25
9305;639;chat app;2025-03-29
9306;465;photo editor;2025-02-05
9307;1862;meditation app;2025-06-02
9308;543;weather app;2025-02-27
9309;1538;job search;2025-06-08
9310;1759;recipe app;2025-02-18
9311;162;learn english;2025-01-29
9312;292;weather app;2025-06-18
9313;723;travel planner;2025-01-08
9314;563;fitness tracker;2025-04-13
9315;734;fitness tracker;2025-04-28
9316;1674;note taking;2025-02-08
9317;1130;video editor;2025-06-22
9318;779;fitness tracker;2025-06-20
9319;705;learn english;2025-06-27
9320;105;task manager;2025-04-04
9321;1016;weather app;2025-05-16
9322;395;grocery list;2025-06-23
9323;717;vpn;2025-03-16
9324;701;photo editor;2025-03-08
9325;1295;video editor;2025-01-11
9326;1635;puzzle games;2025-06-10
9327;166;travel planner;2025-03-01
9328;664;learn english;2025-01-21
9329;977;crypto tracker;2025-03-30
9330;1698;vpn;2025-03-22
9331;1548;weather app;2025-06-26
9332;930;budget app;2025-04-17
9333;278;job search;2025-02-17
9334;1114;learn english;2025-04-17
9335;934;chat app;2025-03-05
9336;906;note taking;2025-04-09
9337;196;music player;2025-01-23
9338;1368;recipe app;2025-05-02
9339;768;video editor;2025-02-12
9340;1559;video editor;2025-03-07
9341;1809;learn english;2025-02-14
9342;1543;video editor;2025-01-08
9343;1053;note taking;2025-05-15
9344;243;task manager;2025-06-17
9345;906;language learning;2025-02-10
9346;29;travel planner;2025-06-09
9347;1911;budget app;2025-04-19
9348;1170;weather app;2025-01-22
9349;1236;video editor;2025-03-03
9350;42;weather app;2025-06-08
9351;1225;recipe app;2025-01-19
9352;893;job search;2025-01-16
9353;637;recipe app;2025-01-09
9354;1459;recipe app;2025-06-07
9355;1683;travel planner;2025-05-19
9356;293;music player;2025-06-23
9357;1442;video editor;2025-04-23
9358;467;learn english;2025-02-14
9359;1951;chat app;2025-03-13
9360;1601;weather app;2025-05-16
9361;1884;grocery list;2025-05-16
9362;1961;budget app;2025-03-20
9363;1029;vpn;2025-01-24
9364;1347;crypto tracker;2025-06-16
9365;312;budget app;2025-02-07
9366;757;puzzle games;2025-03-04
9367;821;crypto tracker;2025-04-04
9368;95;music player;2025-05-22
9369;360;weather app;2025-01-28
9370;505;note taking;2025-02-03
9371;966;vpn;2025-04-05
9372;905;language learning;2025-04-30
9373;379;puzzle games;2025-06-06
9374;131;learn english;2025-03-26
9375;600;travel planner;2025-01-07
9376;1533;crypto tracker;2025-06-10
9377;530;chat app;2025-01-22
9378;1068;chat app;2025-06-15
9379;613;weather app;2025-04-22
9380;1809;puzzle games;2025-04-06
9381;461;photo editor;2025-01-10
9382;1405;fitness tracker;2025-06-20
9383;1199;job search;2025-05-04
9384;244;learn english;2025-03-24
9385;33;video editor;2025-02-07
9386;1400;travel planner;2025-01-30
9387;1943;meditation app;2025-06-04
9388;260;language learning;2025-03-28
9389;1657;photo editor;2025-04-26
9390;438;fitness tracker;2025-05-11
9391;229;video editor;2025-02-06
9392;1404;puzzle games;2025-01-22
9393;1523;budget app;2025-05-09
9394;1002;weather app;2025-06-08
9395;319;fitness tracker;2025-01-26
9396;1216;grocery list;2025-03-05
9397;814;travel planner;2025-01-20
9398;1612;recipe app;2025-04-24
9399;447;meditation app;2025-04-22
9400;1594;job search;2025-01-30
9401;1583;free games;2025-04-02
9402;281;travel planner;2025-05-12
9403;1398;meditation app;2025-05-05
9404;3;meditation app;2025-06-14
9405;599;vpn;2025-06-02
9406;1517;puzzle games;2025-01-21
9407;765;chat app;2025-01-15
9408;521;note taking;2025-03-23
9409;105;free games;2025-02-15
9410;13;music player;2025-06-15
9411;773;task manager;2025-03-04
9412;1148;job search;2025-05-23
9413;1256;budget app;2025-02-24
9414;1526;crypto tracker;2025-06-13
9415;710;budget app;2025-02-13
9416;1218;recipe app;2025-05-09
9417;819;meditation app;2025-04-12
9418;97;weather app;2025-06-16
9419;1596;budget app;2025-03-11
9420;18;puzzle games;2025-02-22
9421;560;video editor;2025-06-25
9422;1413;meditation app;2025-06-23
9423;713;crypto tracker;2025-06-10
9424;141;grocery list;2025-02-07
9425;492;video editor;2025-05-19
9426;1035;learn english;2025-01-12
9427;155;weather app;2025-05-21
9428;1362;music player;2025-04-25
9429;354;photo editor;2025-01-13
9430;1785;recipe app;2025-01-26
9431;500;weather app;2025-03-13
9432;769;budget app;2025-01-26
9433;1118;crypto tracker;2025-02-10
9434;305;free games;2025-01-26
9435;482;grocery list;2025-06-18
9436;1121;fitness tracker;2025-04-03
9437;1631;weather app;2025-02-14
9438;65;grocery list;2025-02-20
9439;1404;photo editor;2025-06-22
9440;793;task manager;2025-02-01
9441;1483;video editor;2025-02-26
9442;851;free games;2025-03-02
9443;1101;travel planner;2025-06-23
9444;1368;photo editor;2025-06-16
9445;1922;job search;2025-03-04
9446;1512;language learning;2025-06-03
9447;26;meditation app;2025-05-11
9448;1214;crypto tracker;2025-06-15
9449;996;video editor;2025-05-04
9450;378;budget app;2025-01-11
9451;48;vpn;2025-02-03
9452;166;note taking;2025-06-28
9453;1469;learn english;2025-01-13
9454;1980;job search;2025-01-03
9455;936;learn english;2025-04-22
9456;495;note taking;2025-05-24
9457;748;free games;2025-06-17
9458;1375;grocery list;2025-06-05
9459;657;learn english;2025-02-16
9460;444;meditation app;2025-01-02
9461;1084;vpn;2025-01-21
9462;1567;learn english;2025-05-30
9463;1544;photo editor;2025-06-09
9464;543;crypto tracker;2025-04-03
9465;532;vpn;2025-04-18
9466;1241;job search;2025-02-06
9467;1264;language learning;2025-03-30
9468;694;language learning;2025-01-30
9469;1229;fitness tracker;2025-04-27
9470;877;job search;2025-01-21
9471;484;meditation app;2025-04-25
9472;1504;learn english;2025-06-26
9473;1547;task manager;2025-05-09
9474;851;music player;2025-04-19
9475;493;travel planner;2025-04-01
9476;821;learn english;2025-02-04
9477;1520;language learning;2025-04-08
9478;1892;meditation app;2025-05-20
9479;449;free games;2025-04-06
9480;745;job search;2025-02-23
9481;940;learn english;2025-02-20
9482;1116;task manager;2025-05-03
9483;1531;crypto tracker;2025-01-12
9484;340;music player;2025-02-25
9485;1408;crypto tracker;2025-06-20
9486;780;photo editor;2025-03-19
9487;609;language learning;2025-04-08
9488;361;job search;2025-04-19
9489;420;chat app;2025-01-01
9490;608;learn english;2025-01-19
9491;1650;meditation app;2025-04-17
9492;1596;learn english;2025-06-25
9493;611;fitness tracker;2025-06-10
9494;1375;learn english;2025-04-06
9495;381;crypto tracker;2025-05-11
9496;465;learn english;2025-06-03
9497;813;grocery list;2025-04-18
9498;425;video editor;2025-03-09
9499;982;free games;2025-03-06
9500;796;recipe app;2025-04-07
9501;1104;travel planner;2025-04-10
9502;1215;task manager;2025-05-04
9503;1899;free games;2025-02-25
9504;773;grocery list;2025-05-24
9505;1597;weather app;2025-01-01
9506;58;note taking;2025-05-19
9507;451;job search;2025-06-24
9508;1236;weather app;2025-04-13
9509;1493;weather app;2025-06-26
9510;1727;photo editor;2025-03-30
9511;1181;fitness tracker;2025-02-07
9512;1597;puzzle games;2025-01-30
9513;1355;fitness tracker;2025-05-04
9514;1915;budget app;2025-04-09
9515;676;puzzle games;2025-02-27
9516;574;photo editor;2025-01-12
9517;1860;note taking;2025-01-13
9518;773;music player;2025-05-29
9519;193;photo editor;2025-05-20
9520;926;fitness tracker;2025-02-02
9521;1052;fitness tracker;2025-03-13
9522;983;learn english;2025-05-13
9523;395;free games;2025-01-23
9524;1099;learn english;2025-04-25
9525;1427;travel planner;2025-04-13
9526;1336;budget app;2025-05-03
9527;686;meditation app;2025-05-15
9528;1256;task manager;2025-06-17
9529;517;travel planner;2025-05-03
9530;1832;crypto tracker;2025-05-29
9531;1259;meditation app;2025-06-09
9532;1230;budget app;2025-03-22
9533;331;music player;2025-01-28
9534;1005;learn english;2025-01-29
9535;572;grocery list;2025-04-15
9536;1620;recipe app;2025-04-17
9537;729;task manager;2025-01-25
9538;1133;puzzle games;2025-05-17
9539;1358;learn english;2025-01-03
9540;887;photo editor;2025-05-07
9541;433;recipe app;2025-04-15
9542;1765;weather app;2025-01-25
9543;836;chat app;2025-01-25
9544;345;puzzle games;2025-04-29
9545;1957;vpn;2025-04-01
9546;919;fitness tracker;2025-04-17
9547;212;video editor;2025-06-02
9548;625;puzzle games;2025-04-16
9549;447;job search;2025-05-24
9550;1039;photo editor;2025-01-23
9551;1176;chat app;2025-05-15
9552;1747;travel planner;2025-06-15
9553;1190;travel planner;2025-01-14
9554;803;task manager;2025-02-12
9555;1429;budget app;2025-01-30
9556;1564;chat app;2025-06-14
9557;1687;free games;2025-05-08
9558;158;video editor;2025-05-07
9559;713;chat app;2025-06-24
9560;1425;fitness tracker;2025-01-30
9561;797;weather app;2025-06-26
9562;399;video editor;2025-01-31
9563;1644;weather app;2025-01-20
9564;963;puzzle games;2025-05-15
9565;675;note taking;2025-05-29
9566;76;budget app;2025-03-21
9567;1412;puzzle games;2025-01-15
9568;497;job search;2025-06-22
9569;335;puzzle games;2025-04-02
9570;1536;crypto tracker;2025-04-06
9571;1057;recipe app;2025-05-09
9572;461;recipe app;2025-06-27
9573;863;weather app;2025-06-24
9574;1225;travel planner;2025-05-21
9575;1554;learn english;2025-02-09
9576;987;note taking;2025-02-25
9577;1237;music player;2025-02-07
9578;1866;recipe app;2025-03-29
9579;217;meditation app;2025-03-11
9580;143;puzzle games;2025-06-29
9581;1516;fitness tracker;2025-03-24
9582;1143;photo editor;2025-06-11
9583;1514;note taking;2025-05-07
9584;1777;video editor;2025-02-15
9585;1853;learn english;2025-06-30
9586;374;chat app;2025-04-14
9587;1662;budget app;2025-02-01
9588;1426;grocery list;2025-04-12
9589;478;travel planner;2025-06-03
9590;535;vpn;2025-03-08
9591;201;chat app;2025-05-23
9592;516;recipe app;2025-03-01
9593;193;recipe app;2025-04-10
9594;446;budget app;2025-06-04
9595;497;free games;2025-05-01
9596;1225;language learning;2025-05-14
9597;1355;recipe app;2025-06-09
9598;95;travel planner;2025-04-20
9599;1425;crypto tracker;2025-04-03
9600;1807;travel planner;2025-05-18
9601;952;music player;2025-06-11
9602;569;budget app;2025-05-24
9603;1535;puzzle games;2025-06-04
9604;1775;fitness tracker;2025-06-29
9605;221;meditation app;2025-05-04
9606;1303;chat app;2025-03-26
9607;1333;photo editor;2025-04-18
9608;821;task manager;2025-01-17
9609;137;chat app;2025-02-25
9610;1973;puzzle games;2025-05-01
9611;394;video editor;2025-04-26
9612;59;job search;2025-06-27
9613;279;learn english;2025-05-03
9614;1346;weather app;2025-06-30
9615;602;free games;2025-06-30
9616;1884;fitness tracker;2025-03-20
9617;272;fitness tracker;2025-06-15
9618;350;note taking;2025-01-25
9619;1410;puzzle games;2025-05-15
9620;1802;weather app;2025-01-16
9621;844;weather app;2025-02-17
9622;1503;weather app;2025-04-22
9623;641;crypto tracker;2025-01-04
9624;193;grocery list;2025-01-26
9625;1329;crypto tracker;2025-03-16
9626;550;fitness tracker;2025-03-17
9627;1559;grocery list;2025-03-11
9628;319;free games;2025-02-10
9629;1420;note taking;2025-03-04
9630;1656;vpn;2025-01-02
9631;1429;puzzle games;2025-03-20
9632;900;video editor;2025-03-31
9633;1437;photo editor;2025-01-31
9634;1369;task manager;2025-04-20
9635;1347;photo editor;2025-03-28
9636;854;note taking;2025-01-03
9637;1255;travel planner;2025-03-14
9638;212;crypto tracker;2025-05-07
9639;720;chat app;2025-06-08
9640;1105;puzzle games;2025-06-30
9641;134;chat app;2025-04-30
9642;80;recipe app;2025-03-21
9643;1702;music player;2025-03-18
9644;1718;recipe app;2025-01-24
9645;1402;puzzle games;2025-01-15
9646;1042;fitness tracker;2025-04-09
9647;1762;photo editor;2025-06-20
9648;1847;photo editor;2025-01-07
9649;1317;chat app;2025-03-23
9650;786;recipe app;2025-06-07
9651;548;fitness tracker;2025-05-28
9652;1216;fitness tracker;2025-01-10
9653;1299;fitness tracker;2025-03-03
9654;984;language learning;2025-04-08
9655;887;travel planner;2025-06-19
9656;1919;video editor;2025-06-03
9657;355;fitness tracker;2025-05-26
9658;711;weather app;2025-03-01
9659;1101;language learning;2025-01-24
9660;1165;note taking;2025-01-24
9661;1710;photo editor;2025-06-10
9662;1685;grocery list;2025-02-19
9663;1247;free games;2025-06-09
9664;1625;weather app;2025-03-20
9665;260;note taking;2025-06-17
9666;1293;music player;2025-03-17
9667;5;language learning;2025-04-19
9668;1380;fitness tracker;2025-05-12
9669;1526;chat app;2025-03-11
9670;840;chat app;2025-02-21
9671;1651;crypto tracker;2025-06-22
9672;1060;grocery list;2025-06-04
9673;472;weather app;2025-03-07
9674;428;job search;2025-04-05
9675;210;task manager;2025-04-08
9676;894;puzzle games;2025-03-07
9677;1499;budget app;2025-05-10
9678;891;vpn;2025-03-15
9679;360;crypto tracker;2025-03-05
9680;1490;grocery list;2025-02-15
9681;786;puzzle games;2025-02-04
9682;1136;recipe app;2025-03-29
9683;43;meditation app;2025-03-10
9684;419;recipe app;2025-01-06
9685;1183;vpn;2025-02-11
9686;1995;grocery list;2025-06-12
9687;1851;task manager;2025-06-09
9688;765;puzzle games;2025-03-11
9689;1801;job search;2025-06-11
9690;1773;free games;2025-03-05
9691;1166;video editor;2025-06-04
9692;1790;video editor;2025-03-14
9693;670;chat app;2025-03-24
9694;1231;learn english;2025-05-01
9695;830;recipe app;2025-01-12
9696;530;meditation app;2025-02-01
9697;1644;grocery list;2025-05-14
9698;413;free games;2025-01-10
9699;1561;travel planner;2025-05-31
9700;697;note taking;2025-02-04
9701;1128;task manager;2025-04-27
9702;435;note taking;2025-03-14
9703;1515;puzzle games;2025-06-15
9704;824;language learning;2025-05-13
9705;1972;video editor;2025-04-21
9706;922;travel planner;2025-05-18
9707;1252;travel planner;2025-03-08
9708;936;free games;2025-04-15
9709;1436;learn english;2025-04-28
9710;1435;free games;2025-04-21
9711;1197;budget app;2025-01-22
9712;1734;note taking;2025-06-09
9713;902;photo editor;2025-01-21
9714;54;chat app;2025-05-15
9715;534;meditation app;2025-01-27
9716;690;language learning;2025-05-03
9717;1699;vpn;2025-04-18
9718;886;recipe app;2025-01-01
9719;1337;recipe app;2025-01-20
9720;1112;task manager;2025-04-19
9721;1933;free games;2025-06-25
9722;197;language learning;2025-05-06
9723;1357;crypto tracker;2025-03-08
9724;1153;fitness tracker;2025-02-22
9725;582;chat app;2025-04-05
9726;1251;video editor;2025-05-28
9727;1060;recipe app;2025-01-05
9728;1809;note taking;2025-03-24
9729;1556;free games;2025-06-15
9730;687;video editor;2025-04-15
9731;1755;travel planner;2025-02-28
9732;993;recipe app;2025-03-21
9733;94;music player;2025-03-09
9734;1846;fitness tracker;2025-05-24
9735;891;photo editor;2025-05-01
9736;1703;grocery list;2025-05-31
9737;344;recipe app;2025-04-25
9738;255;crypto tracker;2025-01-09
9739;1730;music player;2025-03-26
9740;115;weather app;2025-05-18
9741;663;job search;2025-04-20
9742;1525;fitness tracker;2025-04-07
9743;1792;crypto tracker;2025-05-12
9744;1618;photo editor;2025-06-11
9745;843;weather app;2025-05-13
9746;1325;crypto tracker;2025-05-27
9747;501;video editor;2025-05-24
9748;1779;budget app;2025-06-21
9749;790;chat app;2025-03-24
9750;1049;vpn;2025-02-26
9751;39;photo editor;2025-01-06
9752;1577;photo editor;2025-02-06
9753;900;grocery list;2025-05-28
9754;773;puzzle games;2025-03-27
9755;173;puzzle games;2025-06-16
9756;427;free games;2025-03-17
9757;1317;task manager;2025-04-05
9758;302;job search;2025-04-28
9759;718;task manager;2025-04-07
9760;1555;job search;2025-01-13
9761;1826;chat app;2025-04-10
9762;671;video editor;2025-02-07
9763;106;chat app;2025-04-19
9764;442;note taking;2025-03-19
9765;1393;crypto tracker;2025-02-24
9766;1288;puzzle games;2025-03-08
9767;826;task manager;2025-06-03
9768;774;weather app;2025-03-01
9769;215;grocery list;2025-01-19
9770;1381;music player;2025-02-20
9771;456;vpn;2025-04-23
9772;1392;video editor;2025-01-23
9773;977;budget app;2025-04-25
9774;1808;weather app;2025-02-01
9775;1815;meditation app;2025-03-19
9776;574;vpn;2025-04-29
9777;946;video editor;2025-02-14
9778;1383;video editor;2025-02-04
9779;795;weather app;2025-04-11
9780;911;grocery list;2025-03-22
9781;1427;budget app;2025-05-11
9782;1258;grocery list;2025-06-04
9783;1001;job search;2025-03-09
9784;1605;job search;2025-04-06
9785;1256;note taking;2025-06-25
9786;588;weather app;2025-03-15
9787;1719;task manager;2025-03-27
9788;284;travel planner;2025-04-01
9789;1738;chat app;2025-04-25
9790;1536;meditation app;2025-03-06
9791;1799;free games;2025-03-03
9792;976;language learning;2025-04-30
9793;860;grocery list;2025-05-02
9794;577;free games;2025-03-09
9795;1787;music player;2025-01-06
9796;1963;job search;2025-04-18
9797;957;vpn;2025-01-21
9798;632;puzzle games;2025-04-24
9799;719;chat app;2025-03-18
9800;181;photo editor;2025-03-23
9801;1545;job search;2025-02-23
9802;1335;chat app;2025-01-16
9803;1274;travel planner;2025-01-15
9804;1616;budget app;2025-06-14
9805;1470;budget app;2025-05-27
9806;1744;note taking;2025-01-09
9807;1631;video editor;2025-04-06
9808;816;vpn;2025-05-10
9809;308;weather app;2025-03-16
9810;1480;note taking;2025-03-29
9811;501;task manager;2025-03-27
9812;1341;video editor;2025-04-04
9813;504;recipe app;2025-02-16
9814;1872;chat app;2025-06-23
9815;267;video editor;2025-04-21
9816;66;free games;2025-01-10
9817;533;meditation app;2025-01-08
9818;1752;travel planner;2025-01-21
9819;144;budget app;2025-03-04
9820;1669;crypto tracker;2025-05-30
9821;1544;vpn;2025-04-18
9822;160;photo editor;2025-06-03
9823;1412;puzzle games;2025-05-09
9824;1163;travel planner;2025-04-13
9825;1708;recipe app;2025-01-21
9826;178;grocery list;2025-01-27
9827;1399;recipe app;2025-05-09
9828;441;meditation app;2025-03-12
9829;823;video editor;2025-01-20
9830;639;crypto tracker;2025-05-01
9831;919;video editor;2025-01-24
9832;1046;video editor;2025-05-11
9833;998;free games;2025-03-13
9834;1476;meditation app;2025-05-30
9835;843;language learning;2025-06-21
9836;1334;language learning;2025-05-21
9837;1814;music player;2025-06-07
9838;33;vpn;2025-02-04
9839;756;language learning;2025-03-29
9840;1230;travel planner;2025-04-06
9841;35;task manager;2025-06-14
9842;1268;photo editor;2025-03-12
9843;1472;fitness tracker;2025-06-29
9844;477;weather app;2025-01-01
9845;1496;fitness tracker;2025-05-28
9846;1443;fitness tracker;2025-05-08
9847;866;crypto tracker;2025-01-05
9848;647;note taking;2025-05-04
9849;1394;weather app;2025-06-09
9850;1096;video editor;2025-02-14
9851;1874;music player;2025-01-18
9852;519;budget app;2025-04-01
9853;138;chat app;2025-01-23
9854;1090;language learning;2025-04-07
9855;67;crypto tracker;2025-05-05
9856;630;meditation app;2025-03-04
9857;437;grocery list;2025-06-01
9858;1717;photo editor;2025-03-06
9859;930;task manager;2025-03-28
9860;344;note taking;2025-04-27
9861;613;crypto tracker;2025-02-02
9862;6;chat app;2025-03-25
9863;1241;note taking;2025-03-14
9864;212;free games;2025-06-22
9865;341;weather app;2025-05-10
9866;985;weather app;2025-04-02
9867;169;grocery list;2025-06-24
9868;1433;video editor;2025-04-16
9869;636;job search;2025-05-03
9870;620;learn english;2025-02-22
9871;185;chat app;2025-04-04
9872;157;task manager;2025-06-22
9873;385;free games;2025-02-06
9874;728;task manager;2025-04-06
9875;401;note taking;2025-04-18
9876;1582;recipe app;2025-05-17
9877;1669;photo editor;2025-03-31
9878;431;puzzle games;2025-05-15
9879;1589;grocery list;2025-04-04
9880;1307;fitness tracker;2025-06-27
9881;244;job search;2025-05-21
9882;1234;recipe app;2025-03-29
9883;1796;puzzle games;2025-06-08
9884;119;travel planner;2025-05-14
9885;622;photo editor;2025-02-13
9886;1989;grocery list;2025-04-07
9887;677;vpn;2025-05-13
9888;1720;learn english;2025-04-07
9889;944;vpn;2025-06-08
9890;365;chat app;2025-05-18
9891;421;learn english;2025-05-31
9892;452;crypto tracker;2025-05-17
9893;1561;travel planner;2025-01-24
9894;1122;budget app;2025-01-15
9895;402;grocery list;2025-01-17
9896;1678;note taking;2025-04-09
9897;388;note taking;2025-02-02
9898;1441;puzzle games;2025-02-14
9899;639;fitness tracker;2025-01-27
9900;1412;puzzle games;2025-04-05
9901;1177;meditation app;2025-03-03
9902;1563;budget app;2025-05-31
9903;1507;learn english;2025-02-14
9904;130;task manager;2025-03-22
9905;317;job search;2025-02-19
9906;605;photo editor;2025-01-23
9907;606;language learning;2025-01-23
9908;403;weather app;2025-01-22
9909;681;vpn;2025-04-03
9910;401;budget app;2025-01-17
9911;657;weather app;2025-01-10
9912;389;budget app;2025-03-20
9913;608;free games;2025-04-26
9914;904;grocery list;2025-01-23
9915;1376;learn english;2025-01-13
9916;1263;video editor;2025-04-03
9917;1258;grocery list;2025-03-19
9918;1360;recipe app;2025-03-23
9919;936;video editor;2025-04-21
9920;487;crypto tracker;2025-03-25
9921;1816;crypto tracker;2025-01-31
9922;1604;grocery list;2025-02-17
9923;1224;travel planner;2025-01-26
9924;290;video editor;2025-06-07
9925;1757;puzzle games;2025-03-10
9926;699;music player;2025-01-15
9927;854;crypto tracker;2025-06-25
9928;169;puzzle games;2025-01-27
9929;47;video editor;2025-01-27
9930;1880;language learning;2025-06-14
9931;780;puzzle games;2025-01-24
9932;36;budget app;2025-06-29
9933;1489;task manager;2025-06-12
9934;272;fitness tracker;2025-06-20
9935;513;music player;2025-02-01
9936;829;grocery list;2025-02-06
9937;855;task manager;2025-02-02
9938;312;photo editor;2025-06-12
9939;1661;job search;2025-04-02
9940;1901;language learning;2025-02-13
9941;1332;language learning;2025-06-08
9942;1165;language learning;2025-02-07
9943;63;task manager;2025-02-19
9944;1294;note taking;2025-05-08
9945;1174;photo editor;2025-01-01
9946;23;vpn;2025-05-26
9947;472;music player;2025-06-19
9948;1638;vpn;2025-05-07
9949;266;music player;2025-05-22
9950;1285;meditation app;2025-01-13
9951;1441;chat app;2025-02-10
9952;299;free games;2025-01-12
9953;1967;meditation app;2025-03-10
9954;1145;recipe app;2025-06-07
9955;1011;music player;2025-03-07
9956;1649;chat app;2025-05-23
9957;949;learn english;2025-02-07
9958;1250;vpn;2025-01-23
9959;605;recipe app;2025-02-17
9960;1846;budget app;2025-03-26
9961;1387;task manager;2025-06-14
9962;48;music player;2025-06-11
9963;1941;task manager;2025-04-13
9964;33;language learning;2025-01-12
9965;590;grocery list;2025-01-08
9966;356;fitness tracker;2025-03-09
9967;27;video editor;2025-04-02
9968;1736;crypto tracker;2025-05-03
9969;540;meditation app;2025-04-13
9970;1419;puzzle games;2025-03-29
9971;86;travel planner;2025-01-06
9972;527;photo editor;2025-06-12
9973;1030;travel planner;2025-05-10
9974;677;video editor;2025-04-11
9975;1973;note taking;2025-02-22
9976;73;learn english;2025-04-10
9977;675;vpn;2025-04-21
9978;1650;music player;2025-02-26
9979;1055;grocery list;2025-05-06
9980;1088;task manager;2025-05-11
9981;907;language learning;2025-03-30
9982;872;puzzle games;2025-06-09
9983;1699;weather app;2025-01-19
9984;422;language learning;2025-06-18
9985;1964;budget app;2025-04-17
9986;1326;music player;2025-02-05
9987;1728;travel planner;2025-01-06
9988;1812;photo editor;2025-01-26
9989;1638;chat app;2025-05-23
9990;783;free games;2025-03-13
9991;988;travel planner;2025-03-12
9992;1363;meditation app;2025-01-21
9993;1544;travel planner;2025-06-07
9994;32;chat app;2025-05-11
9995;35;chat app;2025-03-26
9996;249;note taking;2025-05-14
9997;1202;recipe app;2025-03-04
9998;1148;fitness tracker;2025-05-26
9999;594;crypto tracker;2025-01-19
10000;1207;learn english;2025-03-08
10001;942;travel planner;2025-01-13
10002;1961;vpn;2025-03-01
10003;631;meditation app;2025-02-02
10004;1149;weather app;2025-05-31
10005;735;photo editor;2025-04-15
10006;972;chat app;2025-06-13
10007;116;travel planner;2025-03-26
10008;1493;weather app;2025-02-02
10009;1347;language learning;2025-05-07
10010;17;grocery list;2025-03-07
10011;1771;task manager;2025-05-13
10012;828;task manager;2025-04-16
10013;1710;recipe app;2025-04-08
10014;1411;music player;2025-06-01
10015;1825;fitness tracker;2025-04-05
10016;1586;grocery list;2025-06-19
10017;381;fitness tracker;2025-05-15
10018;1856;fitness tracker;2025-05-18
10019;1846;free games;2025-01-29
10020;1080;chat app;2025-02-09
10021;503;vpn;2025-02-23
10022;86;video editor;2025-05-11
10023;1054;recipe app;2025-04-20
10024;1097;crypto tracker;2025-06-24
10025;1930;video editor;2025-05-05
10026;1857;video editor;2025-06-13
10027;1015;task manager;2025-01-05
10028;1251;language learning;2025-03-13
10029;664;grocery list;2025-02-26
10030;983;note taking;2025-03-13
10031;1177;recipe app;2025-05-28
10032;973;recipe app;2025-02-07
10033;163;weather app;2025-04-02
10034;1303;chat app;2025-01-21
10035;1921;job search;2025-03-24
10036;1838;vpn;2025-06-25
10037;1613;recipe app;2025-06-03
10038;1288;fitness tracker;2025-05-09
10039;1434;puzzle games;2025-05-06
10040;563;grocery list;2025-04-28
10041;1978;note taking;2025-01-23
10042;1981;photo editor;2025-06-30
10043;1303;crypto tracker;2025-05-15
10044;791;fitness tracker;2025-04-20
10045;909;recipe app;2025-01-31
10046;1719;learn english;2025-06-07
10047;1268;job search;2025-04-19
10048;527;recipe app;2025-02-27
10049;550;puzzle games;2025-04-15
10050;729;recipe app;2025-01-19
10051;1572;vpn;2025-06-14
10052;893;crypto tracker;2025-01-29
10053;1253;language learning;2025-04-23
10054;1085;puzzle games;2025-04-20
10055;487;free games;2025-01-13
10056;1159;chat app;2025-03-31
10057;1509;task manager;2025-02-17
10058;125;learn english;2025-04-12
10059;1607;chat app;2025-01-10
10060;176;recipe app;2025-05-28
10061;974;music player;2025-02-14
10062;1889;note taking;2025-02-07
10063;259;task manager;2025-03-13
10064;1556;grocery list;2025-02-25
10065;626;puzzle games;2025-02-12
10066;983;language learning;2025-04-16
10067;1134;budget app;2025-05-26
10068;1288;task manager;2025-03-07
10069;893;budget app;2025-01-22
10070;1648;task manager;2025-01-09
10071;563;free games;2025-02-22
10072;403;crypto tracker;2025-05-22
10073;11;photo editor;2025-03-27
10074;1783;weather app;2025-04-23
10075;1532;weather app;2025-04-06
10076;1628;task manager;2025-04-13
10077;820;job search;2025-01-27
10078;1902;vpn;2025-03-25
10079;535;note taking;2025-04-17
10080;1804;free games;2025-03-30
10081;502;travel planner;2025-02-09
10082;1828;language learning;2025-01-11
10083;1260;video editor;2025-05-05
10084;1753;note taking;2025-04-14
10085;1297;music player;2025-05-07
10086;279;budget app;2025-06-11
10087;682;chat app;2025-04-12
10088;1895;crypto tracker;2025-06-09
10089;1175;photo editor;2025-01-28
10090;1228;music player;2025-05-16
10091;1682;vpn;2025-04-15
10092;911;music player;2025-05-09
10093;747;budget app;2025-02-13
10094;176;vpn;2025-03-24
10095;1480;chat app;2025-05-23
10096;504;free games;2025-06-22
10097;1019;meditation app;2025-03-29
10098;1792;recipe app;2025-05-21
10099;285;photo editor;2025-02-10
10100;792;fitness tracker;2025-04-17
10101;533;chat app;2025-06-05
10102;760;language learning;2025-05-03
10103;1314;task manager;2025-03-10
10104;591;language learning;2025-01-01
10105;914;grocery list;2025-06-06
10106;1591;free games;2025-05-04
10107;1701;recipe app;2025-01-22
10108;1365;travel planner;2025-06-28
10109;1167;learn english;2025-06-05
10110;1034;photo editor;2025-04-27
10111;990;vpn;2025-04-05
10112;141;music player;2025-05-27
10113;1388;note taking;2025-03-18
10114;197;crypto tracker;2025-06-04
10115;1599;fitness tracker;2025-03-28
10116;422;learn english;2025-04-20
10117;1880;note taking;2025-06-08
10118;1109;fitness tracker;2025-05-14
10119;1556;weather app;2025-05-13
10120;1599;recipe app;2025-06-19
10121;1169;job search;2025-03-11
10122;902;meditation app;2025-04-22
10123;718;language learning;2025-03-23
10124;1193;budget app;2025-05-04
10125;39;vpn;2025-03-25
10126;621;puzzle games;2025-03-09
10127;1329;chat app;2025-06-13
10128;1711;crypto tracker;2025-02-26
10129;1569;video editor;2025-05-18
10130;965;job search;2025-01-27
10131;689;video editor;2025-05-25
10132;358;music player;2025-01-01
10133;1700;travel planner;2025-03-10
10134;1573;puzzle games;2025-01-14
10135;998;language learning;2025-06-27
10136;494;crypto tracker;2025-01-29
10137;709;chat app;2025-04-03
10138;1216;meditation app;2025-04-30
10139;256;budget app;2025-06-19
10140;98;learn english;2025-02-01
10141;1946;recipe app;2025-06-14
10142;517;meditation app;2025-04-27
10143;1759;weather app;2025-03-15
10144;1259;note taking;2025-03-03
10145;1359;photo editor;2025-06-18
10146;538;grocery list;2025-05-04
10147;274;fitness tracker;2025-04-01
10148;1931;vpn;2025-04-30
10149;1971;task manager;2025-03-28
10150;822;note taking;2025-01-27
10151;458;recipe app;2025-03-11
10152;1328;job search;2025-03-21
10153;196;language learning;2025-05-17
10154;674;vpn;2025-04-30
10155;439;puzzle games;2025-06-20
10156;644;music player;2025-03-02
10157;1763;music player;2025-05-18
10158;752;vpn;2025-03-31
10159;1132;free games;2025-06-22
10160;1536;travel planner;2025-03-30
10161;996;puzzle games;2025-03-19
10162;1706;job search;2025-04-03
10163;1901;task manager;2025-01-26
10164;1339;video editor;2025-04-14
10165;91;music player;2025-05-16
10166;1584;note taking;2025-06-10
10167;1312;learn english;2025-02-19
10168;841;fitness tracker;2025-03-03
10169;438;crypto tracker;2025-04-24
10170;4;crypto tracker;2025-01-05
10171;953;learn english;2025-03-06
10172;821;travel planner;2025-04-24
10173;1298;learn english;2025-03-07
10174;1495;job search;2025-06-21
10175;1209;job search;2025-06-27
10176;503;crypto tracker;2025-02-01
10177;1139;vpn;2025-03-23
10178;1172;recipe app;2025-01-11
10179;1062;chat app;2025-05-08
10180;1923;crypto tracker;2025-04-06
10181;1463;language learning;2025-01-10
10182;252;meditation app;2025-01-07
10183;392;puzzle games;2025-04-10
10184;207;free games;2025-01-20
10185;943;vpn;2025-06-07
10186;1389;free games;2025-06-18
10187;1734;budget app;2025-01-27
10188;898;budget app;2025-04-09
10189;943;travel planner;2025-06-15
10190;553;travel planner;2025-01-09
10191;1002;grocery list;2025-04-21
10192;1436;puzzle games;2025-02-15
10193;1934;task manager;2025-03-22
10194;643;learn english;2025-04-12
10195;1852;music player;2025-01-29
10196;1535;vpn;2025-05-29
10197;1660;weather app;2025-06-20
10198;1126;travel planner;2025-04-19
10199;912;language learning;2025-06-23
10200;512;vpn;2025-02-20
10201;1620;video editor;2025-05-05
10202;492;vpn;2025-06-22
10203;1630;vpn;2025-06-30
10204;1080;puzzle games;2025-04-15
10205;94;job search;2025-01-15
10206;931;music player;2025-02-04
10207;1094;grocery list;2025-02-24
10208;554;photo editor;2025-02-24
10209;473;vpn;2025-01-28
10210;1543;chat app;2025-06-06
10211;15;photo editor;2025-03-11
10212;389;budget app;2025-06-04
10213;959;crypto tracker;2025-02-12
10214;1009;crypto tracker;2025-06-07
10215;465;video editor;2025-04-14
10216;1743;weather app;2025-03-22
10217;983;travel planner;2025-04-16
10218;905;photo editor;2025-06-27
10219;549;task manager;2025-01-06
10220;402;free games;2025-06-20
10221;106;meditation app;2025-06-22
10222;1477;weather app;2025-04-04
10223;1586;video editor;2025-04-04
10224;1149;music player;2025-04-10
10225;1689;free games;2025-05-12
10226;357;recipe app;2025-02-16
10227;1943;video editor;2025-03-02
10228;1837;job search;2025-06-01
10229;1938;note taking;2025-01-18
10230;290;task manager;2025-05-14
10231;800;video editor;2025-05-30
10232;213;photo editor;2025-02-02
10233;1377;music player;2025-02-20
10234;1632;fitness tracker;2025-01-20
10235;541;fitness tracker;2025-03-24
10236;1776;fitness tracker;2025-04-07
10237;170;learn english;2025-05-30
10238;1002;grocery list;2025-05-26
10239;1651;music player;2025-03-27
10240;1659;puzzle games;2025-03-20
10241;808;recipe app;2025-04-26
10242;1974;note taking;2025-06-11
10243;1289;note taking;2025-04-07
10244;1874;vpn;2025-06-29
10245;440;fitness tracker;2025-04-06
10246;1406;recipe app;2025-03-13
10247;587;photo editor;2025-01-29
10248;1067;learn english;2025-06-26
10249;1091;recipe app;2025-01-22
10250;438;language learning;2025-04-26
10251;385;task manager;2025-01-05
10252;1408;recipe app;2025-02-06
10253;119;chat app;2025-05-22
10254;1691;grocery list;2025-01-26
10255;1414;travel planner;2025-02-25
10256;911;video editor;2025-05-12
10257;617;learn english;2025-05-18
10258;1595;note taking;2025-05-08
10259;1924;photo editor;2025-03-08
10260;783;music player;2025-02-12
10261;58;photo editor;2025-03-08
10262;1356;task manager;2025-03-04
10263;407;weather app;2025-03-24
10264;547;budget app;2025-01-25
10265;228;fitness tracker;2025-04-24
10266;347;grocery list;2025-02-23
10267;1867;language learning;2025-01-03
10268;401;free games;2025-05-11
10269;987;language learning;2025-03-16
10270;960;job search;2025-01-12
10271;1500;travel planner;2025-01-03
10272;864;job search;2025-04-22
10273;223;grocery list;2025-03-02
10274;1589;meditation app;2025-04-07
10275;296;puzzle games;2025-04-06
10276;6;job search;2025-04-18
10277;1340;job search;2025-06-26
10278;1717;photo editor;2025-06-12
10279;853;fitness tracker;2025-01-25
10280;1022;music player;2025-01-11
10281;578;grocery list;2025-05-15
10282;1732;task manager;2025-04-12
10283;1149;budget app;2025-06-18
10284;614;learn english;2025-05-09
10285;799;travel planner;2025-02-26
10286;92;weather app;2025-06-21
10287;332;language learning;2025-03-18
10288;1341;recipe app;2025-04-13
10289;526;puzzle games;2025-04-20
10290;957;crypto tracker;2025-01-28
10291;1206;puzzle games;2025-01-22
10292;822;budget app;2025-03-24
10293;1471;weather app;2025-06-05
10294;1397;free games;2025-04-10
10295;1607;note taking;2025-05-26
10296;68;travel planner;2025-05-05
10297;1322;free games;2025-02-28
10298;612;music player;2025-03-28
10299;1668;learn english;2025-06-30
10300;1969;puzzle games;2025-04-26
10301;1399;budget app;2025-02-01
10302;1132;photo editor;2025-04-06
10303;1145;travel planner;2025-01-26
10304;385;language learning;2025-05-20
10305;292;travel planner;2025-04-11
10306;952;free games;2025-04-29
10307;568;fitness tracker;2025-01-31
10308;1968;recipe app;2025-03-05
10309;138;puzzle games;2025-03-05
10310;1306;language learning;2025-02-05
10311;1600;recipe app;2025-02-13
10312;823;free games;2025-02-05
10313;357;learn english;2025-04-19
10314;1171;free games;2025-05-21
10315;1450;task manager;2025-04-27
10316;752;note taking;2025-05-12
10317;22;music player;2025-06-04
10318;475;chat app;2025-04-05
10319;1117;weather app;2025-05-09
10320;1695;crypto tracker;2025-02-19
10321;1398;puzzle games;2025-06-13
10322;170;free games;2025-04-15
10323;742;meditation app;2025-03-03
10324;1814;recipe app;2025-01-22
10325;984;crypto tracker;2025-03-28
10326;1881;note taking;2025-04-07
10327;1176;chat app;2025-06-26
10328;1446;vpn;2025-02-01
10329;54;fitness tracker;2025-01-21
10330;624;budget app;2025-01-23
10331;309;grocery list;2025-03-04
10332;388;photo editor;2025-05-27
10333;677;vpn;2025-05-12
10334;1949;travel planner;2025-06-30
10335;988;travel planner;2025-05-29
10336;25;weather app;2025-03-28
10337;1655;puzzle games;2025-04-27
10338;205;job search;2025-05-07
10339;167;job search;2025-06-29
10340;55;chat app;2025-01-09
10341;708;video editor;2025-05-09
10342;926;budget app;2025-05-27
10343;622;photo editor;2025-02-03
10344;520;language learning;2025-01-02
10345;676;photo editor;2025-04-11
10346;519;grocery list;2025-03-01
10347;1559;grocery list;2025-06-01
10348;657;chat app;2025-03-03
10349;918;language learning;2025-05-24
10350;531;learn english;2025-05-23
10351;929;language learning;2025-04-28
10352;952;video editor;2025-01-16
10353;20;language learning;2025-03-13
10354;460;crypto tracker;2025-03-25
10355;1929;travel planner;2025-04-27
10356;1386;weather app;2025-01-21
10357;1309;job search;2025-03-02
10358;92;weather app;2025-02-27
10359;363;note taking;2025-05-29
10360;1621;video editor;2025-04-26
10361;683;job search;2025-03-09
10362;1779;recipe app;2025-01-30
10363;1597;free games;2025-03-19
10364;1112;note taking;2025-05-17
10365;1759;budget app;2025-05-31
10366;622;meditation app;2025-02-25
10367;1728;learn english;2025-05-19
10368;190;vpn;2025-04-10
10369;41;recipe app;2025-03-16
10370;333;job search;2025-01-14
10371;932;puzzle games;2025-05-30
10372;1825;vpn;2025-05-29
10373;1471;crypto tracker;2025-05-03
10374;847;learn english;2025-01-27
10375;221;budget app;2025-05-04
10376;1953;travel planner;2025-05-02
10377;804;crypto tracker;2025-04-26
10378;742;crypto tracker;2025-06-22
10379;1523;vpn;2025-04-18
10380;700;meditation app;2025-02-08
10381;1049;travel planner;2025-04-27
10382;311;fitness tracker;2025-04-10
10383;1400;travel planner;2025-02-23
10384;607;task manager;2025-03-28
10385;550;free games;2025-02-22
10386;1188;free games;2025-06-05
10387;1040;note taking;2025-06-25
10388;779;task manager;2025-03-31
10389;1519;video editor;2025-01-03
10390;1727;video editor;2025-04-08
10391;1482;travel planner;2025-06-02
10392;373;video editor;2025-01-18
10393;448;task manager;2025-02-03
10394;1908;video editor;2025-05-21
10395;976;budget app;2025-06-09
10396;1572;meditation app;2025-04-23
10397;1824;meditation app;2025-04-23
10398;1221;vpn;2025-04-30
10399;84;chat app;2025-05-26
10400;1158;video editor;2025-02-06
10401;771;weather app;2025-05-08
10402;960;travel planner;2025-02-17
10403;1801;meditation app;2025-01-18
10404;1373;photo editor;2025-01-15
10405;1939;meditation app;2025-03-03
10406;733;learn english;2025-02-03
10407;1135;puzzle games;2025-04-18
10408;354;fitness tracker;2025-06-19
10409;1625;budget app;2025-04-15
10410;1106;fitness tracker;2025-03-15
10411;414;fitness tracker;2025-03-01
10412;395;weather app;2025-01-14
10413;1614;music player;2025-02-25
10414;1264;travel planner;2025-02-28
10415;517;note taking;2025-04-08
10416;47;language learning;2025-01-08
10417;1710;language learning;2025-05-25
10418;1996;note taking;2025-02-28
10419;1393;free games;2025-04-13
10420;1254;vpn;2025-06-17
10421;268;chat app;2025-03-29
10422;897;grocery list;2025-04-11
10423;662;music player;2025-06-03
10424;626;photo editor;2025-02-04
10425;1036;recipe app;2025-03-04
10426;988;budget app;2025-01-09
10427;1609;language learning;2025-03-09
10428;520;task manager;2025-05-23
10429;689;crypto tracker;2025-05-17
10430;981;recipe app;2025-03-04
10431;219;learn english;2025-05-29
10432;1294;task manager;2025-01-03
10433;525;fitness tracker;2025-04-03
10434;717;crypto tracker;2025-02-06
10435;1085;free games;2025-03-24
10436;508;meditation app;2025-04-16
10437;1557;crypto tracker;2025-02-03
10438;748;recipe app;2025-01-08
10439;983;grocery list;2025-04-19
10440;1128;task manager;2025-06-13
10441;1968;meditation app;2025-05-20
10442;813;free games;2025-06-23
10443;370;budget app;2025-02-28
10444;1479;travel planner;2025-02-03
10445;346;learn english;2025-03-05
10446;1819;photo editor;2025-05-04
10447;71;photo editor;2025-06-09
10448;1985;recipe app;2025-05-24
10449;822;video editor;2025-02-23
10450;1949;travel planner;2025-05-28
10451;1356;music player;2025-05-19
10452;1662;job search;2025-05-25
10453;1075;job search;2025-02-10
10454;1884;task manager;2025-05-08
10455;416;photo editor;2025-03-06
10456;1642;fitness tracker;2025-03-21
10457;1163;vpn;2025-04-15
10458;356;travel planner;2025-01-29
10459;971;travel planner;2025-04-11
10460;635;crypto tracker;2025-01-30
10461;875;free games;2025-03-02
10462;399;fitness tracker;2025-05-19
10463;1141;task manager;2025-01-02
10464;965;free games;2025-01-05
10465;664;photo editor;2025-06-29
10466;85;fitness tracker;2025-05-15
10467;999;crypto tracker;2025-03-28
10468;1403;photo editor;2025-02-08
10469;1924;free games;2025-02-07
10470;1395;fitness tracker;2025-06-30
10471;1344;free games;2025-01-22
10472;1482;job search;2025-04-03
10473;610;vpn;2025-03-11
10474;137;language learning;2025-03-12
10475;1086;job search;2025-06-08
10476;282;photo editor;2025-01-15
10477;1779;note taking;2025-04-14
10478;851;music player;2025-04-30
10479;655;free games;2025-01-26
10480;729;fitness tracker;2025-04-14
10481;1395;travel planner;2025-04-25
10482;518;note taking;2025-02-13
10483;1691;budget app;2025-02-28
10484;1778;language learning;2025-01-15
10485;986;grocery list;2025-03-29
10486;599;grocery list;2025-02-18
10487;414;free games;2025-05-27
10488;1982;vpn;2025-05-10
10489;1951;job search;2025-02-06
10490;1848;weather app;2025-06-26
10491;1138;chat app;2025-04-12
10492;1096;free games;2025-04-20
10493;101;photo editor;2025-03-08
10494;688;meditation app;2025-06-02
10495;315;weather app;2025-02-04
10496;822;job search;2025-01-20
10497;549;grocery list;2025-03-29
10498;1025;learn english;2025-06-08
10499;1299;meditation app;2025-01-02
10500;196;vpn;2025-01-12
10501;1480;learn english;2025-05-25
10502;886;job search;2025-06-05
10503;1735;job search;2025-06-21
10504;271;free games;2025-06-08
10505;265;vpn;2025-01-19
10506;1171;music player;2025-01-12
10507;245;grocery list;2025-02-09
10508;1126;vpn;2025-02-02
10509;488;weather app;2025-06-30
10510;306;travel planner;2025-04-26
10511;1724;free games;2025-03-10
10512;1179;chat app;2025-05-03
10513;1200;recipe app;2025-05-10
10514;331;travel planner;2025-01-27
10515;704;grocery list;2025-06-11
10516;1861;vpn;2025-03-24
10517;1661;learn english;2025-01-20
10518;880;chat app;2025-06-04
10519;1323;meditation app;2025-01-22
10520;579;puzzle games;2025-02-12
10521;1994;free games;2025-04-30
10522;685;meditation app;2025-03-19
10523;1426;learn english;2025-03-21
10524;1874;fitness tracker;2025-03-18
10525;1150;meditation app;2025-03-02
10526;1194;video editor;2025-02-10
10527;790;music player;2025-03-30
10528;1232;photo editor;2025-05-13
10529;1896;grocery list;2025-03-02
10530;1420;photo editor;2025-02-15
10531;616;travel planner;2025-05-01
10532;1491;meditation app;2025-03-02
10533;1556;video editor;2025-04-29
10534;984;fitness tracker;2025-03-08
10535;609;chat app;2025-06-12
10536;627;chat app;2025-06-11
10537;1810;recipe app;2025-03-19
10538;1276;meditation app;2025-05-13
10539;1015;fitness tracker;2025-06-04
10540;1996;language learning;2025-04-03
10541;976;learn english;2025-03-28
10542;1852;language learning;2025-03-20
10543;457;task manager;2025-06-23
10544;1327;budget app;2025-02-10
10545;1257;travel planner;2025-01-13
10546;1563;weather app;2025-03-11
10547;1901;grocery list;2025-06-15
10548;39;crypto tracker;2025-02-02
10549;601;job search;2025-05-29
10550;1770;video editor;2025-01-13
10551;1284;free games;2025-01-13
10552;1163;crypto tracker;2025-01-03
10553;1232;photo editor;2025-04-18
10554;1432;vpn;2025-05-04
10555;468;job search;2025-04-17
10556;262;crypto tracker;2025-02-12
10557;831;language learning;2025-06-27
10558;1596;music player;2025-02-02
10559;750;note taking;2025-06-02
10560;315;budget app;2025-02-26
10561;845;puzzle games;2025-03-01
10562;109;puzzle games;2025-01-22
10563;1471;note taking;2025-06-11
10564;1996;budget app;2025-01-26
10565;1391;recipe app;2025-02-07
10566;956;weather app;2025-01-28
10567;1934;learn english;2025-04-28
10568;378;fitness tracker;2025-04-12
10569;637;photo editor;2025-03-08
10570;1007;recipe app;2025-04-18
10571;1171;free games;2025-01-03
10572;1299;photo editor;2025-05-14
10573;545;music player;2025-06-06
10574;1633;weather app;2025-02-25
10575;676;puzzle games;2025-05-16
10576;1510;note taking;2025-04-25
10577;1641;crypto tracker;2025-02-11
10578;324;travel planner;2025-05-18
10579;1306;weather app;2025-06-15
10580;1561;recipe app;2025-06-07
10581;855;video editor;2025-06-27
10582;986;job search;2025-01-22
10583;723;weather app;2025-06-02
10584;41;fitness tracker;2025-02-12
10585;884;fitness tracker;2025-03-19
10586;953;weather app;2025-04-14
10587;665;free games;2025-01-11
10588;1474;chat app;2025-02-06
10589;1240;travel planner;2025-01-05
10590;1177;budget app;2025-06-30
10591;1990;budget app;2025-04-21
10592;616;meditation app;2025-04-15
10593;139;crypto tracker;2025-03-19
10594;299;meditation app;2025-05-09
10595;1002;weather app;2025-06-30
10596;666;recipe app;2025-03-08
10597;1349;budget app;2025-03-14
10598;361;weather app;2025-02-01
10599;821;puzzle games;2025-05-07
10600;1227;music player;2025-06-30
10601;1536;budget app;2025-04-21
10602;908;vpn;2025-03-10
10603;1938;travel planner;2025-02-27
10604;1274;chat app;2025-03-20
10605;1958;weather app;2025-06-25
10606;1177;language learning;2025-05-31
10607;40;note taking;2025-03-23
10608;1749;chat app;2025-06-21
10609;1209;fitness tracker;2025-06-26
10610;711;fitness tracker;2025-05-12
10611;961;grocery list;2025-06-27
10612;456;recipe app;2025-04-27
10613;406;weather app;2025-05-11
10614;202;weather app;2025-03-05
10615;41;job search;2025-03-01
10616;568;recipe app;2025-03-05
10617;1289;chat app;2025-01-13
10618;371;weather app;2025-04-19
10619;636;learn english;2025-02-15
10620;313;crypto tracker;2025-05-02
10621;1912;note taking;2025-01-06
10622;1298;travel planner;2025-05-18
10623;767;chat app;2025-04-28
10624;323;budget app;2025-03-03
10625;472;vpn;2025-01-12
10626;664;photo editor;2025-04-13
10627;99;music player;2025-03-05
10628;1683;music player;2025-03-25
10629;197;free games;2025-05-05
10630;1452;photo editor;2025-04-04
10631;1940;vpn;2025-03-25
10632;1095;job search;2025-01-14
10633;1647;travel planner;2025-03-10
10634;1299;budget app;2025-03-11
10635;312;music player;2025-06-15
10636;1675;crypto tracker;2025-03-29
10637;806;crypto tracker;2025-01-19
10638;162;travel planner;2025-06-08
10639;321;vpn;2025-04-06
10640;1753;photo editor;2025-02-03
10641;657;weather app;2025-05-11
10642;1641;budget app;2025-05-05
10643;1579;task manager;2025-01-20
10644;1201;photo editor;2025-03-05
10645;1685;vpn;2025-01-06
10646;716;weather app;2025-06-26
10647;636;puzzle games;2025-03-07
10648;1908;photo editor;2025-06-07
10649;1461;job search;2025-01-29
10650;683;job search;2025-03-22
10651;734;job search;2025-02-01
10652;1832;language learning;2025-04-21
10653;1634;weather app;2025-02-14
10654;1964;task manager;2025-06-11
10655;1331;music player;2025-03-13
10656;839;weather app;2025-01-05
10657;1721;video editor;2025-01-31
10658;1526;video editor;2025-02-04
10659;1732;photo editor;2025-06-21
10660;1372;grocery list;2025-06-18
10661;747;video editor;2025-03-02
10662;648;music player;2025-01-03
10663;1790;free games;2025-04-28
10664;893;photo editor;2025-03-22
10665;86;crypto tracker;2025-02-09
10666;113;recipe app;2025-06-05
10667;1152;language learning;2025-05-09
10668;1657;vpn;2025-06-20
10669;1336;video editor;2025-06-02
10670;913;meditation app;2025-01-20
10671;627;chat app;2025-06-25
10672;442;video editor;2025-01-07
10673;1870;task manager;2025-01-11
10674;1527;travel planner;2025-01-10
10675;224;budget app;2025-01-21
10676;1877;crypto tracker;2025-04-17
10677;1501;learn english;2025-01-13
10678;1501;chat app;2025-06-03
10679;305;job search;2025-05-12
10680;1075;task manager;2025-05-23
10681;202;grocery list;2025-06-02
10682;425;budget app;2025-03-13
10683;1637;language learning;2025-06-18
10684;235;language learning;2025-03-04
10685;1137;task manager;2025-01-30
10686;835;task manager;2025-05-02
10687;1450;grocery list;2025-04-01
10688;182;task manager;2025-06-25
10689;724;video editor;2025-06-02
10690;94;vpn;2025-06-10
10691;73;travel planner;2025-04-08
10692;685;language learning;2025-05-23
10693;1099;fitness tracker;2025-04-08
10694;981;fitness tracker;2025-05-15
10695;71;free games;2025-05-03
10696;1945;music player;2025-05-05
10697;321;free games;2025-06-13
10698;1135;learn english;2025-06-22
10699;1370;crypto tracker;2025-04-25
10700;317;chat app;2025-04-28
10701;432;vpn;2025-04-18
10702;580;free games;2025-04-30
10703;1057;weather app;2025-01-08
10704;1965;grocery list;2025-02-26
10705;102;language learning;2025-06-04
10706;909;task manager;2025-06-03
10707;1197;travel planner;2025-04-06
10708;212;note taking;2025-03-30
10709;582;puzzle games;2025-05-21
10710;419;video editor;2025-04-29
10711;1827;photo editor;2025-03-08
10712;794;job search;2025-03-09
10713;1156;budget app;2025-04-22
10714;777;task manager;2025-05-12
10715;1482;video editor;2025-04-26
10716;764;photo editor;2025-05-24
10717;692;job search;2025-01-26
10718;173;video editor;2025-03-19
10719;726;video editor;2025-01-12
10720;720;puzzle games;2025-04-04
10721;1682;language learning;2025-02-23
10722;622;weather app;2025-01-23
10723;1032;budget app;2025-06-10
10724;1344;meditation app;2025-02-23
10725;1206;music player;2025-01-05
10726;1475;budget app;2025-02-04
10727;716;task manager;2025-03-30
10728;878;recipe app;2025-02-24
10729;492;job search;2025-06-30
10730;977;job search;2025-03-03
10731;38;chat app;2025-01-26
10732;776;job search;2025-06-26
10733;1142;job search;2025-01-28
10734;1213;fitness tracker;2025-04-17
10735;221;vpn;2025-03-14
10736;1122;job search;2025-06-22
10737;315;free games;2025-01-27
10738;295;note taking;2025-06-20
10739;118;music player;2025-04-06
10740;1957;crypto tracker;2025-03-28
10741;658;free games;2025-06-18
10742;119;recipe app;2025-03-17
10743;1209;budget app;2025-05-10
10744;1525;budget app;2025-06-20
10745;1155;travel planner;2025-05-21
10746;1727;chat app;2025-05-26
10747;1734;job search;2025-04-13
10748;1293;meditation app;2025-03-02
10749;1066;task manager;2025-05-03
10750;277;crypto tracker;2025-04-07
10751;200;language learning;2025-02-24
10752;28;chat app;2025-03-14
10753;510;task manager;2025-02-26
10754;1582;budget app;2025-01-08
10755;62;travel planner;2025-01-21
10756;597;weather app;2025-03-22
10757;323;puzzle games;2025-03-20
10758;1267;weather app;2025-01-05
10759;1008;note taking;2025-01-28
10760;897;travel planner;2025-05-25
10761;1970;video editor;2025-03-22
10762;556;video editor;2025-04-10
10763;313;task manager;2025-06-08
10764;1017;chat app;2025-04-02
10765;205;task manager;2025-06-05
10766;1636;language learning;2025-02-10
10767;298;recipe app;2025-02-09
10768;927;recipe app;2025-06-11
10769;828;budget app;2025-01-02
10770;340;music player;2025-03-05
10771;77;music player;2025-02-27
10772;1837;crypto tracker;2025-01-10
10773;763;language learning;2025-04-30
10774;925;learn english;2025-02-17
10775;737;photo editor;2025-06-18
10776;756;task manager;2025-05-25
10777;1509;budget app;2025-03-09
10778;210;task manager;2025-06-11
10779;340;task manager;2025-01-04
10780;690;photo editor;2025-04-16
10781;825;video editor;2025-01-12
10782;1454;grocery list;2025-01-30
10783;1741;fitness tracker;2025-02-25
10784;1187;music player;2025-05-05
10785;1080;grocery list;2025-03-17
10786;1580;note taking;2025-05-05
10787;1301;puzzle games;2025-01-09
10788;1196;grocery list;2025-04-08
10789;1638;chat app;2025-04-17
10790;170;recipe app;2025-02-05
10791;971;language learning;2025-06-06
10792;662;grocery list;2025-03-14
10793;621;crypto tracker;2025-02-09
10794;31;music player;2025-02-10
10795;1637;note taking;2025-06-27
10796;1138;music player;2025-03-06
10797;1100;grocery list;2025-04-11
10798;392;photo editor;2025-03-04
10799;1779;meditation app;2025-03-02
10800;947;photo editor;2025-03-18
10801;752;budget app;2025-02-27
10802;1932;photo editor;2025-01-29
10803;1871;grocery list;2025-01-09
10804;1425;music player;2025-04-08
10805;1391;language learning;2025-06-11
10806;1203;learn english;2025-03-09
10807;1614;learn english;2025-06-04
10808;1562;weather app;2025-06-21
10809;1176;video editor;2025-01-02
10810;785;photo editor;2025-01-07
10811;541;meditation app;2025-01-24
10812;1789;task manager;2025-05-26
10813;1707;learn english;2025-01-27
10814;1669;travel planner;2025-06-07
10815;257;recipe app;2025-04-07
10816;1959;puzzle games;2025-02-06
10817;1820;crypto tracker;2025-05-05
10818;839;grocery list;2025-05-22
10819;1371;chat app;2025-03-16
10820;130;budget app;2025-02-26
10821;537;photo editor;2025-03-13
10822;191;chat app;2025-01-18
10823;1057;learn english;2025-01-29
10824;1934;grocery list;2025-06-12
10825;213;crypto tracker;2025-01-03
10826;1944;recipe app;2025-01-22
10827;1429;weather app;2025-02-10
10828;645;learn english;2025-04-24
10829;1790;travel planner;2025-06-21
10830;5;crypto tracker;2025-03-21
10831;923;budget app;2025-05-09
10832;740;video editor;2025-01-01
10833;1173;note taking;2025-01-13
10834;1653;language learning;2025-04-27
10835;205;crypto tracker;2025-06-19
10836;1675;task manager;2025-04-28
10837;1079;chat app;2025-01-18
10838;45;chat app;2025-01-27
10839;538;vpn;2025-04-10
10840;557;recipe app;2025-05-02
10841;257;music player;2025-04-28
10842;672;job search;2025-06-03
10843;551;budget app;2025-04-27
10844;1487;note taking;2025-01-07
10845;456;chat app;2025-04-26
10846;544;note taking;2025-06-08
10847;1285;travel planner;2025-06-07
10848;1887;task manager;2025-04-26
10849;8;puzzle games;2025-02-28
10850;506;puzzle games;2025-01-28
10851;1451;weather app;2025-04-11
10852;1532;puzzle games;2025-03-15
10853;183;fitness tracker;2025-06-11
10854;829;crypto tracker;2025-01-19
10855;9;language learning;2025-01-05
10856;460;fitness tracker;2025-04-20
10857;1555;meditation app;2025-03-31
10858;479;photo editor;2025-06-29
10859;1323;grocery list;2025-01-12
10860;713;job search;2025-04-12
10861;495;photo editor;2025-06-25
10862;1714;budget app;2025-01-21
10863;55;grocery list;2025-06-04
10864;832;recipe app;2025-03-17
10865;834;learn english;2025-02-12
10866;660;weather app;2025-04-12
10867;77;language learning;2025-03-15
10868;44;budget app;2025-03-13
10869;903;crypto tracker;2025-05-14
10870;820;meditation app;2025-06-03
10871;616;grocery list;2025-04-07
10872;1587;travel planner;2025-05-13
10873;1211;note taking;2025-05-11
10874;517;task manager;2025-01-18
10875;958;free games;2025-06-16
10876;505;language learning;2025-01-28
10877;52;budget app;2025-04-27
10878;1635;meditation app;2025-01-02
10879;1544;photo editor;2025-04-24
10880;996;weather app;2025-06-17
10881;985;recipe app;2025-05-27
10882;1859;crypto tracker;2025-06-02
10883;405;chat app;2025-01-10
10884;910;task manager;2025-01-27
10885;227;photo editor;2025-04-24
10886;219;travel planner;2025-06-30
10887;1555;video editor;2025-01-14
10888;75;note taking;2025-06-07
10889;49;fitness tracker;2025-01-24
10890;549;crypto tracker;2025-03-17
10891;177;vpn;2025-03-27
10892;1740;travel planner;2025-04-19
10893;917;note taking;2025-02-28
10894;476;weather app;2025-06-20
10895;1356;task manager;2025-03-19
10896;1360;travel planner;2025-04-15
10897;1437;recipe app;2025-04-06
10898;1926;fitness tracker;2025-02-28
10899;1163;learn english;2025-05-03
10900;1590;free games;2025-02-24
10901;1489;weather app;2025-04-03
10902;500;free games;2025-01-15
10903;638;puzzle games;2025-06-27
10904;1633;travel planner;2025-05-30
10905;369;language learning;2025-06-10
10906;828;vpn;2025-02-24
10907;1474;language learning;2025-01-29
10908;1961;puzzle games;2025-05-03
10909;1327;meditation app;2025-03-02
10910;213;meditation app;2025-02-25
10911;1970;travel planner;2025-03-19
10912;1564;video editor;2025-06-27
10913;1870;music player;2025-03-11
10914;1038;job search;2025-02-08
10915;1903;chat app;2025-05-24
10916;1685;vpn;2025-05-15
10917;771;recipe app;2025-06-19
10918;499;puzzle games;2025-02-09
10919;1774;job search;2025-06-18
10920;1664;language learning;2025-05-22
10921;929;photo editor;2025-03-08
10922;1437;photo editor;2025-03-03
10923;561;travel planner;2025-02-21
10924;1621;learn english;2025-05-04
10925;1879;puzzle games;2025-04-10
10926;902;budget app;2025-04-21
10927;13;vpn;2025-04-04
10928;1146;learn english;2025-05-03
10929;1788;weather app;2025-03-23
10930;948;puzzle games;2025-02-02
10931;243;learn english;2025-04-10
10932;280;recipe app;2025-01-07
10933;806;travel planner;2025-05-23
10934;1255;chat app;2025-04-05
10935;1537;note taking;2025-04-11
10936;620;language learning;2025-02-23
10937;1679;travel planner;2025-05-17
10938;1422;puzzle games;2025-04-25
10939;32;learn english;2025-03-17
10940;1358;recipe app;2025-04-03
10941;996;free games;2025-03-01
10942;1228;weather app;2025-03-06
10943;1355;music player;2025-05-02
10944;1425;learn english;2025-05-19
10945;810;language learning;2025-05-30
10946;1977;music player;2025-04-03
10947;660;music player;2025-06-04
10948;1708;budget app;2025-03-26
10949;49;puzzle games;2025-02-14
10950;798;budget app;2025-01-02
10951;99;photo editor;2025-01-29
10952;1367;budget app;2025-01-22
10953;1676;recipe app;2025-04-19
10954;152;video editor;2025-01-19
10955;1733;travel planner;2025-04-28
10956;395;grocery list;2025-03-08
10957;1614;note taking;2025-06-09
10958;1284;task manager;2025-01-21
10959;286;photo editor;2025-03-01
10960;3;budget app;2025-06-22
10961;1516;grocery list;2025-05-12
10962;287;chat app;2025-05-16
10963;1749;crypto tracker;2025-06-20
10964;1990;language learning;2025-05-27
10965;1279;budget app;2025-06-24
10966;1407;grocery list;2025-04-14
10967;980;music player;2025-02-20
10968;1381;chat app;2025-01-19
10969;126;note taking;2025-06-20
10970;538;task manager;2025-02-01
10971;1012;meditation app;2025-06-10
10972;502;video editor;2025-04-03
10973;1986;recipe app;2025-04-18
10974;144;puzzle games;2025-02-05
10975;259;photo editor;2025-05-16
10976;1121;music player;2025-02-05
10977;43;video editor;2025-02-24
10978;1538;photo editor;2025-05-15
10979;1490;language learning;2025-03-15
10980;249;job search;2025-04-09
10981;130;weather app;2025-01-08
10982;319;chat app;2025-04-16
10983;537;learn english;2025-06-26
10984;1286;video editor;2025-06-05
10985;489;video editor;2025-05-10
10986;388;recipe app;2025-06-10
10987;1249;travel planner;2025-01-17
10988;848;meditation app;2025-04-22
10989;561;free games;2025-03-04
10990;302;weather app;2025-05-28
10991;1365;photo editor;2025-05-27
10992;1504;weather app;2025-06-18
10993;368;recipe app;2025-02-05
10994;1615;grocery list;2025-02-08
10995;1814;language learning;2025-04-27
10996;1867;learn english;2025-02-14
10997;780;puzzle games;2025-03-03
10998;945;travel planner;2025-03-08
10999;1240;puzzle games;2025-05-26
11000;658;fitness tracker;2025-02-17
11001;642;fitness tracker;2025-06-07
11002;849;note taking;2025-03-08
11003;618;task manager;2025-03-13
11004;1557;weather app;2025-06-11
11005;880;grocery list;2025-04-22
11006;1039;learn english;2025-01-30
11007;153;crypto tracker;2025-02-26
11008;453;budget app;2025-04-20
11009;528;free games;2025-06-04
11010;1450;task manager;2025-01-07
11011;657;grocery list;2025-05-08
11012;981;photo editor;2025-03-27
11013;650;vpn;2025-06-02
11014;1383;budget app;2025-06-13
11015;1864;language learning;2025-06-28
11016;1821;fitness tracker;2025-05-04
11017;1087;job search;2025-06-06
11018;107;fitness tracker;2025-04-02
11019;1182;learn english;2025-06-26
11020;312;free games;2025-03-10
11021;1955;language learning;2025-03-02
11022;959;fitness tracker;2025-01-30
11023;845;fitness tracker;2025-04-12
11024;810;free games;2025-02-25
11025;299;chat app;2025-03-24
11026;1042;crypto tracker;2025-01-19
11027;1097;free games;2025-02-14
11028;1275;recipe app;2025-03-30
11029;1348;puzzle games;2025-05-31
11030;1163;job search;2025-04-30
11031;1577;weather app;2025-04-27
11032;1987;travel planner;2025-02-20
11033;1233;vpn;2025-05-06
11034;1747;travel planner;2025-03-22
11035;1564;vpn;2025-01-18
11036;1156;music player;2025-03-07
11037;1475;meditation app;2025-03-10
11038;1398;photo editor;2025-01-19
11039;132;job search;2025-06-22
11040;444;language learning;2025-04-27
11041;25;chat app;2025-05-16
11042;872;music player;2025-04-01
11043;805;meditation app;2025-04-21
11044;214;learn english;2025-02-11
11045;748;grocery list;2025-03-16
11046;1496;fitness tracker;2025-02-22
11047;426;free games;2025-01-04
11048;1113;budget app;2025-04-03
11049;815;weather app;2025-01-09
11050;1522;task manager;2025-06-29
11051;300;travel planner;2025-02-12
11052;1287;note taking;2025-06-13
11053;1145;music player;2025-05-11
11054;956;weather app;2025-02-13
11055;1638;learn english;2025-01-11
11056;1819;job search;2025-06-24
11057;1467;task manager;2025-05-15
11058;416;photo editor;2025-02-13
11059;1304;meditation app;2025-02-28
11060;1467;video editor;2025-04-01
11061;1562;crypto tracker;2025-05-20
11062;715;music player;2025-02-17
11063;6;job search;2025-02-04
11064;14;photo editor;2025-06-07
11065;920;free games;2025-05-21
11066;605;music player;2025-05-20
11067;963;note taking;2025-06-22
11068;143;video editor;2025-06-24
11069;1468;fitness tracker;2025-05-06
11070;1256;video editor;2025-02-23
11071;1289;language learning;2025-03-25
11072;136;fitness tracker;2025-06-09
11073;1498;recipe app;2025-04-01
11074;680;photo editor;2025-06-25
11075;1453;free games;2025-01-05
11076;1960;vpn;2025-01-21
11077;67;task manager;2025-01-30
11078;1267;crypto tracker;2025-06-26
11079;1102;note taking;2025-02-02
11080;264;video editor;2025-02-14
11081;426;budget app;2025-01-04
11082;430;video editor;2025-01-03
11083;926;music player;2025-02-03
11084;493;recipe app;2025-01-10
11085;315;task manager;2025-03-01
11086;6;chat app;2025-06-21
11087;557;music player;2025-06-13
11088;563;chat app;2025-04-27
11089;678;chat app;2025-05-28
11090;235;video editor;2025-05-27
11091;290;grocery list;2025-01-08
11092;1771;puzzle games;2025-01-29
11093;1785;video editor;2025-04-12
11094;453;learn english;2025-04-19
11095;1721;video editor;2025-06-06
11096;790;grocery list;2025-05-01
11097;1489;crypto tracker;2025-01-03
11098;510;chat app;2025-01-01
11099;521;vpn;2025-03-13
11100;1864;note taking;2025-01-17
11101;1931;free games;2025-04-10
11102;204;video editor;2025-04-11
11103;541;travel planner;2025-04-29
11104;9;free games;2025-06-25
11105;1120;crypto tracker;2025-03-16
11106;1616;recipe app;2025-05-22
11107;57;learn english;2025-03-26
11108;1493;learn english;2025-05-06
11109;834;crypto tracker;2025-02-06
11110;1189;video editor;2025-06-27
11111;349;task manager;2025-01-01
11112;1201;music player;2025-03-17
11113;197;learn english;2025-04-02
11114;13;recipe app;2025-01-05
11115;1340;puzzle games;2025-04-15
11116;1261;travel planner;2025-06-30
11117;852;learn english;2025-02-19
11118;251;recipe app;2025-02-11
11119;1451;recipe app;2025-04-06
11120;328;weather app;2025-06-28
11121;334;music player;2025-06-19
11122;1625;grocery list;2025-01-13
11123;665;task manager;2025-05-21
11124;396;meditation app;2025-06-15
11125;912;crypto tracker;2025-03-02
11126;717;note taking;2025-01-15
11127;1956;crypto tracker;2025-05-08
11128;829;fitness tracker;2025-03-29
11129;1529;chat app;2025-06-02
11130;746;budget app;2025-01-28
11131;179;learn english;2025-03-26
11132;1590;fitness tracker;2025-03-25
11133;655;task manager;2025-06-25
11134;892;fitness tracker;2025-04-29
11135;913;grocery list;2025-05-22
11136;1103;fitness tracker;2025-04-13
11137;83;weather app;2025-01-22
11138;912;note taking;2025-05-17
11139;1204;free games;2025-03-02
11140;41;note taking;2025-04-02
11141;1644;grocery list;2025-05-10
11142;15;travel planner;2025-05-01
11143;242;grocery list;2025-04-21
11144;139;crypto tracker;2025-02-03
11145;365;puzzle games;2025-02-26
11146;754;recipe app;2025-06-27
11147;1574;crypto tracker;2025-06-19
11148;1497;vpn;2025-06-02
11149;1801;fitness tracker;2025-01-12
11150;668;vpn;2025-05-25
11151;834;meditation app;2025-03-24
11152;912;job search;2025-06-03
11153;1244;photo editor;2025-01-28
11154;1394;chat app;2025-04-25
11155;1214;grocery list;2025-02-27
11156;38;crypto tracker;2025-03-26
11157;958;video editor;2025-02-06
11158;906;note taking;2025-03-25
11159;1571;learn english;2025-01-23
11160;797;free games;2025-05-21
11161;1168;vpn;2025-05-16
11162;1169;meditation app;2025-01-10
11163;1635;learn english;2025-03-31
11164;1351;fitness tracker;2025-02-16
11165;239;chat app;2025-02-21
11166;777;task manager;2025-06-02
11167;1591;language learning;2025-01-16
11168;16;task manager;2025-02-20
11169;558;meditation app;2025-04-21
11170;1395;photo editor;2025-02-03
11171;1376;task manager;2025-06-12
11172;1184;task manager;2025-05-31
11173;1265;weather app;2025-01-02
11174;1407;job search;2025-03-13
11175;800;learn english;2025-01-30
11176;1532;weather app;2025-05-27
11177;1238;job search;2025-05-28
11178;1811;puzzle games;2025-02-02
11179;956;learn english;2025-06-12
11180;1857;recipe app;2025-06-28
11181;807;budget app;2025-02-26
11182;433;task manager;2025-06-23
11183;995;grocery list;2025-05-13
11184;1386;vpn;2025-02-07
11185;1052;vpn;2025-06-14
11186;1973;grocery list;2025-06-07
11187;1049;language learning;2025-05-12
11188;1336;learn english;2025-05-20
11189;1584;note taking;2025-03-02
11190;1985;travel planner;2025-04-30
11191;811;weather app;2025-01-14
11192;1458;travel planner;2025-01-03
11193;1322;free games;2025-05-01
11194;486;job search;2025-05-31
11195;583;puzzle games;2025-05-30
11196;1253;crypto tracker;2025-03-12
11197;641;meditation app;2025-06-25
11198;1845;note taking;2025-03-21
11199;568;learn english;2025-01-12
11200;926;language learning;2025-05-29
11201;1855;fitness tracker;2025-04-20
11202;278;language learning;2025-06-13
11203;1580;recipe app;2025-03-14
11204;1340;weather app;2025-03-18
11205;1575;meditation app;2025-04-01
11206;1164;learn english;2025-06-26
11207;801;free games;2025-03-08
11208;511;recipe app;2025-05-29
11209;1336;task manager;2025-02-23
11210;1887;puzzle games;2025-05-13
11211;675;travel planner;2025-01-14
11212;947;puzzle games;2025-06-30
11213;1604;travel planner;2025-04-20
11214;746;task manager;2025-03-22
11215;923;task manager;2025-02-27
11216;1889;job search;2025-03-26
11217;854;grocery list;2025-01-19
11218;775;job search;2025-05-15
11219;634;chat app;2025-03-20
11220;1387;budget app;2025-05-06
11221;1723;chat app;2025-01-15
11222;907;learn english;2025-06-25
11223;1721;meditation app;2025-04-30
11224;1961;language learning;2025-01-25
11225;1803;chat app;2025-03-22
11226;1347;free games;2025-06-14
11227;1283;free games;2025-05-06
11228;1041;grocery list;2025-02-25
11229;795;travel planner;2025-02-10
11230;305;chat app;2025-02-20
11231;1466;task manager;2025-03-24
11232;579;free games;2025-03-02
11233;1852;chat app;2025-04-15
11234;1192;travel planner;2025-06-04
11235;697;music player;2025-05-22
11236;683;budget app;2025-02-17
11237;460;photo editor;2025-02-05
11238;1905;language learning;2025-03-22
11239;401;fitness tracker;2025-04-28
11240;488;recipe app;2025-06-27
11241;1375;recipe app;2025-01-31
11242;584;puzzle games;2025-04-26
11243;320;note taking;2025-06-02
11244;1414;budget app;2025-02-18
11245;287;music player;2025-03-04
11246;549;job search;2025-05-05
11247;154;crypto tracker;2025-04-19
11248;1623;puzzle games;2025-03-26
11249;1815;budget app;2025-05-30
11250;498;vpn;2025-03-22
11251;754;vpn;2025-06-27
11252;925;budget app;2025-02-08
11253;76;budget app;2025-04-16
11254;233;job search;2025-03-06
11255;151;chat app;2025-04-18
11256;1996;crypto tracker;2025-03-09
11257;1920;vpn;2025-05-25
11258;562;job search;2025-04-11
11259;228;fitness tracker;2025-01-28
11260;1129;travel planner;2025-03-05
11261;1899;puzzle games;2025-01-24
11262;1960;music player;2025-05-03
11263;1387;free games;2025-04-18
11264;666;free games;2025-04-23
11265;1506;language learning;2025-01-27
11266;1856;music player;2025-02-13
11267;1781;music player;2025-05-19
11268;1330;weather app;2025-06-17
11269;1455;free games;2025-04-04
11270;791;crypto tracker;2025-03-14
11271;859;grocery list;2025-06-27
11272;723;weather app;2025-06-21
11273;9;note taking;2025-04-05
11274;758;recipe app;2025-03-29
11275;1190;recipe app;2025-01-14
11276;259;video editor;2025-02-24
11277;1446;recipe app;2025-04-20
11278;14;job search;2025-05-08
11279;998;grocery list;2025-06-05
11280;1643;crypto tracker;2025-02-25
11281;476;music player;2025-05-05
11282;840;chat app;2025-05-28
11283;1482;puzzle games;2025-01-16
11284;539;video editor;2025-01-10
11285;60;task manager;2025-02-15
11286;1422;weather app;2025-04-13
11287;1159;language learning;2025-06-19
11288;1679;music player;2025-04-19
11289;1823;travel planner;2025-01-05
11290;377;fitness tracker;2025-02-08
11291;128;travel planner;2025-04-24
11292;768;recipe app;2025-06-23
11293;48;language learning;2025-01-27
11294;938;puzzle games;2025-01-10
11295;885;meditation app;2025-01-07
11296;1880;photo editor;2025-03-29
11297;1389;learn english;2025-02-14
11298;80;budget app;2025-02-23
11299;1197;chat app;2025-03-06
11300;634;puzzle games;2025-01-09
11301;937;video editor;2025-06-03
11302;975;fitness tracker;2025-01-30
11303;784;fitness tracker;2025-01-19
11304;1129;chat app;2025-06-25
11305;487;weather app;2025-05-31
11306;1505;photo editor;2025-06-02
11307;323;travel planner;2025-04-07
11308;1604;puzzle games;2025-02-07
11309;231;free games;2025-03-28
11310;460;free games;2025-05-03
11311;175;fitness tracker;2025-02-14
11312;1884;video editor;2025-01-11
11313;1774;budget app;2025-05-24
11314;258;music player;2025-05-11
11315;478;meditation app;2025-04-24
11316;1534;note taking;2025-02-16
11317;930;budget app;2025-03-22
11318;586;puzzle games;2025-05-24
11319;664;job search;2025-05-19
11320;1097;meditation app;2025-02-12
11321;1825;grocery list;2025-02-07
11322;128;language learning;2025-02-19
11323;309;fitness tracker;2025-06-27
11324;1353;task manager;2025-06-27
11325;1531;free games;2025-01-21
11326;343;video editor;2025-05-28
11327;1134;budget app;2025-03-16
11328;530;video editor;2025-06-30
11329;859;vpn;2025-05-09
11330;1188;recipe app;2025-02-05
11331;1517;note taking;2025-05-06
11332;837;free games;2025-05-26
11333;854;free games;2025-06-15
11334;874;note taking;2025-04-23
11335;319;note taking;2025-03-29
11336;363;vpn;2025-04-29
11337;446;meditation app;2025-05-21
11338;954;note taking;2025-05-01
11339;1014;grocery list;2025-05-18
11340;535;free games;2025-04-24
11341;8;puzzle games;2025-03-11
11342;854;recipe app;2025-05-03
11343;959;meditation app;2025-01-14
11344;889;photo editor;2025-02-06
11345;1854;puzzle games;2025-05-12
11346;1025;puzzle games;2025-04-27
11347;1953;music player;2025-05-20
11348;628;music player;2025-04-13
11349;1070;budget app;2025-06-03
11350;280;task manager;2025-02-07
11351;1831;language learning;2025-06-25
11352;1474;photo editor;2025-06-14
11353;1549;language learning;2025-03-07
11354;245;meditation app;2025-01-07
11355;3;recipe app;2025-02-20
11356;1773;job search;2025-01-20
11357;1322;task manager;2025-04-19
11358;69;recipe app;2025-04-10
11359;1493;language learning;2025-05-19
11360;1056;free games;2025-02-21
11361;153;language learning;2025-04-07
11362;626;job search;2025-05-28
11363;1717;vpn;2025-06-12
11364;132;music player;2025-04-30
11365;1194;task manager;2025-02-18
11366;1839;learn english;2025-02-14
11367;1559;note taking;2025-02-04
11368;1141;vpn;2025-03-02
11369;765;note taking;2025-01-22
11370;1718;language learning;2025-01-05
11371;174;travel planner;2025-06-04
11372;176;puzzle games;2025-05-23
11373;1395;note taking;2025-05-23
11374;41;task manager;2025-04-23
11375;6;learn english;2025-05-01
11376;3;task manager;2025-06-25
11377;820;job search;2025-01-27
11378;752;fitness tracker;2025-01-11
11379;983;meditation app;2025-06-16
11380;212;budget app;2025-05-01
11381;1694;crypto tracker;2025-01-15
11382;584;weather app;2025-02-27
11383;870;grocery list;2025-05-29
11384;764;meditation app;2025-06-02
11385;777;meditation app;2025-06-29
11386;311;crypto tracker;2025-04-16
11387;171;budget app;2025-03-25
11388;1996;photo editor;2025-01-24
11389;72;travel planner;2025-01-01
11390;105;job search;2025-01-14
11391;1670;learn english;2025-05-08
11392;1138;vpn;2025-01-08
11393;1488;fitness tracker;2025-01-04
11394;763;budget app;2025-02-08
11395;713;crypto tracker;2025-05-25
11396;970;fitness tracker;2025-06-25
11397;1562;weather app;2025-06-30
11398;1399;puzzle games;2025-02-14
11399;68;photo editor;2025-01-04
11400;1382;fitness tracker;2025-06-08
11401;1846;job search;2025-04-04
11402;1853;puzzle games;2025-06-04
11403;970;note taking;2025-06-15
11404;944;recipe app;2025-06-13
11405;472;puzzle games;2025-04-19
11406;659;puzzle games;2025-04-26
11407;1533;crypto tracker;2025-03-07
11408;1703;fitness tracker;2025-03-30
11409;310;language learning;2025-06-19
11410;1389;puzzle games;2025-03-08
11411;1371;fitness tracker;2025-01-15
11412;577;photo editor;2025-04-14
11413;583;learn english;2025-03-31
11414;1595;chat app;2025-04-23
11415;598;budget app;2025-06-24
11416;1743;vpn;2025-01-24
11417;1845;chat app;2025-03-03
11418;940;puzzle games;2025-02-28
11419;1779;meditation app;2025-04-19
11420;1631;language learning;2025-05-27
11421;1580;puzzle games;2025-04-25
11422;777;grocery list;2025-01-30
11423;1523;language learning;2025-01-02
11424;1716;task manager;2025-03-23
11425;704;job search;2025-01-23
11426;1656;meditation app;2025-03-19
11427;1227;budget app;2025-04-03
11428;1067;crypto tracker;2025-06-07
11429;1482;language learning;2025-05-13
11430;1043;photo editor;2025-03-12
11431;559;travel planner;2025-06-06
11432;72;task manager;2025-01-15
11433;434;recipe app;2025-05-09
11434;821;fitness tracker;2025-03-14
11435;1505;budget app;2025-06-22
11436;729;meditation app;2025-03-07
11437;544;recipe app;2025-01-07
11438;1157;puzzle games;2025-05-28
11439;1143;video editor;2025-02-23
11440;375;note taking;2025-04-06
11441;1567;weather app;2025-03-23
11442;298;meditation app;2025-06-01
11443;224;learn english;2025-01-30
11444;186;budget app;2025-06-29
11445;1062;vpn;2025-06-27
11446;1765;photo editor;2025-05-17
11447;513;video editor;2025-06-23
11448;869;task manager;2025-06-06
11449;1135;recipe app;2025-06-02
11450;456;fitness tracker;2025-01-20
11451;498;vpn;2025-05-28
11452;844;learn english;2025-05-09
11453;1364;chat app;2025-01-14
11454;1677;meditation app;2025-06-27
11455;407;note taking;2025-06-27
11456;1919;grocery list;2025-01-03
11457;1798;budget app;2025-02-09
11458;303;video editor;2025-03-09
11459;318;vpn;2025-06-07
11460;1983;job search;2025-06-19
11461;1910;music player;2025-01-03
11462;686;recipe app;2025-03-17
11463;1120;fitness tracker;2025-05-28
11464;1059;job search;2025-05-21
11465;1771;learn english;2025-06-06
11466;289;photo editor;2025-03-14
11467;964;note taking;2025-06-05
11468;1493;grocery list;2025-03-13
11469;916;crypto tracker;2025-04-09
11470;11;crypto tracker;2025-02-14
11471;1196;weather app;2025-04-27
11472;1963;learn english;2025-05-04
11473;1477;grocery list;2025-03-06
11474;1398;job search;2025-02-16
11475;166;note taking;2025-04-21
11476;161;meditation app;2025-02-16
11477;1023;recipe app;2025-05-18
11478;98;note taking;2025-03-30
11479;1640;music player;2025-06-09
11480;1705;fitness tracker;2025-04-19
11481;914;video editor;2025-06-08
11482;1884;task manager;2025-05-13
11483;1330;puzzle games;2025-04-27
11484;1208;grocery list;2025-05-15
11485;945;job search;2025-03-26
11486;601;note taking;2025-03-26
11487;1051;note taking;2025-04-26
11488;1554;crypto tracker;2025-01-18
11489;483;note taking;2025-01-02
11490;237;puzzle games;2025-02-04
11491;1479;travel planner;2025-06-27
11492;437;video editor;2025-01-01
11493;1416;recipe app;2025-06-04
11494;891;fitness tracker;2025-06-28
11495;930;recipe app;2025-06-19
11496;132;travel planner;2025-02-23
11497;515;language learning;2025-03-05
11498;1057;puzzle games;2025-01-07
11499;228;music player;2025-03-13
11500;1724;task manager;2025-03-15
11501;1614;crypto tracker;2025-05-03
11502;1238;weather app;2025-04-19
11503;1473;vpn;2025-04-15
11504;244;photo editor;2025-04-03
11505;839;grocery list;2025-04-13
11506;279;music player;2025-06-29
11507;1888;weather app;2025-01-16
11508;1979;meditation app;2025-01-08
11509;1347;video editor;2025-03-27
11510;1257;note taking;2025-05-13
11511;62;recipe app;2025-03-01
11512;210;language learning;2025-01-09
11513;269;music player;2025-04-26
11514;1302;crypto tracker;2025-03-03
11515;509;budget app;2025-02-24
11516;1715;meditation app;2025-06-22
11517;361;job search;2025-01-18
11518;1100;video editor;2025-06-12
11519;1329;fitness tracker;2025-03-14
11520;611;meditation app;2025-04-01
11521;857;chat app;2025-01-17
11522;1638;learn english;2025-02-03
11523;1282;photo editor;2025-02-23
11524;1114;free games;2025-05-06
11525;1116;fitness tracker;2025-05-23
11526;1852;job search;2025-05-19
11527;1553;budget app;2025-04-12
11528;853;photo editor;2025-03-23
11529;1428;crypto tracker;2025-03-30
11530;1276;task manager;2025-03-26
11531;1052;language learning;2025-04-07
11532;475;vpn;2025-04-21
11533;668;crypto tracker;2025-01-21
11534;1071;free games;2025-02-12
11535;1288;grocery list;2025-06-24
11536;1070;fitness tracker;2025-03-28
11537;286;photo editor;2025-02-13
11538;1874;task manager;2025-06-30
11539;1107;language learning;2025-04-21
11540;1197;budget app;2025-03-22
11541;1709;puzzle games;2025-03-11
11542;799;travel planner;2025-06-05
11543;1078;crypto tracker;2025-02-14
11544;1100;task manager;2025-02-10
11545;1419;grocery list;2025-03-15
11546;920;budget app;2025-03-26
11547;316;budget app;2025-03-04
11548;163;weather app;2025-06-22
11549;344;puzzle games;2025-05-19
11550;1138;meditation app;2025-01-24
11551;1624;fitness tracker;2025-02-23
11552;1528;fitness tracker;2025-01-05
11553;426;video editor;2025-04-08
11554;1072;video editor;2025-03-17
11555;260;meditation app;2025-05-04
11556;1117;language learning;2025-02-04
11557;876;grocery list;2025-06-29
11558;1359;recipe app;2025-02-17
11559;966;music player;2025-05-16
11560;948;language learning;2025-01-08
11561;1480;weather app;2025-02-08
11562;13;task manager;2025-05-04
11563;920;grocery list;2025-02-27
11564;1703;note taking;2025-04-23
11565;1987;photo editor;2025-01-02
11566;833;fitness tracker;2025-06-20
11567;1100;weather app;2025-02-26
11568;545;vpn;2025-06-12
11569;1443;vpn;2025-05-03
11570;498;recipe app;2025-04-19
11571;356;chat app;2025-06-16
11572;265;meditation app;2025-05-08
11573;1320;budget app;2025-01-15
11574;522;recipe app;2025-02-24
11575;696;task manager;2025-04-02
11576;1446;travel planner;2025-05-01
11577;448;budget app;2025-02-02
11578;1590;meditation app;2025-02-26
11579;1527;music player;2025-02-13
11580;1128;vpn;2025-04-25
11581;1890;free games;2025-03-21
11582;1453;fitness tracker;2025-03-07
11583;86;music player;2025-03-26
11584;701;recipe app;2025-03-16
11585;1861;video editor;2025-05-14
11586;1237;weather app;2025-05-29
11587;1630;meditation app;2025-04-28
11588;1330;budget app;2025-03-17
11589;214;learn english;2025-04-17
11590;977;grocery list;2025-05-18
11591;1749;photo editor;2025-04-03
11592;1616;travel planner;2025-04-18
11593;1306;crypto tracker;2025-04-13
11594;1781;meditation app;2025-03-01
11595;1081;language learning;2025-03-29
11596;779;puzzle games;2025-01-03
11597;609;note taking;2025-05-12
11598;1375;note taking;2025-06-21
11599;884;job search;2025-02-28
11600;425;fitness tracker;2025-02-15
11601;1278;photo editor;2025-06-26
11602;334;crypto tracker;2025-05-20
11603;1234;recipe app;2025-04-01
11604;1095;meditation app;2025-06-26
11605;897;free games;2025-01-03
11606;1351;video editor;2025-02-11
11607;490;puzzle games;2025-03-09
11608;1926;recipe app;2025-05-30
11609;1721;travel planner;2025-06-23
11610;1725;note taking;2025-02-10
11611;864;note taking;2025-01-09
11612;1000;video editor;2025-01-07
11613;1303;grocery list;2025-06-02
11614;662;chat app;2025-01-16
11615;175;music player;2025-01-13
11616;462;weather app;2025-05-28
11617;1048;free games;2025-06-27
11618;241;weather app;2025-05-10
11619;1022;photo editor;2025-04-07
11620;295;grocery list;2025-02-27
11621;508;vpn;2025-04-19
11622;1126;puzzle games;2025-01-14
11623;657;grocery list;2025-01-20
11624;79;grocery list;2025-06-22
11625;35;learn english;2025-04-04
11626;1677;chat app;2025-02-22
11627;937;note taking;2025-02-20
11628;668;language learning;2025-04-28
11629;44;music player;2025-06-12
11630;1344;meditation app;2025-05-06
11631;340;task manager;2025-04-28
11632;146;recipe app;2025-04-08
11633;750;puzzle games;2025-04-21
11634;1352;puzzle games;2025-04-05
11635;948;travel planner;2025-06-20
11636;1840;crypto tracker;2025-04-01
11637;1968;job search;2025-03-29
11638;1164;recipe app;2025-06-06
11639;1168;vpn;2025-04-05
11640;53;recipe app;2025-03-24
11641;1837;weather app;2025-06-26
11642;1289;language learning;2025-02-04
11643;1154;photo editor;2025-04-24
11644;235;crypto tracker;2025-05-12
11645;747;crypto tracker;2025-01-20
11646;1146;weather app;2025-06-09
11647;707;fitness tracker;2025-06-26
11648;641;music player;2025-06-19
11649;1837;vpn;2025-02-06
11650;1657;budget app;2025-04-27
11651;1832;task manager;2025-06-15
11652;2000;task manager;2025-02-11
11653;1587;photo editor;2025-04-11
11654;1332;recipe app;2025-01-25
11655;1790;photo editor;2025-06-06
11656;1289;fitness tracker;2025-01-24
11657;614;vpn;2025-05-06
11658;605;crypto tracker;2025-03-23
11659;306;budget app;2025-02-22
11660;83;music player;2025-05-02
11661;1292;language learning;2025-06-09
11662;1806;note taking;2025-04-29
11663;415;free games;2025-05-12
11664;1497;grocery list;2025-02-06
11665;615;budget app;2025-02-18
11666;1685;vpn;2025-06-24
11667;1758;weather app;2025-02-14
11668;1482;photo editor;2025-02-13
11669;1512;crypto tracker;2025-03-15
11670;20;fitness tracker;2025-05-30
11671;411;video editor;2025-03-01
11672;594;free games;2025-05-28
11673;514;photo editor;2025-02-15
11674;1633;photo editor;2025-05-22
11675;1846;budget app;2025-04-03
11676;1472;fitness tracker;2025-04-01
11677;980;travel planner;2025-03-23
11678;1194;travel planner;2025-01-16
11679;1449;free games;2025-03-14
11680;1895;job search;2025-06-05
11681;1871;note taking;2025-01-23
11682;280;weather app;2025-02-09
11683;666;crypto tracker;2025-04-15
11684;17;photo editor;2025-05-22
11685;1844;puzzle games;2025-01-23
11686;1956;learn english;2025-02-22
11687;1639;crypto tracker;2025-03-01
11688;537;task manager;2025-04-04
11689;969;photo editor;2025-02-21
11690;439;puzzle games;2025-06-25
11691;1277;video editor;2025-06-27
11692;361;meditation app;2025-04-20
11693;1120;video editor;2025-01-23
11694;381;job search;2025-03-03
11695;595;music player;2025-01-30
11696;1573;learn english;2025-02-08
11697;54;fitness tracker;2025-06-08
11698;177;chat app;2025-05-09
11699;172;weather app;2025-01-11
11700;189;crypto tracker;2025-06-01
11701;1760;crypto tracker;2025-05-24
11702;71;fitness tracker;2025-06-08
11703;1077;puzzle games;2025-01-13
11704;1139;grocery list;2025-06-15
11705;1082;photo editor;2025-05-29
11706;778;video editor;2025-03-19
11707;1658;vpn;2025-02-10
11708;386;learn english;2025-05-27
11709;221;travel planner;2025-06-01
11710;74;task manager;2025-02-09
11711;144;chat app;2025-02-19
11712;658;language learning;2025-05-24
11713;1490;chat app;2025-01-25
11714;906;music player;2025-03-01
11715;1558;video editor;2025-06-10
11716;817;job search;2025-01-14
11717;616;photo editor;2025-05-04
11718;175;free games;2025-06-17
11719;446;grocery list;2025-05-25
11720;189;puzzle games;2025-01-30
11721;1819;task manager;2025-05-03
11722;596;budget app;2025-03-24
11723;1666;free games;2025-01-29
11724;490;chat app;2025-02-10
11725;47;weather app;2025-03-11
11726;1952;note taking;2025-06-01
11727;754;video editor;2025-01-08
11728;1963;job search;2025-01-20
11729;525;task manager;2025-05-02
11730;1577;language learning;2025-03-30
11731;119;job search;2025-04-27
11732;711;music player;2025-04-02
11733;1449;meditation app;2025-02-08
11734;464;photo editor;2025-04-07
11735;1549;chat app;2025-01-31
11736;808;free games;2025-02-20
11737;1357;job search;2025-06-14
11738;1032;photo editor;2025-01-24
11739;1336;budget app;2025-03-22
11740;1579;meditation app;2025-01-08
11741;1955;chat app;2025-05-27
11742;1254;language learning;2025-02-22
11743;124;video editor;2025-04-13
11744;1782;meditation app;2025-01-06
11745;28;vpn;2025-06-02
11746;1245;note taking;2025-04-14
11747;1872;puzzle games;2025-04-12
11748;814;puzzle games;2025-03-04
11749;1764;music player;2025-03-05
11750;447;meditation app;2025-01-16
11751;60;job search;2025-01-28
11752;1521;recipe app;2025-05-14
11753;1677;free games;2025-01-07
11754;1188;job search;2025-01-17
11755;562;budget app;2025-05-24
11756;862;chat app;2025-03-05
11757;374;chat app;2025-03-18
11758;442;free games;2025-04-14
11759;692;grocery list;2025-05-06
11760;601;crypto tracker;2025-06-28
11761;1110;task manager;2025-05-22
11762;395;puzzle games;2025-06-16
11763;351;weather app;2025-04-30
11764;687;puzzle games;2025-01-02
11765;1722;travel planner;2025-05-07
11766;382;music player;2025-05-15
11767;1743;recipe app;2025-05-19
11768;1718;music player;2025-06-25
11769;766;grocery list;2025-03-28
11770;1522;note taking;2025-04-02
11771;648;learn english;2025-02-24
11772;1271;learn english;2025-05-28
11773;1956;video editor;2025-01-07
11774;1974;chat app;2025-03-21
11775;1064;fitness tracker;2025-03-02
11776;878;job search;2025-05-19
11777;1149;chat app;2025-05-21
11778;1455;job search;2025-02-20
11779;812;travel planner;2025-06-12
11780;395;music player;2025-03-03
11781;1090;free games;2025-01-09
11782;529;weather app;2025-04-16
11783;523;meditation app;2025-04-04
11784;1063;crypto tracker;2025-04-16
11785;863;note taking;2025-05-13
11786;883;job search;2025-03-10
11787;202;language learning;2025-03-01
11788;1006;photo editor;2025-02-03
11789;80;language learning;2025-02-28
11790;217;meditation app;2025-03-27
11791;707;fitness tracker;2025-05-28
11792;906;job search;2025-04-13
11793;77;learn english;2025-03-08
11794;734;task manager;2025-03-19
11795;10;task manager;2025-01-27
11796;228;note taking;2025-03-06
11797;1637;photo editor;2025-04-05
11798;900;fitness tracker;2025-05-20
11799;231;crypto tracker;2025-02-24
11800;1440;language learning;2025-01-18
11801;149;video editor;2025-05-18
11802;781;learn english;2025-01-27
11803;629;language learning;2025-01-08
11804;1761;chat app;2025-04-07
11805;156;photo editor;2025-05-13
11806;1245;fitness tracker;2025-04-13
11807;1533;free games;2025-03-27
11808;700;recipe app;2025-06-11
11809;553;language learning;2025-03-31
11810;1864;note taking;2025-02-14
11811;1519;language learning;2025-05-09
11812;1987;weather app;2025-04-08
11813;1038;note taking;2025-03-01
11814;1024;meditation app;2025-01-23
11815;547;free games;2025-02-20
11816;595;note taking;2025-06-11
11817;1405;recipe app;2025-03-13
11818;693;travel planner;2025-04-01
11819;1382;video editor;2025-04-19
11820;59;free games;2025-03-01
11821;15;photo editor;2025-01-24
11822;1231;video editor;2025-06-14
11823;282;music player;2025-05-08
11824;1589;music player;2025-02-26
11825;1984;task manager;2025-04-07
11826;1639;travel planner;2025-05-01
11827;1858;note taking;2025-06-25
11828;258;learn english;2025-06-16
11829;1756;meditation app;2025-02-23
11830;800;task manager;2025-03-01
11831;1096;vpn;2025-06-18
11832;1610;budget app;2025-05-29
11833;666;meditation app;2025-01-06
11834;1618;travel planner;2025-02-19
11835;530;free games;2025-06-04
11836;1175;photo editor;2025-04-15
11837;1399;vpn;2025-01-09
11838;1114;learn english;2025-01-18
11839;388;video editor;2025-06-27
11840;1620;note taking;2025-01-05
11841;493;note taking;2025-05-16
11842;1287;note taking;2025-05-24
11843;558;chat app;2025-05-02
11844;1665;meditation app;2025-01-09
11845;32;video editor;2025-02-14
11846;1660;job search;2025-05-27
11847;678;travel planner;2025-03-27
11848;1795;learn english;2025-03-20
11849;1662;fitness tracker;2025-06-02
11850;1956;vpn;2025-03-07
11851;584;puzzle games;2025-04-10
11852;877;travel planner;2025-03-26
11853;602;music player;2025-01-22
11854;1520;job search;2025-06-28
11855;1430;vpn;2025-04-22
11856;268;job search;2025-03-29
11857;346;task manager;2025-01-02
11858;1981;free games;2025-01-29
11859;850;photo editor;2025-06-15
11860;916;chat app;2025-03-11
11861;627;meditation app;2025-05-29
11862;1357;crypto tracker;2025-06-28
11863;1539;recipe app;2025-05-30
11864;378;weather app;2025-03-22
11865;1381;learn english;2025-04-15
11866;1458;chat app;2025-05-22
11867;467;fitness tracker;2025-04-19
11868;571;task manager;2025-06-05
11869;997;photo editor;2025-06-25
11870;1957;budget app;2025-01-14
11871;186;meditation app;2025-01-04
11872;953;grocery list;2025-01-27
11873;257;puzzle games;2025-03-14
11874;1304;recipe app;2025-04-25
11875;830;photo editor;2025-03-03
11876;84;note taking;2025-05-25
11877;618;grocery list;2025-03-14
11878;185;crypto tracker;2025-02-14
11879;1282;weather app;2025-03-22
11880;1462;vpn;2025-02-08
11881;1613;grocery list;2025-02-21
11882;1311;chat app;2025-05-04
11883;347;grocery list;2025-05-01
11884;1461;vpn;2025-04-14
11885;1349;job search;2025-05-27
11886;1137;learn english;2025-06-18
11887;427;budget app;2025-02-05
11888;850;recipe app;2025-04-07
11889;561;meditation app;2025-05-01
11890;197;photo editor;2025-03-29
11891;1061;grocery list;2025-02-03
11892;1810;photo editor;2025-05-15
11893;1773;meditation app;2025-01-10
11894;1383;task manager;2025-06-02
11895;569;photo editor;2025-01-01
11896;999;travel planner;2025-01-31
11897;238;video editor;2025-01-31
11898;156;crypto tracker;2025-04-13
11899;528;note taking;2025-04-08
11900;1460;photo editor;2025-01-27
11901;1194;task manager;2025-03-03
11902;124;travel planner;2025-04-28
11903;744;crypto tracker;2025-02-14
11904;1499;crypto tracker;2025-05-06
11905;436;task manager;2025-05-20
11906;1758;recipe app;2025-02-17
11907;494;job search;2025-06-21
11908;989;crypto tracker;2025-05-24
11909;1382;job search;2025-04-28
11910;10;budget app;2025-05-01
11911;1148;grocery list;2025-01-31
11912;1296;music player;2025-03-29
11913;497;fitness tracker;2025-03-27
11914;1908;learn english;2025-02-10
11915;178;grocery list;2025-01-08
11916;1128;fitness tracker;2025-02-12
11917;832;job search;2025-05-27
11918;1990;travel planner;2025-01-16
11919;1259;video editor;2025-06-20
11920;832;video editor;2025-01-05
11921;304;grocery list;2025-04-21
11922;739;chat app;2025-05-21
11923;441;travel planner;2025-06-15
11924;740;meditation app;2025-01-17
11925;840;crypto tracker;2025-04-14
11926;1553;task manager;2025-02-04
11927;1997;learn english;2025-01-01
11928;1699;free games;2025-02-18
11929;1399;job search;2025-01-03
11930;1704;travel planner;2025-01-06
11931;916;budget app;2025-03-04
11932;999;task manager;2025-01-16
11933;1081;task manager;2025-04-17
11934;1883;video editor;2025-05-29
11935;461;fitness tracker;2025-01-10
11936;1022;budget app;2025-05-27
11937;1975;task manager;2025-03-02
11938;560;task manager;2025-03-11
11939;1217;music player;2025-06-22
11940;1424;video editor;2025-05-06
11941;1480;crypto tracker;2025-05-19
11942;902;video editor;2025-06-25
11943;361;puzzle games;2025-04-15
11944;712;budget app;2025-05-02
11945;1636;crypto tracker;2025-06-22
11946;1769;note taking;2025-03-29
11947;809;recipe app;2025-04-24
11948;273;video editor;2025-05-01
11949;810;vpn;2025-06-23
11950;566;photo editor;2025-06-03
11951;1045;fitness tracker;2025-05-09
11952;211;meditation app;2025-05-31
11953;556;job search;2025-05-03
11954;1183;vpn;2025-01-01
11955;1760;budget app;2025-02-19
11956;630;recipe app;2025-02-03
11957;1546;music player;2025-01-16
11958;381;video editor;2025-02-15
11959;814;puzzle games;2025-02-27
11960;120;chat app;2025-02-02
11961;1731;language learning;2025-06-19
11962;1950;note taking;2025-03-30
11963;352;vpn;2025-04-24
11964;457;weather app;2025-01-03
11965;1253;budget app;2025-04-29
11966;1544;note taking;2025-01-11
11967;1501;language learning;2025-02-28
11968;687;photo editor;2025-04-21
11969;1055;recipe app;2025-02-07
11970;1326;music player;2025-03-11
11971;953;language learning;2025-05-03
11972;754;learn english;2025-02-02
11973;702;grocery list;2025-02-21
11974;988;travel planner;2025-06-01
11975;51;budget app;2025-04-02
11976;1722;chat app;2025-04-13
11977;1482;video editor;2025-06-03
11978;1907;chat app;2025-02-19
11979;279;job search;2025-04-22
11980;473;chat app;2025-03-08
11981;266;music player;2025-05-17
11982;1933;vpn;2025-06-28
11983;820;fitness tracker;2025-05-14
11984;473;meditation app;2025-02-05
11985;1834;weather app;2025-05-08
11986;1381;fitness tracker;2025-02-17
11987;691;travel planner;2025-02-23
11988;209;budget app;2025-03-01
11989;1659;weather app;2025-05-01
11990;1689;budget app;2025-01-02
11991;1113;travel planner;2025-03-21
11992;292;chat app;2025-03-06
11993;1917;budget app;2025-02-22
11994;1522;meditation app;2025-01-03
11995;548;chat app;2025-02-18
11996;478;chat app;2025-06-24
11997;254;grocery list;2025-05-12
11998;432;grocery list;2025-03-13
11999;752;language learning;2025-06-12
12000;1569;photo editor;2025-02-02
12001;738;job search;2025-05-21
12002;1282;free games;2025-03-10
12003;952;weather app;2025-04-23
12004;207;travel planner;2025-05-15
12005;1641;vpn;2025-06-25
12006;1388;learn english;2025-05-03
12007;1945;video editor;2025-05-27
12008;1350;language learning;2025-05-19
12009;34;language learning;2025-03-17
12010;757;vpn;2025-03-20
12011;620;music player;2025-01-25
12012;753;job search;2025-06-20
12013;1427;grocery list;2025-02-26
12014;950;puzzle games;2025-06-21
12015;323;video editor;2025-03-16
12016;62;recipe app;2025-02-22
12017;1461;music player;2025-06-11
12018;1688;meditation app;2025-02-20
12019;1327;puzzle games;2025-04-20
12020;1070;task manager;2025-04-03
12021;1264;chat app;2025-03-09
12022;1487;music player;2025-05-15
12023;1139;chat app;2025-06-12
12024;1645;travel planner;2025-01-10
12025;453;puzzle games;2025-04-27
12026;1257;puzzle games;2025-04-30
12027;1872;task manager;2025-02-25
12028;1388;chat app;2025-01-21
12029;1421;vpn;2025-01-06
12030;488;fitness tracker;2025-01-25
12031;1217;task manager;2025-04-06
12032;1552;travel planner;2025-06-22
12033;862;vpn;2025-04-03
12034;1597;photo editor;2025-06-24
12035;1403;free games;2025-02-02
12036;680;free games;2025-04-12
12037;893;video editor;2025-06-16
12038;1074;language learning;2025-06-13
12039;1375;budget app;2025-04-14
12040;1324;meditation app;2025-02-27
12041;610;job search;2025-04-17
12042;965;photo editor;2025-03-18
12043;1698;travel planner;2025-05-28
12044;1390;grocery list;2025-04-20
12045;506;music player;2025-05-24
12046;1196;vpn;2025-06-07
12047;183;free games;2025-03-01
12048;1081;recipe app;2025-02-17
12049;636;music player;2025-05-01
12050;781;fitness tracker;2025-02-09
12051;212;recipe app;2025-04-01
12052;1160;language learning;2025-03-03
12053;1859;meditation app;2025-03-17
12054;422;travel planner;2025-06-23
12055;850;weather app;2025-06-02
12056;1237;note taking;2025-06-07
12057;690;puzzle games;2025-03-15
12058;15;chat app;2025-05-23
12059;1153;vpn;2025-03-24
12060;1614;crypto tracker;2025-04-17
12061;742;video editor;2025-06-19
12062;1338;vpn;2025-02-20
12063;153;job search;2025-01-15
12064;1052;job search;2025-02-25
12065;65;budget app;2025-02-08
12066;1513;photo editor;2025-01-05
12067;1357;music player;2025-04-30
12068;1926;chat app;2025-04-08
12069;1376;language learning;2025-02-26
12070;1399;fitness tracker;2025-03-31
12071;1507;language learning;2025-06-18
12072;1628;meditation app;2025-02-22
12073;1475;fitness tracker;2025-02-13
12074;1940;chat app;2025-03-14
12075;1881;task manager;2025-04-26
12076;549;travel planner;2025-02-24
12077;1226;photo editor;2025-04-20
12078;1368;language learning;2025-01-02
12079;1633;learn english;2025-05-29
12080;254;budget app;2025-06-04
12081;22;crypto tracker;2025-05-21
12082;1064;video editor;2025-04-12
12083;1475;free games;2025-04-24
12084;426;music player;2025-04-16
12085;634;crypto tracker;2025-04-25
12086;1585;grocery list;2025-05-27
12087;1287;chat app;2025-06-20
12088;961;task manager;2025-04-02
12089;1258;vpn;2025-06-11
12090;1924;note taking;2025-01-24
12091;992;video editor;2025-01-15
12092;1612;puzzle games;2025-06-21
12093;48;puzzle games;2025-02-20
12094;1016;learn english;2025-04-17
12095;600;vpn;2025-06-13
12096;1945;grocery list;2025-01-28
12097;30;crypto tracker;2025-03-31
12098;1539;job search;2025-03-05
12099;1466;note taking;2025-04-18
12100;892;travel planner;2025-03-18
12101;523;job search;2025-02-24
12102;1411;weather app;2025-05-19
12103;903;grocery list;2025-01-15
12104;1525;recipe app;2025-02-03
12105;1027;travel planner;2025-01-08
12106;1351;recipe app;2025-04-10
12107;895;vpn;2025-01-23
12108;1133;chat app;2025-04-24
12109;1111;crypto tracker;2025-04-26
12110;907;photo editor;2025-06-01
12111;1083;grocery list;2025-05-09
12112;485;meditation app;2025-03-12
12113;503;note taking;2025-04-01
12114;89;puzzle games;2025-04-14
12115;1041;recipe app;2025-06-08
12116;439;task manager;2025-01-11
12117;810;fitness tracker;2025-03-24
12118;119;music player;2025-03-03
12119;93;task manager;2025-05-27
12120;1321;travel planner;2025-06-22
12121;799;note taking;2025-04-11
12122;1643;puzzle games;2025-06-13
12123;339;note taking;2025-02-26
12124;611;weather app;2025-04-02
12125;515;task manager;2025-04-14
12126;1219;recipe app;2025-02-15
12127;230;fitness tracker;2025-01-27
12128;1405;vpn;2025-04-10
12129;66;weather app;2025-05-10
12130;926;photo editor;2025-01-02
12131;1068;grocery list;2025-01-12
12132;430;recipe app;2025-03-21
12133;860;puzzle games;2025-03-16
12134;782;video editor;2025-01-01
12135;1853;crypto tracker;2025-05-31
12136;1644;budget app;2025-02-24
12137;977;language learning;2025-03-08
12138;904;note taking;2025-04-28
12139;882;travel planner;2025-02-01
12140;1346;photo editor;2025-04-20
12141;167;fitness tracker;2025-02-15
12142;238;recipe app;2025-01-12
12143;1546;weather app;2025-05-28
12144;1672;language learning;2025-06-28
12145;642;vpn;2025-05-22
12146;1616;video editor;2025-05-09
12147;1457;photo editor;2025-06-13
12148;1154;budget app;2025-01-11
12149;1614;crypto tracker;2025-02-01
12150;643;task manager;2025-06-04
12151;454;chat app;2025-02-25
12152;764;music player;2025-05-20
12153;852;language learning;2025-01-01
12154;206;weather app;2025-05-12
12155;643;recipe app;2025-01-01
12156;1570;free games;2025-02-12
12157;1201;recipe app;2025-05-04
12158;396;task manager;2025-01-03
12159;217;free games;2025-01-18
12160;378;crypto tracker;2025-04-01
12161;1754;meditation app;2025-01-25
12162;1973;grocery list;2025-01-24
12163;1867;vpn;2025-05-24
12164;113;language learning;2025-06-17
12165;1656;photo editor;2025-06-03
12166;605;puzzle games;2025-05-26
12167;1579;travel planner;2025-01-30
12168;389;language learning;2025-06-10
12169;1607;vpn;2025-01-10
12170;1797;vpn;2025-03-28
12171;248;travel planner;2025-01-25
12172;1376;travel planner;2025-02-26
12173;1707;travel planner;2025-04-16
12174;1091;meditation app;2025-01-21
12175;1028;video editor;2025-06-19
12176;1009;photo editor;2025-05-04
12177;16;grocery list;2025-01-03
12178;1315;crypto tracker;2025-06-06
12179;1942;music player;2025-06-02
12180;1743;chat app;2025-02-11
12181;1539;grocery list;2025-04-04
12182;36;job search;2025-06-29
12183;208;puzzle games;2025-04-19
12184;172;music player;2025-06-01
12185;451;chat app;2025-02-05
12186;153;chat app;2025-03-13
12187;1181;vpn;2025-02-11
12188;1970;music player;2025-01-11
12189;1153;note taking;2025-01-11
12190;1364;budget app;2025-02-24
12191;979;photo editor;2025-05-01
12192;1016;vpn;2025-05-14
12193;1139;vpn;2025-04-09
12194;317;meditation app;2025-03-07
12195;1108;free games;2025-04-10
12196;819;learn english;2025-01-18
12197;1415;fitness tracker;2025-04-17
12198;1616;music player;2025-01-09
12199;1331;weather app;2025-01-16
12200;796;travel planner;2025-04-05
12201;1932;photo editor;2025-04-20
12202;652;job search;2025-06-22
12203;192;fitness tracker;2025-01-29
12204;242;grocery list;2025-04-21
12205;99;photo editor;2025-05-19
12206;168;learn english;2025-06-20
12207;1495;music player;2025-06-21
12208;1456;weather app;2025-06-23
12209;1259;puzzle games;2025-02-26
12210;401;budget app;2025-02-16
12211;665;vpn;2025-05-30
12212;1792;task manager;2025-05-07
12213;1190;music player;2025-01-16
12214;879;music player;2025-02-26
12215;236;crypto tracker;2025-06-19
12216;699;puzzle games;2025-04-21
12217;1137;task manager;2025-06-29
12218;1240;learn english;2025-01-06
12219;1806;travel planner;2025-06-30
12220;793;learn english;2025-05-27
12221;1563;language learning;2025-05-21
12222;100;crypto tracker;2025-04-02
12223;64;vpn;2025-02-11
12224;183;photo editor;2025-02-06
12225;1546;budget app;2025-02-25
12226;1624;video editor;2025-01-02
12227;1063;learn english;2025-04-14
12228;1610;note taking;2025-01-27
12229;1929;grocery list;2025-01-04
12230;519;note taking;2025-04-15
12231;1720;budget app;2025-05-19
12232;1437;photo editor;2025-06-27
12233;1252;job search;2025-01-27
12234;526;budget app;2025-05-22
12235;1722;weather app;2025-03-11
12236;871;travel planner;2025-03-25
12237;540;note taking;2025-05-25
12238;1793;vpn;2025-01-08
12239;1680;language learning;2025-01-03
12240;1210;recipe app;2025-05-09
12241;72;video editor;2025-02-03
12242;1418;meditation app;2025-03-09
12243;698;language learning;2025-04-21
12244;1217;grocery list;2025-02-26
12245;1402;puzzle games;2025-06-13
12246;1119;vpn;2025-05-27
12247;1340;budget app;2025-05-05
12248;529;music player;2025-06-05
12249;562;photo editor;2025-03-20
12250;294;puzzle games;2025-06-18
12251;33;crypto tracker;2025-06-08
12252;736;meditation app;2025-06-16
12253;908;video editor;2025-02-15
12254;648;chat app;2025-06-22
12255;1559;grocery list;2025-03-15
12256;931;language learning;2025-04-10
12257;1239;photo editor;2025-06-03
12258;1652;vpn;2025-02-19
12259;92;learn english;2025-04-11
12260;1922;crypto tracker;2025-05-07
12261;285;task manager;2025-06-11
12262;821;learn english;2025-05-01
12263;602;language learning;2025-05-13
12264;656;travel planner;2025-01-04
12265;276;language learning;2025-02-03
12266;1247;meditation app;2025-04-10
12267;174;learn english;2025-04-10
12268;793;music player;2025-05-19
12269;818;video editor;2025-01-03
12270;1573;chat app;2025-03-20
12271;1223;task manager;2025-02-02
12272;554;language learning;2025-05-21
12273;1218;video editor;2025-05-04
12274;1333;budget app;2025-02-01
12275;811;vpn;2025-04-07
12276;323;job search;2025-05-06
12277;1683;crypto tracker;2025-01-12
12278;324;photo editor;2025-04-04
12279;1684;job search;2025-02-03
12280;423;photo editor;2025-02-07
12281;661;music player;2025-03-12
12282;368;chat app;2025-03-29
12283;311;recipe app;2025-04-10
12284;1703;budget app;2025-01-01
12285;1068;recipe app;2025-05-14
12286;1716;puzzle games;2025-03-21
12287;1230;language learning;2025-01-17
12288;927;fitness tracker;2025-01-28
12289;742;budget app;2025-03-28
12290;1583;music player;2025-01-03
12291;1282;vpn;2025-02-28
12292;677;chat app;2025-01-23
12293;386;learn english;2025-05-12
12294;558;vpn;2025-04-16
12295;35;recipe app;2025-06-06
12296;1968;puzzle games;2025-02-28
12297;591;music player;2025-03-04
12298;307;music player;2025-02-01
12299;14;puzzle games;2025-01-22
12300;1809;music player;2025-05-29
12301;555;note taking;2025-02-27
12302;1486;learn english;2025-03-12
12303;1862;photo editor;2025-03-13
12304;1766;free games;2025-05-18
12305;1897;job search;2025-05-12
12306;456;note taking;2025-06-27
12307;1858;chat app;2025-06-24
12308;1727;meditation app;2025-05-04
12309;1212;grocery list;2025-02-08
12310;1412;crypto tracker;2025-01-12
12311;1549;music player;2025-01-25
12312;1901;learn english;2025-04-20
12313;1906;task manager;2025-02-07
12314;468;photo editor;2025-02-25
12315;1008;puzzle games;2025-05-25
12316;1773;task manager;2025-01-21
12317;1029;learn english;2025-06-17
12318;32;budget app;2025-06-24
12319;1161;language learning;2025-02-08
12320;1765;crypto tracker;2025-02-11
12321;1994;video editor;2025-03-30
12322;949;task manager;2025-06-07
12323;1546;video editor;2025-02-25
12324;1392;recipe app;2025-04-03
12325;1033;job search;2025-04-26
12326;1992;crypto tracker;2025-03-30
12327;1776;music player;2025-04-17
12328;437;crypto tracker;2025-05-09
12329;1071;grocery list;2025-02-06
12330;401;job search;2025-06-10
12331;306;recipe app;2025-03-21
12332;606;fitness tracker;2025-02-02
12333;1310;recipe app;2025-02-21
12334;670;learn english;2025-01-18
12335;1842;meditation app;2025-05-15
12336;1392;grocery list;2025-02-17
12337;1134;free games;2025-03-26
12338;95;weather app;2025-03-06
12339;689;vpn;2025-02-28
12340;1135;task manager;2025-02-17
12341;1047;job search;2025-02-10
12342;15;note taking;2025-04-23
12343;813;job search;2025-04-22
12344;778;language learning;2025-01-12
12345;1091;music player;2025-05-19
12346;1119;job search;2025-03-18
12347;658;task manager;2025-04-25
12348;162;music player;2025-01-15
12349;1282;job search;2025-03-22
12350;426;photo editor;2025-06-25
12351;1725;chat app;2025-04-10
12352;1138;vpn;2025-06-04
12353;389;learn english;2025-04-06
12354;1592;music player;2025-04-12
12355;263;learn english;2025-06-18
12356;1342;budget app;2025-05-04
12357;1724;crypto tracker;2025-01-22
12358;527;note taking;2025-02-26
12359;8;learn english;2025-01-04
12360;1650;language learning;2025-01-21
12361;569;crypto tracker;2025-04-02
12362;292;travel planner;2025-06-02
12363;783;crypto tracker;2025-04-01
12364;1450;meditation app;2025-03-21
12365;556;chat app;2025-02-24
12366;142;puzzle games;2025-06-06
12367;1742;job search;2025-01-25
12368;1661;learn english;2025-06-24
12369;1744;vpn;2025-02-28
12370;466;weather app;2025-03-12
12371;1609;travel planner;2025-04-26
12372;338;puzzle games;2025-04-21
12373;1725;puzzle games;2025-04-30
12374;59;photo editor;2025-01-07
12375;1537;budget app;2025-02-22
12376;1622;crypto tracker;2025-02-27
12377;604;crypto tracker;2025-06-03
12378;1229;job search;2025-04-04
12379;1514;grocery list;2025-06-29
12380;729;grocery list;2025-04-16
12381;1284;photo editor;2025-05-16
12382;1073;task manager;2025-01-24
12383;1716;job search;2025-05-12
12384;827;budget app;2025-02-03
12385;237;vpn;2025-05-27
12386;1210;music player;2025-05-08
12387;1244;note taking;2025-02-25
12388;935;video editor;2025-02-26
12389;1055;music player;2025-05-06
12390;1850;crypto tracker;2025-05-30
12391;1777;budget app;2025-02-23
12392;440;learn english;2025-02-11
12393;343;fitness tracker;2025-02-28
12394;1784;puzzle games;2025-03-24
12395;541;grocery list;2025-01-11
12396;1904;meditation app;2025-01-04
12397;594;meditation app;2025-02-22
12398;1405;learn english;2025-03-21
12399;1499;task manager;2025-02-25
12400;1634;language learning;2025-05-23
12401;949;crypto tracker;2025-04-28
12402;966;job search;2025-03-07
12403;14;meditation app;2025-01-05
12404;453;language learning;2025-04-09
12405;842;vpn;2025-04-13
12406;26;free games;2025-06-22
12407;1981;meditation app;2025-04-07
12408;1971;music player;2025-02-11
12409;1751;grocery list;2025-02-09
12410;247;fitness tracker;2025-06-25
12411;1321;grocery list;2025-02-02
12412;248;travel planner;2025-02-24
12413;1759;task manager;2025-04-17
12414;1772;grocery list;2025-02-12
12415;985;grocery list;2025-03-08
12416;1562;meditation app;2025-02-04
12417;874;note taking;2025-02-25
12418;1227;chat app;2025-02-20
12419;1742;free games;2025-03-18
12420;1479;vpn;2025-06-14
12421;1201;video editor;2025-05-26
12422;341;budget app;2025-04-13
12423;822;language learning;2025-01-09
12424;1818;note taking;2025-05-20
12425;722;weather app;2025-01-25
12426;373;chat app;2025-03-06
12427;1339;note taking;2025-02-22
12428;697;task manager;2025-03-12
12429;1185;grocery list;2025-01-24
12430;231;task manager;2025-06-18
12431;634;video editor;2025-03-31
12432;201;music player;2025-03-08
12433;372;learn english;2025-01-08
12434;1788;language learning;2025-03-02
12435;958;grocery list;2025-06-24
12436;181;job search;2025-01-05
12437;629;grocery list;2025-02-27
12438;1617;language learning;2025-03-06
12439;1282;task manager;2025-01-25
12440;171;video editor;2025-03-28
12441;1187;vpn;2025-04-03
12442;1512;grocery list;2025-06-10
12443;1454;vpn;2025-05-27
12444;1909;note taking;2025-02-12
12445;151;puzzle games;2025-03-05
12446;1024;travel planner;2025-02-20
12447;1888;learn english;2025-02-23
12448;1563;video editor;2025-02-19
12449;1863;language learning;2025-03-28
12450;1181;job search;2025-02-15
12451;1002;language learning;2025-04-29
12452;876;task manager;2025-05-07
12453;976;job search;2025-04-04
12454;1164;chat app;2025-04-03
12455;1615;grocery list;2025-04-19
12456;148;chat app;2025-03-21
12457;183;job search;2025-03-07
12458;1220;photo editor;2025-05-30
12459;709;weather app;2025-05-23
12460;49;grocery list;2025-06-17
12461;1115;crypto tracker;2025-02-15
12462;886;job search;2025-02-03
12463;394;chat app;2025-06-05
12464;1243;free games;2025-06-23
12465;1662;job search;2025-04-14
12466;236;vpn;2025-01-08
12467;68;learn english;2025-01-20
12468;168;weather app;2025-06-06
12469;218;recipe app;2025-03-20
12470;1077;free games;2025-03-20
12471;580;fitness tracker;2025-02-20
12472;846;note taking;2025-05-08
12473;1267;fitness tracker;2025-01-20
12474;536;travel planner;2025-06-04
12475;27;photo editor;2025-01-01
12476;1770;task manager;2025-04-11
12477;200;language learning;2025-03-06
12478;1691;meditation app;2025-06-30
12479;1241;free games;2025-03-21
12480;1719;puzzle games;2025-05-27
12481;1958;photo editor;2025-03-29
12482;1855;job search;2025-02-27
12483;1087;free games;2025-04-08
12484;931;puzzle games;2025-05-27
12485;781;meditation app;2025-06-20
12486;474;language learning;2025-04-26
12487;372;budget app;2025-05-30
12488;1384;language learning;2025-01-31
12489;93;fitness tracker;2025-02-19
12490;939;fitness tracker;2025-04-21
12491;626;weather app;2025-06-22
12492;356;budget app;2025-04-04
12493;1043;language learning;2025-05-26
12494;1159;meditation app;2025-02-10
12495;1835;note taking;2025-04-03
12496;1271;job search;2025-01-27
12497;1362;vpn;2025-04-03
12498;1874;meditation app;2025-06-08
12499;401;fitness tracker;2025-05-06
12500;957;free games;2025-01-31
12501;237;recipe app;2025-03-20
12502;1389;puzzle games;2025-01-25
12503;1708;meditation app;2025-06-23
12504;1023;chat app;2025-06-10
12505;1656;fitness tracker;2025-04-16
12506;10;travel planner;2025-04-19
12507;1041;recipe app;2025-04-15
12508;1042;grocery list;2025-06-26
12509;1098;grocery list;2025-04-18
12510;1545;photo editor;2025-01-09
12511;1901;task manager;2025-03-29
12512;1380;puzzle games;2025-05-02
12513;411;vpn;2025-05-09
12514;776;job search;2025-06-01
12515;601;chat app;2025-06-28
12516;1876;chat app;2025-04-16
12517;561;note taking;2025-05-08
12518;105;fitness tracker;2025-04-08
12519;412;music player;2025-05-06
12520;811;job search;2025-06-18
12521;869;vpn;2025-06-02
12522;807;note taking;2025-03-27
12523;1062;meditation app;2025-06-17
12524;1519;language learning;2025-04-09
12525;1268;note taking;2025-05-30
12526;1297;note taking;2025-04-24
12527;1525;photo editor;2025-03-31
12528;725;weather app;2025-03-12
12529;1749;meditation app;2025-03-06
12530;1769;recipe app;2025-06-15
12531;74;music player;2025-03-06
12532;49;vpn;2025-03-03
12533;907;job search;2025-02-13
12534;1230;free games;2025-05-24
12535;1485;note taking;2025-06-23
12536;1704;task manager;2025-06-06
12537;816;recipe app;2025-02-28
12538;1315;puzzle games;2025-03-08
12539;682;free games;2025-03-02
12540;904;vpn;2025-03-13
12541;1135;budget app;2025-05-04
12542;1076;free games;2025-04-06
12543;471;grocery list;2025-02-25
12544;407;grocery list;2025-04-06
12545;1895;language learning;2025-05-29
12546;387;fitness tracker;2025-06-05
12547;248;weather app;2025-04-15
12548;1231;language learning;2025-03-19
12549;1999;task manager;2025-01-11
12550;1427;note taking;2025-01-08
12551;973;weather app;2025-04-28
12552;429;budget app;2025-03-12
12553;179;vpn;2025-01-01
12554;1479;language learning;2025-02-25
12555;362;note taking;2025-01-08
12556;644;learn english;2025-01-12
12557;1643;music player;2025-04-15
12558;740;task manager;2025-02-28
12559;1781;grocery list;2025-04-26
12560;1294;travel planner;2025-04-21
12561;422;chat app;2025-03-16
12562;1894;language learning;2025-04-30
12563;576;video editor;2025-03-10
12564;1417;language learning;2025-04-21
12565;1527;budget app;2025-03-05
12566;448;music player;2025-05-05
12567;403;travel planner;2025-06-08
12568;972;note taking;2025-01-29
12569;688;puzzle games;2025-02-07
12570;1603;budget app;2025-05-28
12571;581;photo editor;2025-01-14
12572;1797;photo editor;2025-01-06
12573;367;job search;2025-04-22
12574;92;job search;2025-05-17
12575;226;puzzle games;2025-03-25
12576;236;language learning;2025-03-18
12577;1061;note taking;2025-06-01
12578;1805;meditation app;2025-05-02
12579;1159;job search;2025-02-21
12580;1062;chat app;2025-03-02
12581;1768;free games;2025-04-20
12582;179;note taking;2025-03-06
12583;441;recipe app;2025-04-25
12584;1766;vpn;2025-03-11
12585;1446;job search;2025-05-16
12586;1209;chat app;2025-03-29
12587;47;vpn;2025-06-21
12588;1552;fitness tracker;2025-04-15
12589;65;fitness tracker;2025-04-30
12590;60;language learning;2025-05-16
12591;964;recipe app;2025-04-21
12592;1549;job search;2025-01-16
12593;985;photo editor;2025-06-12
12594;1733;grocery list;2025-06-24
12595;1930;learn english;2025-02-10
12596;1229;fitness tracker;2025-03-03
12597;1809;language learning;2025-01-25
12598;1767;chat app;2025-05-26
12599;225;music player;2025-02-18
12600;1008;meditation app;2025-03-06
12601;746;puzzle games;2025-06-15
12602;1205;task manager;2025-03-18
12603;1966;learn english;2025-06-29
12604;1509;chat app;2025-03-05
12605;1021;video editor;2025-05-09
12606;914;free games;2025-03-27
12607;1878;task manager;2025-01-03
12608;1003;travel planner;2025-01-17
12609;1554;budget app;2025-06-10
12610;1644;language learning;2025-06-14
12611;745;learn english;2025-01-08
12612;1677;video editor;2025-03-10
12613;84;job search;2025-01-10
12614;1978;meditation app;2025-05-16
12615;420;grocery list;2025-06-24
12616;1322;crypto tracker;2025-04-23
12617;1088;note taking;2025-05-12
12618;1985;chat app;2025-01-03
12619;467;note taking;2025-05-13
12620;1724;vpn;2025-04-29
12621;437;video editor;2025-03-26
12622;1352;crypto tracker;2025-06-26
12623;1390;free games;2025-03-16
12624;1798;note taking;2025-06-08
12625;265;job search;2025-02-17
12626;1053;budget app;2025-06-07
12627;21;chat app;2025-01-31
12628;1776;meditation app;2025-05-22
12629;1780;task manager;2025-03-04
12630;1622;language learning;2025-03-07
12631;504;photo editor;2025-04-20
12632;1009;task manager;2025-03-25
12633;1529;puzzle games;2025-05-09
12634;1698;note taking;2025-03-08
12635;548;budget app;2025-05-22
12636;1151;travel planner;2025-03-22
12637;1521;travel planner;2025-02-25
12638;50;chat app;2025-02-17
12639;1991;budget app;2025-04-29
12640;1283;vpn;2025-04-22
12641;11;recipe app;2025-02-09
12642;867;puzzle games;2025-06-09
12643;1600;budget app;2025-02-01
12644;1523;vpn;2025-02-10
12645;424;budget app;2025-02-03
12646;1244;puzzle games;2025-06-18
12647;1275;language learning;2025-04-08
12648;402;weather app;2025-01-06
12649;1965;puzzle games;2025-02-12
12650;1865;weather app;2025-04-02
12651;1741;language learning;2025-04-01
12652;543;free games;2025-03-04
12653;61;meditation app;2025-06-02
12654;1317;travel planner;2025-01-31
12655;1646;vpn;2025-03-12
12656;1649;budget app;2025-02-16
12657;1399;meditation app;2025-02-23
12658;1894;fitness tracker;2025-01-07
12659;241;music player;2025-06-10
12660;1248;vpn;2025-02-25
12661;192;grocery list;2025-03-25
12662;9;free games;2025-03-16
12663;263;chat app;2025-01-21
12664;1361;grocery list;2025-02-05
12665;1434;budget app;2025-06-27
12666;1750;language learning;2025-05-13
12667;259;budget app;2025-03-19
12668;1083;learn english;2025-06-27
12669;67;travel planner;2025-03-02
12670;1864;budget app;2025-03-30
12671;609;task manager;2025-03-15
12672;1452;meditation app;2025-02-25
12673;1875;task manager;2025-04-02
12674;909;job search;2025-06-03
12675;916;chat app;2025-05-31
12676;1662;task manager;2025-02-08
12677;555;recipe app;2025-06-13
12678;1393;recipe app;2025-03-02
12679;1078;learn english;2025-04-06
12680;1758;photo editor;2025-05-18
12681;322;job search;2025-02-07
12682;1761;chat app;2025-05-12
12683;1783;music player;2025-04-22
12684;1909;note taking;2025-02-03
12685;1202;vpn;2025-01-26
12686;1034;recipe app;2025-02-17
12687;1784;vpn;2025-04-04
12688;1325;meditation app;2025-06-25
12689;858;task manager;2025-05-15
12690;1355;photo editor;2025-03-28
12691;1854;recipe app;2025-06-01
12692;85;weather app;2025-01-14
12693;1919;task manager;2025-02-01
12694;1178;video editor;2025-06-08
12695;673;crypto tracker;2025-03-09
12696;1520;task manager;2025-04-27
12697;794;learn english;2025-06-22
12698;1637;recipe app;2025-01-04
12699;1689;crypto tracker;2025-05-12
12700;1136;crypto tracker;2025-05-30
12701;1515;learn english;2025-03-25
12702;1510;free games;2025-05-11
12703;1172;music player;2025-06-17
12704;523;crypto tracker;2025-04-15
12705;1458;crypto tracker;2025-01-11
12706;487;recipe app;2025-01-07
12707;909;video editor;2025-06-02
12708;1906;vpn;2025-03-30
12709;1606;vpn;2025-06-03
12710;1430;chat app;2025-04-05
12711;1764;recipe app;2025-05-11
12712;1047;photo editor;2025-01-16
12713;1040;music player;2025-06-19
12714;313;meditation app;2025-04-23
12715;1590;recipe app;2025-03-18
12716;916;meditation app;2025-06-10
12717;1018;job search;2025-03-11
12718;763;travel planner;2025-02-16
12719;758;crypto tracker;2025-01-31
12720;259;chat app;2025-05-12
12721;917;music player;2025-03-15
12722;1509;travel planner;2025-03-05
12723;989;puzzle games;2025-05-01
12724;1261;budget app;2025-01-05
12725;1011;budget app;2025-03-14
12726;1791;recipe app;2025-04-04
12727;1229;crypto tracker;2025-05-21
12728;1705;crypto tracker;2025-05-26
12729;1410;video editor;2025-04-29
12730;1836;note taking;2025-01-28
12731;894;video editor;2025-02-03
12732;405;travel planner;2025-03-29
12733;1615;video editor;2025-06-18
12734;1732;job search;2025-01-31
12735;316;recipe app;2025-04-04
12736;1201;weather app;2025-03-29
12737;1847;free games;2025-02-13
12738;1591;meditation app;2025-04-21
12739;915;note taking;2025-06-09
12740;1504;free games;2025-04-07
12741;617;learn english;2025-02-09
12742;1867;music player;2025-05-06
12743;303;job search;2025-04-12
12744;739;chat app;2025-01-17
12745;1930;crypto tracker;2025-04-05
12746;1943;learn english;2025-06-27
12747;1286;chat app;2025-03-12
12748;212;job search;2025-06-13
12749;1678;budget app;2025-01-15
12750;695;crypto tracker;2025-04-04
12751;689;grocery list;2025-03-03
12752;1619;crypto tracker;2025-04-01
12753;729;puzzle games;2025-03-28
12754;1819;vpn;2025-04-22
12755;1642;fitness tracker;2025-02-01
12756;869;grocery list;2025-06-19
12757;440;chat app;2025-04-06
12758;1627;job search;2025-06-29
12759;1988;video editor;2025-04-17
12760;1043;budget app;2025-05-24
12761;1681;puzzle games;2025-04-02
12762;1554;free games;2025-03-19
12763;1646;travel planner;2025-01-24
12764;62;task manager;2025-04-17
12765;1555;budget app;2025-03-17
12766;412;photo editor;2025-05-02
12767;182;vpn;2025-03-26
12768;1394;job search;2025-05-24
12769;658;fitness tracker;2025-01-24
12770;1282;travel planner;2025-04-27
12771;1195;weather app;2025-02-27
12772;801;grocery list;2025-04-09
12773;1817;budget app;2025-06-07
12774;1397;weather app;2025-01-18
12775;1369;video editor;2025-01-10
12776;1073;travel planner;2025-05-13
12777;1037;grocery list;2025-03-31
12778;1324;free games;2025-01-23
12779;69;vpn;2025-04-06
12780;1619;grocery list;2025-02-20
12781;1224;photo editor;2025-01-24
12782;222;vpn;2025-02-22
12783;355;budget app;2025-02-11
12784;832;crypto tracker;2025-01-13
12785;68;puzzle games;2025-02-18
12786;1405;weather app;2025-02-25
12787;1927;travel planner;2025-04-21
12788;498;job search;2025-05-31
12789;88;fitness tracker;2025-01-01
12790;1364;weather app;2025-05-20
12791;1148;meditation app;2025-05-13
12792;348;photo editor;2025-05-24
12793;1091;puzzle games;2025-02-24
12794;1082;crypto tracker;2025-03-14
12795;1951;meditation app;2025-05-14
12796;204;video editor;2025-04-26
12797;886;language learning;2025-03-05
12798;1532;note taking;2025-02-04
12799;1514;free games;2025-05-20
12800;477;crypto tracker;2025-05-12
12801;1433;photo editor;2025-02-17
12802;603;fitness tracker;2025-04-14
12803;891;crypto tracker;2025-05-04
12804;570;music player;2025-04-16
12805;629;note taking;2025-01-08
12806;528;meditation app;2025-06-15
12807;1145;chat app;2025-06-25
12808;1567;fitness tracker;2025-05-07
12809;1228;video editor;2025-04-15
12810;491;meditation app;2025-06-02
12811;1608;recipe app;2025-05-13
12812;191;grocery list;2025-05-02
12813;909;crypto tracker;2025-03-11
12814;1249;travel planner;2025-02-13
12815;638;language learning;2025-05-15
12816;914;photo editor;2025-03-20
12817;1910;note taking;2025-04-09
12818;1671;puzzle games;2025-02-25
12819;1625;travel planner;2025-06-07
12820;1441;recipe app;2025-03-05
12821;189;recipe app;2025-03-26
12822;1655;video editor;2025-04-14
12823;637;music player;2025-02-20
12824;1260;note taking;2025-01-03
12825;1929;music player;2025-06-10
12826;776;travel planner;2025-01-03
12827;1735;grocery list;2025-05-25
12828;1650;language learning;2025-03-10
12829;1569;travel planner;2025-04-10
12830;800;video editor;2025-06-20
12831;1655;task manager;2025-01-17
12832;1964;learn english;2025-06-19
12833;1102;fitness tracker;2025-02-05
12834;1181;music player;2025-03-04
12835;1362;music player;2025-03-10
12836;786;grocery list;2025-05-06
12837;282;fitness tracker;2025-01-14
12838;464;meditation app;2025-02-23
12839;472;job search;2025-06-30
12840;1143;note taking;2025-01-14
12841;793;photo editor;2025-02-22
12842;1055;video editor;2025-05-06
12843;1884;crypto tracker;2025-06-30
12844;1809;task manager;2025-03-25
12845;1016;task manager;2025-03-04
12846;106;note taking;2025-03-26
12847;672;travel planner;2025-04-09
12848;1406;recipe app;2025-06-22
12849;1589;meditation app;2025-06-19
12850;818;vpn;2025-04-28
12851;1029;language learning;2025-05-24
12852;1387;free games;2025-01-14
12853;1816;vpn;2025-03-28
12854;138;music player;2025-04-12
12855;1305;job search;2025-06-16
12856;870;note taking;2025-06-13
12857;524;puzzle games;2025-03-09
12858;440;video editor;2025-02-27
12859;340;meditation app;2025-01-10
12860;753;video editor;2025-01-28
12861;523;video editor;2025-04-01
12862;396;note taking;2025-03-06
12863;364;budget app;2025-01-16
12864;598;music player;2025-01-23
12865;1403;task manager;2025-04-21
12866;908;note taking;2025-04-27
12867;1466;learn english;2025-04-05
12868;282;budget app;2025-03-05
12869;668;photo editor;2025-06-11
12870;1177;photo editor;2025-05-27
12871;1989;task manager;2025-03-30
12872;1374;free games;2025-03-29
12873;838;vpn;2025-06-10
12874;208;weather app;2025-02-27
12875;649;grocery list;2025-03-23
12876;102;grocery list;2025-01-23
12877;1282;note taking;2025-02-18
12878;1869;fitness tracker;2025-02-17
12879;1454;travel planner;2025-05-09
12880;1778;job search;2025-04-19
12881;842;chat app;2025-02-17
12882;1750;job search;2025-06-21
12883;1211;budget app;2025-03-13
12884;264;chat app;2025-02-22
12885;1123;learn english;2025-01-01
12886;824;budget app;2025-05-10
12887;1261;photo editor;2025-05-06
12888;89;budget app;2025-04-04
12889;310;music player;2025-06-04
12890;167;task manager;2025-03-10
12891;716;meditation app;2025-06-17
12892;1595;crypto tracker;2025-05-29
12893;1704;video editor;2025-04-03
12894;1266;puzzle games;2025-01-06
12895;684;music player;2025-05-02
12896;39;fitness tracker;2025-03-31
12897;1263;puzzle games;2025-04-20
12898;196;learn english;2025-03-16
12899;442;recipe app;2025-05-09
12900;1683;chat app;2025-01-12
12901;640;free games;2025-06-10
12902;992;job search;2025-04-04
12903;253;weather app;2025-01-11
12904;877;photo editor;2025-01-03
12905;1220;music player;2025-02-05
12906;223;language learning;2025-05-21
12907;1204;meditation app;2025-03-15
12908;695;chat app;2025-04-28
12909;226;crypto tracker;2025-04-25
12910;490;music player;2025-01-12
12911;581;weather app;2025-01-22
12912;1249;music player;2025-04-24
12913;578;weather app;2025-01-23
12914;368;video editor;2025-04-19
12915;843;vpn;2025-04-12
12916;1753;budget app;2025-02-14
12917;454;chat app;2025-04-13
12918;178;video editor;2025-04-02
12919;696;task manager;2025-01-06
12920;858;music player;2025-03-06
12921;930;recipe app;2025-03-26
12922;693;music player;2025-04-18
12923;936;music player;2025-01-14
12924;1382;weather app;2025-04-14
12925;1289;job search;2025-01-15
12926;295;meditation app;2025-03-22
12927;231;free games;2025-01-02
12928;1822;vpn;2025-06-25
12929;1891;video editor;2025-05-21
12930;999;budget app;2025-04-20
12931;1186;free games;2025-03-23
12932;947;photo editor;2025-01-19
12933;1990;fitness tracker;2025-01-22
12934;1430;task manager;2025-01-24
12935;1740;language learning;2025-04-27
12936;1781;puzzle games;2025-02-21
12937;1660;fitness tracker;2025-03-03
12938;748;chat app;2025-05-28
12939;1646;weather app;2025-06-28
12940;1883;weather app;2025-01-05
12941;1290;vpn;2025-03-11
12942;1085;crypto tracker;2025-05-30
12943;1436;recipe app;2025-01-21
12944;1784;video editor;2025-03-26
12945;969;budget app;2025-04-24
12946;1192;crypto tracker;2025-02-18
12947;298;learn english;2025-06-30
12948;1082;weather app;2025-01-09
12949;303;note taking;2025-02-15
12950;811;note taking;2025-04-16
12951;1536;task manager;2025-03-27
12952;1287;recipe app;2025-01-29
12953;1175;free games;2025-02-06
12954;1477;budget app;2025-03-19
12955;141;photo editor;2025-03-24
12956;1455;crypto tracker;2025-05-20
12957;1034;budget app;2025-03-22
12958;202;budget app;2025-06-05
12959;454;chat app;2025-03-14
12960;802;vpn;2025-03-05
12961;460;video editor;2025-02-21
12962;1565;weather app;2025-01-02
12963;647;job search;2025-04-05
12964;1434;crypto tracker;2025-02-19
12965;954;budget app;2025-01-01
12966;1184;grocery list;2025-03-14
12967;245;language learning;2025-03-09
12968;478;meditation app;2025-04-25
12969;68;music player;2025-01-25
12970;1611;meditation app;2025-01-03
12971;1697;note taking;2025-04-23
12972;126;learn english;2025-02-17
12973;699;puzzle games;2025-02-13
12974;1131;weather app;2025-02-24
12975;1886;travel planner;2025-05-01
12976;190;meditation app;2025-06-14
12977;1722;grocery list;2025-04-06
12978;780;task manager;2025-01-28
12979;930;language learning;2025-06-04
12980;911;vpn;2025-01-10
12981;727;puzzle games;2025-01-25
12982;1011;weather app;2025-06-26
12983;1586;travel planner;2025-03-03
12984;63;photo editor;2025-01-15
12985;1405;vpn;2025-04-03
12986;1828;travel planner;2025-01-22
12987;1587;language learning;2025-06-05
12988;1576;grocery list;2025-02-18
12989;507;photo editor;2025-05-05
12990;1206;chat app;2025-04-07
12991;589;job search;2025-01-08
12992;1064;puzzle games;2025-03-07
12993;1481;crypto tracker;2025-01-12
12994;790;vpn;2025-06-30
12995;1470;crypto tracker;2025-04-01
12996;1696;music player;2025-03-27
12997;1170;chat app;2025-04-05
12998;957;free games;2025-06-19
12999;1019;language learning;2025-04-05
13000;14;travel planner;2025-03-08
13001;803;fitness tracker;2025-01-04
13002;961;grocery list;2025-06-15
13003;657;video editor;2025-02-07
13004;1337;fitness tracker;2025-04-26
13005;227;travel planner;2025-06-19
13006;1677;fitness tracker;2025-04-16
13007;54;music player;2025-06-11
13008;1347;language learning;2025-01-17
13009;249;grocery list;2025-04-22
13010;1050;free games;2025-01-31
13011;55;puzzle games;2025-02-26
13012;893;free games;2025-05-31
13013;1330;photo editor;2025-05-31
13014;571;travel planner;2025-01-01
13015;1669;grocery list;2025-01-18
13016;1339;meditation app;2025-01-13
13017;101;chat app;2025-02-04
13018;1024;language learning;2025-06-20
13019;345;task manager;2025-01-07
13020;706;task manager;2025-04-29
13021;953;job search;2025-05-07
13022;1608;budget app;2025-01-22
13023;569;travel planner;2025-04-29
13024;275;language learning;2025-05-10
13025;266;learn english;2025-01-27
13026;1154;recipe app;2025-04-20
13027;1327;puzzle games;2025-04-13
13028;627;video editor;2025-01-08
13029;1975;job search;2025-04-26
13030;415;recipe app;2025-06-02
13031;742;language learning;2025-06-28
13032;1635;travel planner;2025-06-25
13033;230;travel planner;2025-02-12
13034;306;budget app;2025-04-01
13035;1773;learn english;2025-02-22
13036;755;language learning;2025-03-03
13037;1753;travel planner;2025-06-19
13038;942;crypto tracker;2025-05-16
13039;1603;puzzle games;2025-02-14
13040;721;budget app;2025-01-13
13041;1016;vpn;2025-01-28
13042;870;meditation app;2025-03-10
13043;1801;task manager;2025-04-17
13044;1309;job search;2025-02-18
13045;744;grocery list;2025-01-31
13046;1129;music player;2025-01-29
13047;1004;job search;2025-03-09
13048;1044;meditation app;2025-03-14
13049;1023;meditation app;2025-06-05
13050;489;vpn;2025-06-07
13051;1902;puzzle games;2025-06-20
13052;1389;recipe app;2025-06-17
13053;1127;crypto tracker;2025-02-25
13054;1100;weather app;2025-04-06
13055;792;puzzle games;2025-05-29
13056;1209;job search;2025-02-01
13057;364;vpn;2025-02-07
13058;1584;budget app;2025-01-21
13059;1253;chat app;2025-01-16
13060;1428;language learning;2025-03-07
13061;873;travel planner;2025-02-01
13062;305;language learning;2025-05-06
13063;230;travel planner;2025-01-23
13064;1165;video editor;2025-05-30
13065;1179;chat app;2025-02-23
13066;757;weather app;2025-06-23
13067;77;chat app;2025-06-10
13068;157;weather app;2025-05-23
13069;980;grocery list;2025-02-25
13070;82;recipe app;2025-06-14
13071;806;task manager;2025-02-03
13072;1056;job search;2025-04-06
13073;476;weather app;2025-03-26
13074;1727;recipe app;2025-02-15
13075;868;fitness tracker;2025-01-14
13076;279;puzzle games;2025-06-22
13077;567;grocery list;2025-05-06
13078;520;job search;2025-05-10
13079;254;learn english;2025-02-17
13080;1144;fitness tracker;2025-04-14
13081;1211;travel planner;2025-02-20
13082;595;vpn;2025-02-01
13083;926;weather app;2025-05-27
13084;1994;fitness tracker;2025-02-02
13085;282;travel planner;2025-02-26
13086;170;meditation app;2025-06-15
13087;943;task manager;2025-04-21
13088;688;free games;2025-03-04
13089;1163;note taking;2025-06-25
13090;1478;meditation app;2025-04-06
13091;1714;budget app;2025-03-22
13092;667;job search;2025-06-27
13093;1353;job search;2025-05-04
13094;1600;travel planner;2025-01-21
13095;940;crypto tracker;2025-02-22
13096;152;music player;2025-06-21
13097;617;chat app;2025-03-19
13098;1313;recipe app;2025-02-22
13099;717;weather app;2025-05-09
13100;1895;photo editor;2025-01-18
13101;1413;recipe app;2025-05-07
13102;721;budget app;2025-05-31
13103;289;meditation app;2025-02-10
13104;103;puzzle games;2025-03-11
13105;1056;budget app;2025-02-18
13106;780;travel planner;2025-06-29
13107;1751;vpn;2025-04-26
13108;1319;vpn;2025-04-17
13109;382;puzzle games;2025-03-07
13110;404;chat app;2025-05-28
13111;206;video editor;2025-05-18
13112;774;meditation app;2025-01-02
13113;1652;task manager;2025-05-18
13114;646;recipe app;2025-01-05
13115;819;travel planner;2025-03-11
13116;467;travel planner;2025-06-14
13117;1876;note taking;2025-03-10
13118;1643;learn english;2025-01-16
13119;1610;photo editor;2025-01-05
13120;615;music player;2025-05-05
13121;1597;travel planner;2025-05-02
13122;534;puzzle games;2025-02-19
13123;715;note taking;2025-05-30
13124;308;learn english;2025-01-01
13125;219;task manager;2025-01-19
13126;1035;grocery list;2025-06-13
13127;1260;video editor;2025-06-06
13128;1831;puzzle games;2025-06-14
13129;233;chat app;2025-02-09
13130;1562;travel planner;2025-03-04
13131;758;meditation app;2025-03-24
13132;431;task manager;2025-03-20
13133;1632;task manager;2025-06-12
13134;159;learn english;2025-01-23
13135;666;job search;2025-01-10
13136;1752;chat app;2025-03-18
13137;939;vpn;2025-04-12
13138;109;photo editor;2025-04-16
13139;587;fitness tracker;2025-04-09
13140;384;crypto tracker;2025-03-27
13141;1861;recipe app;2025-03-14
13142;853;fitness tracker;2025-01-01
13143;1868;fitness tracker;2025-02-01
13144;1701;weather app;2025-03-29
13145;1453;note taking;2025-04-10
13146;1276;fitness tracker;2025-02-06
13147;1360;weather app;2025-05-26
13148;583;free games;2025-05-06
13149;1714;photo editor;2025-04-24
13150;505;crypto tracker;2025-02-28
13151;566;language learning;2025-04-09
13152;1870;budget app;2025-06-09
13153;1897;recipe app;2025-03-08
13154;968;budget app;2025-06-19
13155;104;video editor;2025-01-13
13156;1631;weather app;2025-05-27
13157;1077;photo editor;2025-01-14
13158;905;travel planner;2025-04-02
13159;222;language learning;2025-02-18
13160;691;music player;2025-01-20
13161;532;photo editor;2025-02-15
13162;1;fitness tracker;2025-02-12
13163;597;learn english;2025-05-05
13164;693;language learning;2025-01-18
13165;785;task manager;2025-01-11
13166;1855;puzzle games;2025-03-28
13167;894;note taking;2025-06-20
13168;1700;photo editor;2025-05-16
13169;1499;recipe app;2025-03-11
13170;250;chat app;2025-02-25
13171;1381;chat app;2025-04-22
13172;803;vpn;2025-01-04
13173;288;task manager;2025-03-29
13174;1926;puzzle games;2025-01-18
13175;674;video editor;2025-06-28
13176;1555;recipe app;2025-05-22
13177;239;meditation app;2025-06-15
13178;1255;learn english;2025-06-20
13179;765;job search;2025-05-21
13180;350;travel planner;2025-01-16
13181;1442;recipe app;2025-02-15
13182;1511;crypto tracker;2025-06-01
13183;366;fitness tracker;2025-01-22
13184;1668;travel planner;2025-01-30
13185;1318;learn english;2025-06-16
13186;580;fitness tracker;2025-05-27
13187;1194;puzzle games;2025-03-11
13188;1032;learn english;2025-03-16
13189;226;crypto tracker;2025-01-02
13190;1539;photo editor;2025-02-25
13191;1671;task manager;2025-04-03
13192;1421;language learning;2025-05-28
13193;1191;chat app;2025-05-29
13194;248;crypto tracker;2025-02-13
13195;845;recipe app;2025-02-09
13196;12;learn english;2025-02-11
13197;1681;free games;2025-01-28
13198;923;crypto tracker;2025-01-11
13199;312;budget app;2025-06-08
13200;1848;task manager;2025-06-15
13201;620;crypto tracker;2025-04-22
13202;1267;task manager;2025-05-12
13203;1967;task manager;2025-04-11
13204;826;vpn;2025-06-09
13205;609;grocery list;2025-01-19
13206;1416;grocery list;2025-02-07
13207;949;fitness tracker;2025-06-03
13208;256;weather app;2025-06-19
13209;790;meditation app;2025-06-21
13210;670;puzzle games;2025-01-27
13211;1871;video editor;2025-03-21
13212;1960;note taking;2025-06-27
13213;1310;travel planner;2025-02-01
13214;1862;recipe app;2025-02-18
13215;1630;music player;2025-01-30
13216;1147;free games;2025-01-25
13217;202;chat app;2025-01-16
13218;1060;recipe app;2025-02-05
13219;446;learn english;2025-04-02
13220;825;grocery list;2025-02-13
13221;1818;weather app;2025-03-16
13222;375;grocery list;2025-03-06
13223;1914;free games;2025-02-02
13224;303;note taking;2025-04-12
13225;357;language learning;2025-05-03
13226;1708;photo editor;2025-06-11
13227;498;fitness tracker;2025-01-03
13228;286;recipe app;2025-03-05
13229;1920;note taking;2025-02-10
13230;496;grocery list;2025-04-19
13231;904;budget app;2025-04-25
13232;971;language learning;2025-01-08
13233;637;music player;2025-06-08
13234;1882;chat app;2025-06-16
13235;1300;travel planner;2025-05-18
13236;1011;video editor;2025-04-12
13237;1864;job search;2025-03-19
13238;107;grocery list;2025-06-29
13239;1796;job search;2025-05-05
13240;1768;music player;2025-01-20
13241;82;meditation app;2025-06-16
13242;693;fitness tracker;2025-03-16
13243;1727;budget app;2025-01-06
13244;494;chat app;2025-06-28
13245;74;vpn;2025-01-19
13246;39;puzzle games;2025-05-07
13247;1980;music player;2025-03-14
13248;1635;meditation app;2025-02-05
13249;706;note taking;2025-02-16
13250;886;vpn;2025-03-16
13251;1814;photo editor;2025-04-22
13252;1526;grocery list;2025-06-01
13253;1375;chat app;2025-06-01
13254;365;job search;2025-04-22
13255;1542;weather app;2025-05-29
13256;1129;recipe app;2025-06-29
13257;380;weather app;2025-05-23
13258;1347;learn english;2025-05-22
13259;347;task manager;2025-05-28
13260;391;language learning;2025-06-15
13261;393;fitness tracker;2025-04-28
13262;1125;video editor;2025-05-13
13263;44;job search;2025-01-11
13264;562;fitness tracker;2025-06-16
13265;1795;weather app;2025-04-01
13266;1851;meditation app;2025-06-16
13267;474;photo editor;2025-05-14
13268;1258;puzzle games;2025-04-05
13269;1186;weather app;2025-01-19
13270;1681;photo editor;2025-04-20
13271;1397;travel planner;2025-06-01
13272;384;photo editor;2025-06-16
13273;392;recipe app;2025-03-05
13274;640;meditation app;2025-01-15
13275;709;free games;2025-05-01
13276;1751;free games;2025-05-07
13277;982;vpn;2025-01-02
13278;1482;grocery list;2025-05-22
13279;1882;crypto tracker;2025-05-25
13280;579;travel planner;2025-06-06
13281;1254;language learning;2025-02-20
13282;1603;vpn;2025-04-27
13283;774;task manager;2025-04-17
13284;1443;video editor;2025-02-02
13285;1575;photo editor;2025-03-02
13286;1120;free games;2025-03-25
13287;1868;travel planner;2025-04-02
13288;150;puzzle games;2025-03-07
13289;1132;note taking;2025-04-02
13290;570;fitness tracker;2025-02-11
13291;1844;vpn;2025-05-30
13292;682;recipe app;2025-01-26
13293;402;chat app;2025-01-09
13294;1521;recipe app;2025-06-06
13295;138;vpn;2025-03-17
13296;198;travel planner;2025-04-16
13297;427;vpn;2025-01-29
13298;1886;learn english;2025-01-07
13299;1222;video editor;2025-05-08
13300;633;recipe app;2025-01-28
13301;1378;weather app;2025-04-20
13302;470;language learning;2025-04-02
13303;1504;puzzle games;2025-01-03
13304;1931;recipe app;2025-01-08
13305;516;photo editor;2025-05-06
13306;487;job search;2025-02-06
13307;289;weather app;2025-03-08
13308;276;video editor;2025-06-29
13309;998;task manager;2025-04-30
13310;1779;budget app;2025-02-20
13311;1810;fitness tracker;2025-02-25
13312;1298;grocery list;2025-01-29
13313;287;task manager;2025-01-21
13314;904;photo editor;2025-05-15
13315;1672;puzzle games;2025-06-17
13316;1486;travel planner;2025-02-28
13317;724;crypto tracker;2025-06-22
13318;908;recipe app;2025-02-05
13319;1955;learn english;2025-01-19
13320;1850;fitness tracker;2025-04-23
13321;1535;recipe app;2025-05-29
13322;867;weather app;2025-05-08
13323;1826;chat app;2025-01-19
13324;180;crypto tracker;2025-06-05
13325;1723;chat app;2025-03-03
13326;216;free games;2025-05-17
13327;1032;language learning;2025-02-11
13328;1995;weather app;2025-01-14
13329;1673;video editor;2025-03-27
13330;1601;travel planner;2025-03-08
13331;1379;free games;2025-01-07
13332;482;grocery list;2025-01-25
13333;1044;free games;2025-03-04
13334;1444;video editor;2025-03-18
13335;1121;vpn;2025-01-24
13336;1388;budget app;2025-01-12
13337;265;photo editor;2025-05-09
13338;314;crypto tracker;2025-01-20
13339;1447;note taking;2025-01-07
13340;1115;photo editor;2025-04-25
13341;94;music player;2025-05-13
13342;537;video editor;2025-01-17
13343;870;grocery list;2025-05-01
13344;1092;meditation app;2025-06-14
13345;1624;chat app;2025-02-17
13346;1556;photo editor;2025-03-14
13347;1164;puzzle games;2025-05-27
13348;980;free games;2025-02-23
13349;1362;music player;2025-01-06
13350;574;chat app;2025-06-14
13351;638;job search;2025-03-07
13352;437;chat app;2025-03-20
13353;626;music player;2025-01-27
13354;89;video editor;2025-04-03
13355;136;budget app;2025-01-06
13356;603;language learning;2025-01-01
13357;135;free games;2025-06-11
13358;599;learn english;2025-02-21
13359;250;weather app;2025-03-28
13360;751;recipe app;2025-04-27
13361;1170;crypto tracker;2025-02-04
13362;97;job search;2025-02-07
13363;1403;music player;2025-06-23
13364;476;puzzle games;2025-04-02
13365;867;meditation app;2025-02-03
13366;1346;photo editor;2025-05-06
13367;774;photo editor;2025-05-14
13368;1640;puzzle games;2025-05-24
13369;1928;travel planner;2025-05-22
13370;1018;grocery list;2025-04-27
13371;1006;video editor;2025-05-02
13372;1507;meditation app;2025-04-05
13373;1772;photo editor;2025-02-25
13374;1025;job search;2025-04-29
13375;1345;photo editor;2025-02-02
13376;1618;chat app;2025-06-05
13377;1100;photo editor;2025-05-17
13378;1989;travel planner;2025-02-27
13379;1259;meditation app;2025-06-14
13380;1303;fitness tracker;2025-01-11
13381;569;task manager;2025-05-02
13382;461;budget app;2025-03-12
13383;740;learn english;2025-05-31
13384;518;recipe app;2025-03-29
13385;1515;task manager;2025-04-15
13386;1904;task manager;2025-01-22
13387;1322;meditation app;2025-02-27
13388;575;learn english;2025-05-18
13389;1138;free games;2025-05-08
13390;1970;travel planner;2025-06-18
13391;825;crypto tracker;2025-06-23
13392;83;weather app;2025-06-10
13393;1298;learn english;2025-03-31
13394;1795;job search;2025-03-23
13395;1045;recipe app;2025-06-08
13396;395;travel planner;2025-01-28
13397;1572;grocery list;2025-06-13
13398;667;weather app;2025-06-19
13399;802;music player;2025-01-09
13400;741;note taking;2025-03-20
13401;1231;chat app;2025-03-02
13402;1196;fitness tracker;2025-04-25
13403;167;travel planner;2025-03-22
13404;516;free games;2025-04-16
13405;467;task manager;2025-03-22
13406;1736;video editor;2025-04-27
13407;18;music player;2025-01-14
13408;1514;meditation app;2025-06-12
13409;153;vpn;2025-02-20
13410;940;grocery list;2025-06-18
13411;572;fitness tracker;2025-01-15
13412;1407;vpn;2025-04-02
13413;1398;vpn;2025-03-28
13414;1548;weather app;2025-06-22
13415;655;note taking;2025-03-14
13416;1919;budget app;2025-04-26
13417;1555;task manager;2025-06-01
13418;1388;video editor;2025-04-27
13419;959;task manager;2025-05-15
13420;1102;travel planner;2025-02-12
13421;1320;music player;2025-01-28
13422;1562;budget app;2025-01-10
13423;933;music player;2025-06-23
13424;1365;free games;2025-03-12
13425;45;puzzle games;2025-03-21
13426;1013;photo editor;2025-02-01
13427;1603;fitness tracker;2025-03-17
13428;825;learn english;2025-06-26
13429;909;vpn;2025-06-21
13430;1008;grocery list;2025-06-27
13431;32;note taking;2025-01-25
13432;1931;free games;2025-06-27
13433;637;grocery list;2025-04-20
13434;838;job search;2025-01-21
13435;1069;video editor;2025-03-07
13436;1948;note taking;2025-02-08
13437;1966;video editor;2025-02-02
13438;1577;crypto tracker;2025-03-18
13439;1687;job search;2025-01-16
13440;1425;note taking;2025-05-25
13441;1124;video editor;2025-05-01
13442;169;learn english;2025-01-05
13443;241;task manager;2025-04-29
13444;955;free games;2025-03-01
13445;497;fitness tracker;2025-03-25
13446;949;budget app;2025-06-27
13447;585;crypto tracker;2025-02-27
13448;1610;free games;2025-04-29
13449;501;music player;2025-03-20
13450;1721;language learning;2025-06-18
13451;867;task manager;2025-05-25
13452;1257;job search;2025-06-18
13453;1828;note taking;2025-06-03
13454;1662;budget app;2025-02-24
13455;1309;budget app;2025-03-08
13456;1635;weather app;2025-05-12
13457;208;meditation app;2025-04-24
13458;1279;puzzle games;2025-05-09
13459;1912;travel planner;2025-05-27
13460;293;note taking;2025-04-14
13461;1724;travel planner;2025-02-11
13462;581;meditation app;2025-01-06
13463;579;task manager;2025-02-01
13464;216;chat app;2025-01-16
13465;191;task manager;2025-04-20
13466;1573;crypto tracker;2025-03-04
13467;279;weather app;2025-01-22
13468;1668;note taking;2025-04-02
13469;1412;language learning;2025-04-06
13470;199;task manager;2025-02-01
13471;341;meditation app;2025-04-05
13472;1218;photo editor;2025-05-02
13473;117;free games;2025-03-04
13474;556;weather app;2025-04-28
13475;555;chat app;2025-02-09
13476;726;language learning;2025-06-24
13477;961;crypto tracker;2025-01-08
13478;1992;recipe app;2025-02-23
13479;779;music player;2025-03-22
13480;188;music player;2025-02-22
13481;253;photo editor;2025-03-28
13482;529;learn english;2025-06-13
13483;137;learn english;2025-06-01
13484;1713;free games;2025-06-13
13485;282;free games;2025-04-08
13486;24;job search;2025-01-27
13487;508;language learning;2025-06-16
13488;1195;chat app;2025-01-14
13489;1606;budget app;2025-04-03
13490;1785;music player;2025-02-15
13491;155;crypto tracker;2025-03-09
13492;336;video editor;2025-04-23
13493;1340;weather app;2025-04-04
13494;1672;chat app;2025-05-24
13495;544;music player;2025-03-22
13496;1588;video editor;2025-01-31
13497;254;video editor;2025-01-28
13498;1973;recipe app;2025-06-21
13499;1566;puzzle games;2025-05-27
13500;1466;puzzle games;2025-03-21
13501;554;music player;2025-04-16
13502;1623;photo editor;2025-05-17
13503;564;recipe app;2025-03-22
13504;430;meditation app;2025-03-23
13505;1097;music player;2025-04-13
13506;1086;music player;2025-06-14
13507;1280;vpn;2025-01-16
13508;1094;learn english;2025-03-11
13509;1744;puzzle games;2025-05-29
13510;1674;crypto tracker;2025-01-09
13511;375;chat app;2025-02-04
13512;400;vpn;2025-05-23
13513;759;travel planner;2025-02-28
13514;1691;vpn;2025-05-11
13515;115;chat app;2025-06-21
13516;1509;recipe app;2025-06-15
13517;352;task manager;2025-05-13
13518;62;recipe app;2025-01-08
13519;1897;job search;2025-03-22
13520;94;job search;2025-06-20
13521;1042;photo editor;2025-05-30
13522;1406;meditation app;2025-02-24
13523;739;note taking;2025-03-17
13524;1868;music player;2025-04-02
13525;371;note taking;2025-06-30
13526;1437;job search;2025-05-07
13527;1001;job search;2025-03-06
13528;585;note taking;2025-05-25
13529;800;note taking;2025-05-31
13530;503;budget app;2025-03-20
13531;875;crypto tracker;2025-01-14
13532;100;video editor;2025-01-03
13533;792;travel planner;2025-05-17
13534;1790;task manager;2025-02-04
13535;800;crypto tracker;2025-05-20
13536;890;music player;2025-06-21
13537;937;vpn;2025-04-04
13538;1644;chat app;2025-05-08
13539;948;travel planner;2025-02-28
13540;1609;grocery list;2025-04-01
13541;1850;crypto tracker;2025-06-17
13542;1648;language learning;2025-01-06
13543;1194;learn english;2025-02-05
13544;249;free games;2025-03-07
13545;50;meditation app;2025-02-10
13546;1761;vpn;2025-03-06
13547;1659;vpn;2025-02-20
13548;1236;video editor;2025-01-12
13549;190;video editor;2025-01-16
13550;1175;puzzle games;2025-02-26
13551;290;note taking;2025-04-30
13552;64;meditation app;2025-05-25
13553;294;language learning;2025-02-04
13554;739;learn english;2025-06-30
13555;977;crypto tracker;2025-02-21
13556;255;language learning;2025-01-15
13557;446;music player;2025-04-06
13558;121;weather app;2025-06-24
13559;1419;travel planner;2025-03-18
13560;505;puzzle games;2025-05-11
13561;1914;task manager;2025-03-08
13562;1941;note taking;2025-02-09
13563;942;grocery list;2025-05-27
13564;733;music player;2025-06-25
13565;1894;weather app;2025-04-20
13566;186;job search;2025-06-01
13567;1865;note taking;2025-05-26
13568;849;note taking;2025-03-28
13569;1898;crypto tracker;2025-06-04
13570;1431;vpn;2025-06-09
13571;726;meditation app;2025-05-10
13572;1794;learn english;2025-02-14
13573;919;chat app;2025-01-28
13574;1010;crypto tracker;2025-06-24
13575;1491;music player;2025-04-23
13576;1494;learn english;2025-05-16
13577;469;music player;2025-02-07
13578;1909;note taking;2025-01-07
13579;331;chat app;2025-06-03
13580;1977;chat app;2025-04-11
13581;1767;music player;2025-05-02
13582;794;learn english;2025-04-29
13583;837;note taking;2025-01-08
13584;1570;note taking;2025-01-11
13585;570;language learning;2025-03-28
13586;1360;vpn;2025-01-26
13587;166;fitness tracker;2025-05-22
13588;774;weather app;2025-05-10
13589;163;learn english;2025-01-05
13590;718;free games;2025-02-04
13591;1449;music player;2025-05-17
13592;1472;puzzle games;2025-02-11
13593;78;job search;2025-06-16
13594;598;recipe app;2025-05-31
13595;731;fitness tracker;2025-05-15
13596;1471;music player;2025-04-24
13597;1598;video editor;2025-05-06
13598;987;note taking;2025-02-16
13599;423;puzzle games;2025-02-23
13600;652;note taking;2025-02-25
13601;1866;weather app;2025-06-13
13602;1803;meditation app;2025-02-19
13603;1498;music player;2025-04-23
13604;1066;chat app;2025-06-05
13605;857;travel planner;2025-02-17
13606;164;vpn;2025-01-31
13607;85;free games;2025-02-05
13608;777;free games;2025-05-06
13609;904;fitness tracker;2025-01-18
13610;528;chat app;2025-06-10
13611;1284;note taking;2025-06-28
13612;1069;language learning;2025-05-26
13613;1365;language learning;2025-03-29
13614;444;job search;2025-01-18
13615;740;vpn;2025-05-02
13616;510;learn english;2025-01-07
13617;730;fitness tracker;2025-01-02
13618;1148;travel planner;2025-05-24
13619;399;photo editor;2025-05-23
13620;929;weather app;2025-01-08
13621;1363;travel planner;2025-04-03
13622;106;job search;2025-06-09
13623;430;weather app;2025-04-30
13624;921;weather app;2025-01-27
13625;267;puzzle games;2025-05-02
13626;395;note taking;2025-01-22
13627;1520;crypto tracker;2025-05-13
13628;697;budget app;2025-02-10
13629;1402;meditation app;2025-06-21
13630;1869;vpn;2025-06-05
13631;1309;free games;2025-05-15
13632;306;video editor;2025-05-20
13633;1467;free games;2025-01-01
13634;1245;budget app;2025-05-01
13635;309;fitness tracker;2025-01-08
13636;1149;job search;2025-01-22
13637;1785;fitness tracker;2025-02-01
13638;1070;travel planner;2025-03-13
13639;712;fitness tracker;2025-03-04
13640;1222;recipe app;2025-05-26
13641;847;budget app;2025-02-03
13642;481;chat app;2025-01-20
13643;1665;recipe app;2025-06-08
13644;1858;puzzle games;2025-05-13
13645;1478;meditation app;2025-03-31
13646;236;meditation app;2025-04-03
13647;913;puzzle games;2025-01-08
13648;405;fitness tracker;2025-02-20
13649;29;grocery list;2025-05-15
13650;1103;budget app;2025-04-22
13651;1769;free games;2025-06-04
13652;580;photo editor;2025-04-30
13653;689;free games;2025-02-13
13654;1956;note taking;2025-02-01
13655;1940;weather app;2025-01-07
13656;97;meditation app;2025-05-12
13657;1281;grocery list;2025-04-19
13658;1011;vpn;2025-05-13
13659;1435;job search;2025-03-25
13660;698;grocery list;2025-03-28
13661;1945;free games;2025-05-31
13662;694;travel planner;2025-01-25
13663;622;recipe app;2025-01-12
13664;608;puzzle games;2025-04-23
13665;361;weather app;2025-04-11
13666;845;puzzle games;2025-03-16
13667;1387;language learning;2025-02-02
13668;913;fitness tracker;2025-05-09
13669;880;recipe app;2025-01-27
13670;1107;learn english;2025-03-15
13671;1572;music player;2025-01-11
13672;632;weather app;2025-06-16
13673;1134;note taking;2025-06-19
13674;664;budget app;2025-06-24
13675;1955;note taking;2025-04-13
13676;300;learn english;2025-05-05
13677;1796;language learning;2025-03-08
13678;1357;chat app;2025-03-17
13679;1239;chat app;2025-05-27
13680;1852;crypto tracker;2025-01-28
13681;872;language learning;2025-04-25
13682;526;budget app;2025-04-24
13683;1139;grocery list;2025-06-22
13684;1797;video editor;2025-05-25
13685;1047;vpn;2025-05-17
13686;645;meditation app;2025-03-11
13687;1271;photo editor;2025-01-23
13688;112;language learning;2025-06-15
13689;1662;video editor;2025-04-28
13690;1313;music player;2025-04-20
13691;594;photo editor;2025-05-10
13692;917;puzzle games;2025-03-02
13693;1338;travel planner;2025-04-26
13694;1102;puzzle games;2025-03-23
13695;444;meditation app;2025-05-02
13696;108;photo editor;2025-02-10
13697;571;travel planner;2025-02-24
13698;1800;learn english;2025-04-21
13699;1517;note taking;2025-04-02
13700;1385;puzzle games;2025-05-14
13701;302;note taking;2025-03-05
13702;1918;meditation app;2025-05-20
13703;30;note taking;2025-04-23
13704;6;crypto tracker;2025-01-11
13705;989;travel planner;2025-02-21
13706;797;vpn;2025-01-18
13707;1643;task manager;2025-04-25
13708;765;language learning;2025-05-29
13709;366;video editor;2025-06-28
13710;1849;travel planner;2025-02-05
13711;1551;budget app;2025-02-26
13712;1369;fitness tracker;2025-05-01
13713;1952;chat app;2025-03-29
13714;1590;job search;2025-01-31
13715;289;vpn;2025-04-10
13716;1825;job search;2025-02-17
13717;149;music player;2025-03-05
13718;10;free games;2025-05-22
13719;1599;recipe app;2025-04-28
13720;1352;task manager;2025-05-28
13721;715;travel planner;2025-01-30
13722;753;weather app;2025-02-06
13723;1446;crypto tracker;2025-02-16
13724;698;language learning;2025-04-08
13725;41;free games;2025-05-29
13726;1106;free games;2025-03-27
13727;1878;job search;2025-05-18
13728;436;video editor;2025-06-17
13729;1241;budget app;2025-06-28
13730;1954;chat app;2025-01-08
13731;415;note taking;2025-01-19
13732;1682;weather app;2025-06-13
13733;831;recipe app;2025-06-17
13734;388;music player;2025-05-31
13735;1056;recipe app;2025-04-22
13736;1500;grocery list;2025-03-10
13737;1263;puzzle games;2025-04-24
13738;1774;meditation app;2025-01-08
13739;1509;job search;2025-01-12
13740;873;budget app;2025-01-07
13741;1022;note taking;2025-04-07
13742;204;note taking;2025-03-03
13743;507;meditation app;2025-01-09
13744;105;note taking;2025-06-01
13745;163;job search;2025-03-21
13746;1827;crypto tracker;2025-02-20
13747;794;grocery list;2025-04-23
13748;169;language learning;2025-03-03
13749;1032;meditation app;2025-04-22
13750;382;photo editor;2025-04-02
13751;1827;job search;2025-05-06
13752;1639;crypto tracker;2025-01-02
13753;1514;recipe app;2025-03-07
13754;1992;vpn;2025-05-09
13755;896;video editor;2025-02-01
13756;1073;music player;2025-03-16
13757;1558;grocery list;2025-05-08
13758;630;photo editor;2025-03-12
13759;349;job search;2025-05-10
13760;741;weather app;2025-06-10
13761;131;note taking;2025-01-28
13762;1487;puzzle games;2025-05-09
13763;1026;job search;2025-02-14
13764;857;chat app;2025-03-08
13765;1406;travel planner;2025-02-14
13766;169;fitness tracker;2025-02-04
13767;420;weather app;2025-05-28
13768;1781;travel planner;2025-05-15
13769;1838;fitness tracker;2025-02-01
13770;644;travel planner;2025-01-07
13771;30;meditation app;2025-06-28
13772;1684;learn english;2025-02-24
13773;1764;music player;2025-06-19
13774;1426;free games;2025-03-16
13775;1472;note taking;2025-05-11
13776;530;vpn;2025-04-18
13777;929;job search;2025-01-19
13778;745;note taking;2025-01-29
13779;1504;meditation app;2025-06-16
13780;1425;language learning;2025-04-10
13781;15;crypto tracker;2025-03-22
13782;856;grocery list;2025-05-31
13783;1716;weather app;2025-05-28
13784;174;learn english;2025-04-13
13785;1405;crypto tracker;2025-04-05
13786;902;language learning;2025-05-06
13787;1886;meditation app;2025-04-13
13788;1910;vpn;2025-05-02
13789;1474;video editor;2025-04-09
13790;821;note taking;2025-05-04
13791;1993;language learning;2025-01-12
13792;1152;vpn;2025-02-02
13793;18;task manager;2025-06-21
13794;1511;recipe app;2025-06-14
13795;287;travel planner;2025-04-22
13796;637;recipe app;2025-03-24
13797;1898;fitness tracker;2025-01-19
13798;1006;vpn;2025-01-16
13799;589;travel planner;2025-06-09
13800;1101;task manager;2025-05-07
13801;1084;music player;2025-06-01
13802;1144;task manager;2025-05-05
13803;295;meditation app;2025-04-03
13804;613;note taking;2025-02-06
13805;342;free games;2025-04-21
13806;158;grocery list;2025-04-03
13807;1418;budget app;2025-04-17
13808;1824;puzzle games;2025-02-13
13809;1219;grocery list;2025-04-30
13810;1605;weather app;2025-06-15
13811;1078;video editor;2025-06-25
13812;565;budget app;2025-01-16
13813;779;job search;2025-02-05
13814;626;video editor;2025-04-21
13815;415;travel planner;2025-01-10
13816;504;fitness tracker;2025-01-23
13817;527;weather app;2025-01-15
13818;398;photo editor;2025-05-20
13819;1427;chat app;2025-05-26
13820;1681;weather app;2025-03-03
13821;1681;free games;2025-01-21
13822;223;learn english;2025-05-11
13823;539;free games;2025-04-13
13824;725;note taking;2025-05-09
13825;1090;recipe app;2025-03-29
13826;1072;job search;2025-03-23
13827;761;music player;2025-06-28
13828;593;vpn;2025-02-09
13829;1167;language learning;2025-01-27
13830;704;photo editor;2025-03-12
13831;395;video editor;2025-06-05
13832;937;note taking;2025-03-30
13833;932;task manager;2025-02-24
13834;650;photo editor;2025-04-26
13835;1962;travel planner;2025-05-20
13836;410;task manager;2025-04-27
13837;1460;photo editor;2025-06-18
13838;495;recipe app;2025-03-31
13839;1985;language learning;2025-04-19
13840;1872;puzzle games;2025-04-21
13841;1994;weather app;2025-06-18
13842;417;grocery list;2025-05-28
13843;728;grocery list;2025-04-22
13844;1361;note taking;2025-01-18
13845;951;grocery list;2025-02-06
13846;670;language learning;2025-01-12
13847;1419;learn english;2025-06-03
13848;1259;travel planner;2025-01-29
13849;1588;video editor;2025-02-03
13850;541;video editor;2025-06-04
13851;628;job search;2025-04-18
13852;1442;fitness tracker;2025-06-01
13853;402;language learning;2025-06-25
13854;1917;grocery list;2025-03-14
13855;282;video editor;2025-05-15
13856;1762;vpn;2025-01-30
13857;994;travel planner;2025-04-28
13858;392;video editor;2025-05-04
13859;1157;puzzle games;2025-01-13
13860;186;free games;2025-02-03
13861;1342;job search;2025-01-20
13862;1243;budget app;2025-06-23
13863;1612;puzzle games;2025-03-22
13864;1754;music player;2025-01-03
13865;385;grocery list;2025-06-19
13866;931;fitness tracker;2025-01-26
13867;1875;music player;2025-02-01
13868;1589;vpn;2025-06-13
13869;155;travel planner;2025-01-11
13870;1299;note taking;2025-04-01
13871;1498;language learning;2025-02-13
13872;1693;crypto tracker;2025-03-11
13873;855;fitness tracker;2025-02-08
13874;74;learn english;2025-04-11
13875;690;video editor;2025-04-15
13876;445;weather app;2025-06-04
13877;435;vpn;2025-01-10
13878;1069;music player;2025-03-15
13879;387;music player;2025-04-09
13880;263;recipe app;2025-03-03
13881;1380;grocery list;2025-01-24
13882;1955;note taking;2025-01-04
13883;482;budget app;2025-06-14
13884;1013;recipe app;2025-03-22
13885;1935;puzzle games;2025-05-15
13886;1717;crypto tracker;2025-01-17
13887;1378;note taking;2025-02-10
13888;126;music player;2025-03-14
13889;1084;crypto tracker;2025-02-18
13890;1543;vpn;2025-01-13
13891;1000;note taking;2025-04-05
13892;30;puzzle games;2025-02-24
13893;1511;weather app;2025-02-17
13894;1056;budget app;2025-05-30
13895;1311;travel planner;2025-06-05
13896;1621;meditation app;2025-01-07
13897;287;note taking;2025-03-11
13898;9;crypto tracker;2025-02-21
13899;177;free games;2025-06-08
13900;25;meditation app;2025-05-04
13901;198;grocery list;2025-02-14
13902;483;recipe app;2025-06-29
13903;1413;weather app;2025-02-03
13904;1550;job search;2025-05-02
13905;1290;weather app;2025-05-06
13906;894;vpn;2025-03-29
13907;527;meditation app;2025-04-12
13908;133;meditation app;2025-02-02
13909;909;vpn;2025-05-02
13910;1940;weather app;2025-03-28
13911;657;crypto tracker;2025-05-23
13912;1898;learn english;2025-03-15
13913;959;learn english;2025-02-16
13914;1862;language learning;2025-04-15
13915;877;learn english;2025-03-28
13916;1826;weather app;2025-05-29
13917;445;travel planner;2025-02-02
13918;1244;note taking;2025-02-15
13919;948;budget app;2025-02-05
13920;1970;photo editor;2025-03-30
13921;121;learn english;2025-02-23
13922;1812;note taking;2025-02-26
13923;1304;weather app;2025-05-26
13924;104;video editor;2025-02-10
13925;968;puzzle games;2025-05-19
13926;1992;puzzle games;2025-06-14
13927;1814;recipe app;2025-05-10
13928;371;crypto tracker;2025-04-25
13929;970;chat app;2025-02-25
13930;1444;travel planner;2025-01-18
13931;1703;music player;2025-06-04
13932;1772;puzzle games;2025-01-12
13933;453;meditation app;2025-01-29
13934;1411;puzzle games;2025-01-29
13935;304;meditation app;2025-03-30
13936;1228;weather app;2025-05-26
13937;1428;vpn;2025-03-22
13938;947;photo editor;2025-03-15
13939;1643;fitness tracker;2025-01-22
13940;1618;photo editor;2025-04-18
13941;1926;fitness tracker;2025-02-15
13942;69;language learning;2025-06-17
13943;1478;recipe app;2025-06-03
13944;182;budget app;2025-01-01
13945;1469;note taking;2025-03-06
13946;389;language learning;2025-03-06
13947;1796;chat app;2025-04-11
13948;547;crypto tracker;2025-03-06
13949;431;fitness tracker;2025-05-25
13950;1656;video editor;2025-05-31
13951;191;note taking;2025-02-07
13952;321;free games;2025-06-11
13953;116;meditation app;2025-06-11
13954;308;fitness tracker;2025-04-24
13955;816;task manager;2025-03-03
13956;654;fitness tracker;2025-04-29
13957;1042;budget app;2025-06-10
13958;1039;meditation app;2025-05-20
13959;655;job search;2025-01-28
13960;116;puzzle games;2025-02-25
13961;386;grocery list;2025-04-06
13962;447;budget app;2025-01-04
13963;90;travel planner;2025-01-12
13964;1843;budget app;2025-06-20
13965;867;chat app;2025-06-12
13966;1998;music player;2025-03-29
13967;1054;video editor;2025-06-15
13968;1961;job search;2025-04-25
13969;1812;recipe app;2025-03-14
13970;825;vpn;2025-05-22
13971;847;learn english;2025-05-03
13972;340;grocery list;2025-06-18
13973;633;meditation app;2025-06-17
13974;57;weather app;2025-03-16
13975;562;video editor;2025-06-13
13976;444;weather app;2025-02-17
13977;1458;crypto tracker;2025-04-07
13978;725;video editor;2025-05-16
13979;584;photo editor;2025-03-27
13980;608;video editor;2025-02-21
13981;682;learn english;2025-04-30
13982;641;job search;2025-02-22
13983;643;photo editor;2025-05-12
13984;751;learn english;2025-05-08
13985;811;travel planner;2025-06-22
13986;792;vpn;2025-06-30
13987;1674;travel planner;2025-04-03
13988;1871;travel planner;2025-04-15
13989;671;video editor;2025-01-04
13990;86;weather app;2025-06-30
13991;449;meditation app;2025-03-22
13992;315;fitness tracker;2025-05-26
13993;1727;language learning;2025-03-11
13994;1057;note taking;2025-06-13
13995;287;photo editor;2025-01-03
13996;1155;fitness tracker;2025-02-17
13997;1989;music player;2025-03-25
13998;190;note taking;2025-03-28
13999;724;job search;2025-05-31
14000;1299;vpn;2025-02-20
14001;929;music player;2025-02-28
14002;993;language learning;2025-04-16
14003;93;note taking;2025-01-18
14004;584;music player;2025-04-20
14005;629;chat app;2025-01-15
14006;379;puzzle games;2025-05-01
14007;95;grocery list;2025-01-20
14008;452;job search;2025-02-09
14009;367;travel planner;2025-05-24
14010;293;learn english;2025-01-05
14011;1270;chat app;2025-04-03
14012;1308;music player;2025-03-21
14013;1828;chat app;2025-06-05
14014;313;fitness tracker;2025-06-05
14015;1307;vpn;2025-01-09
14016;179;crypto tracker;2025-05-26
14017;808;music player;2025-05-23
14018;534;free games;2025-04-28
14019;1650;video editor;2025-06-23
14020;1324;travel planner;2025-03-26
14021;406;puzzle games;2025-01-14
14022;1887;grocery list;2025-04-30
14023;1103;chat app;2025-06-18
14024;1345;crypto tracker;2025-05-08
14025;826;meditation app;2025-06-25
14026;1278;free games;2025-01-13
14027;1948;meditation app;2025-05-10
14028;320;crypto tracker;2025-03-19
14029;818;video editor;2025-04-11
14030;773;puzzle games;2025-03-21
14031;1409;grocery list;2025-02-26
14032;884;free games;2025-06-24
14033;1982;travel planner;2025-06-12
14034;634;chat app;2025-05-13
14035;837;task manager;2025-02-10
14036;1800;vpn;2025-01-05
14037;1085;recipe app;2025-03-27
14038;1187;fitness tracker;2025-03-27
14039;1613;video editor;2025-02-12
14040;1170;job search;2025-02-17
14041;773;language learning;2025-05-25
14042;1538;music player;2025-02-23
14043;1654;music player;2025-03-25
14044;918;fitness tracker;2025-05-05
14045;502;crypto tracker;2025-04-16
14046;1888;grocery list;2025-06-05
14047;1458;fitness tracker;2025-05-02
14048;1969;budget app;2025-06-24
14049;554;meditation app;2025-02-15
14050;395;weather app;2025-03-06
14051;1307;note taking;2025-04-21
14052;853;language learning;2025-01-27
14053;95;vpn;2025-01-26
14054;1920;crypto tracker;2025-06-03
14055;1493;language learning;2025-01-23
14056;1120;budget app;2025-04-07
14057;1782;task manager;2025-04-12
14058;346;task manager;2025-05-21
14059;791;task manager;2025-06-28
14060;1069;job search;2025-06-07
14061;1981;fitness tracker;2025-03-11
14062;1991;note taking;2025-06-04
14063;1832;note taking;2025-01-05
14064;1545;weather app;2025-06-24
14065;1916;puzzle games;2025-04-03
14066;171;task manager;2025-04-20
14067;1274;recipe app;2025-04-17
14068;1639;photo editor;2025-02-28
14069;1367;crypto tracker;2025-03-11
14070;97;grocery list;2025-05-19
14071;467;weather app;2025-01-26
14072;1116;weather app;2025-05-20
14073;57;learn english;2025-04-12
14074;1187;chat app;2025-03-10
14075;961;video editor;2025-05-30
14076;140;music player;2025-06-15
14077;1706;chat app;2025-05-07
14078;1978;job search;2025-06-04
14079;1986;weather app;2025-06-11
14080;1987;puzzle games;2025-05-22
14081;1653;free games;2025-01-24
14082;1590;fitness tracker;2025-02-10
14083;1906;free games;2025-01-20
14084;790;chat app;2025-01-25
14085;1027;vpn;2025-02-16
14086;64;free games;2025-06-10
14087;314;weather app;2025-05-29
14088;204;vpn;2025-02-08
14089;443;photo editor;2025-02-19
14090;497;language learning;2025-06-13
14091;1557;chat app;2025-06-23
14092;137;crypto tracker;2025-01-02
14093;1216;grocery list;2025-02-15
14094;163;fitness tracker;2025-05-05
14095;94;fitness tracker;2025-03-04
14096;251;grocery list;2025-06-02
14097;1875;video editor;2025-05-04
14098;384;budget app;2025-01-29
14099;375;puzzle games;2025-03-31
14100;1238;free games;2025-03-04
14101;201;meditation app;2025-05-05
14102;1302;recipe app;2025-04-13
14103;1852;travel planner;2025-06-28
14104;1412;free games;2025-01-02
14105;1432;free games;2025-06-26
14106;216;travel planner;2025-06-13
14107;1540;photo editor;2025-04-29
14108;771;recipe app;2025-02-24
14109;1682;fitness tracker;2025-03-17
14110;1741;crypto tracker;2025-05-16
14111;489;note taking;2025-02-25
14112;1606;task manager;2025-05-04
14113;233;vpn;2025-01-19
14114;641;crypto tracker;2025-05-07
14115;624;video editor;2025-06-08
14116;237;learn english;2025-04-30
14117;2000;budget app;2025-06-26
14118;1132;meditation app;2025-01-03
14119;274;job search;2025-02-06
14120;1092;fitness tracker;2025-01-09
14121;1729;note taking;2025-01-14
14122;96;puzzle games;2025-03-02
14123;1346;task manager;2025-01-03
14124;1764;grocery list;2025-02-21
14125;580;travel planner;2025-06-14
14126;234;fitness tracker;2025-02-22
14127;344;learn english;2025-04-08
14128;1365;free games;2025-01-07
14129;768;puzzle games;2025-02-24
14130;365;note taking;2025-06-28
14131;156;grocery list;2025-03-01
14132;285;vpn;2025-02-17
14133;1457;meditation app;2025-04-09
14134;329;vpn;2025-02-07
14135;1343;budget app;2025-02-11
14136;181;weather app;2025-01-29
14137;203;video editor;2025-04-30
14138;1156;vpn;2025-03-16
14139;340;task manager;2025-02-25
14140;343;language learning;2025-05-07
14141;1392;free games;2025-01-26
14142;1535;photo editor;2025-04-13
14143;914;task manager;2025-01-29
14144;232;video editor;2025-04-30
14145;1628;grocery list;2025-04-16
14146;1510;music player;2025-06-03
14147;15;fitness tracker;2025-03-23
14148;197;recipe app;2025-02-18
14149;1039;language learning;2025-03-07
14150;1545;fitness tracker;2025-04-21
14151;907;weather app;2025-01-05
14152;350;fitness tracker;2025-01-11
14153;1260;travel planner;2025-03-18
14154;172;job search;2025-06-25
14155;1653;recipe app;2025-02-23
14156;1313;free games;2025-03-14
14157;1937;free games;2025-04-03
14158;1622;chat app;2025-01-20
14159;1246;task manager;2025-03-13
14160;1597;photo editor;2025-01-16
14161;1362;recipe app;2025-01-08
14162;917;recipe app;2025-03-23
14163;6;task manager;2025-03-08
14164;1028;recipe app;2025-02-11
14165;1122;crypto tracker;2025-04-16
14166;1903;job search;2025-04-25
14167;128;weather app;2025-05-08
14168;1033;note taking;2025-04-22
14169;926;puzzle games;2025-05-06
14170;102;free games;2025-05-24
14171;1342;weather app;2025-01-07
14172;1333;meditation app;2025-04-11
14173;559;crypto tracker;2025-01-11
14174;696;task manager;2025-03-01
14175;660;recipe app;2025-01-02
14176;173;job search;2025-02-11
14177;905;fitness tracker;2025-04-27
14178;1314;puzzle games;2025-04-24
14179;497;music player;2025-05-21
14180;384;travel planner;2025-01-07
14181;242;grocery list;2025-03-02
14182;268;free games;2025-04-03
14183;222;photo editor;2025-02-10
14184;130;chat app;2025-03-07
14185;57;video editor;2025-02-20
14186;1741;language learning;2025-05-17
14187;64;photo editor;2025-06-08
14188;1222;budget app;2025-04-04
14189;61;fitness tracker;2025-03-19
14190;85;language learning;2025-03-22
14191;132;photo editor;2025-06-22
14192;961;note taking;2025-05-02
14193;1643;photo editor;2025-01-23
14194;944;budget app;2025-06-21
14195;805;note taking;2025-05-19
14196;721;meditation app;2025-05-26
14197;893;task manager;2025-05-23
14198;831;chat app;2025-06-11
14199;1347;photo editor;2025-02-11
14200;1832;note taking;2025-01-15
14201;918;puzzle games;2025-01-07
14202;631;crypto tracker;2025-05-20
14203;1403;photo editor;2025-03-05
14204;1111;task manager;2025-01-31
14205;1183;budget app;2025-02-01
14206;205;note taking;2025-03-27
14207;1431;video editor;2025-05-08
14208;1630;language learning;2025-04-29
14209;900;video editor;2025-01-19
14210;1197;recipe app;2025-02-03
14211;549;travel planner;2025-04-13
14212;1512;free games;2025-01-25
14213;992;budget app;2025-05-26
14214;314;learn english;2025-04-26
14215;865;crypto tracker;2025-03-26
14216;154;job search;2025-04-30
14217;1554;budget app;2025-02-03
14218;1812;music player;2025-06-20
14219;422;grocery list;2025-01-02
14220;516;vpn;2025-02-28
14221;626;meditation app;2025-05-10
14222;1790;fitness tracker;2025-04-23
14223;943;music player;2025-03-24
14224;1766;chat app;2025-02-08
14225;122;puzzle games;2025-04-01
14226;1303;travel planner;2025-06-14
14227;1413;fitness tracker;2025-05-17
14228;549;task manager;2025-05-25
14229;1138;job search;2025-03-02
14230;739;task manager;2025-05-08
14231;358;meditation app;2025-02-13
14232;1269;puzzle games;2025-02-18
14233;441;recipe app;2025-06-29
14234;968;free games;2025-02-11
14235;1434;note taking;2025-01-08
14236;1832;puzzle games;2025-03-04
14237;1179;task manager;2025-04-13
14238;1364;video editor;2025-02-20
14239;1463;puzzle games;2025-05-16
14240;632;language learning;2025-03-15
14241;1094;crypto tracker;2025-03-10
14242;278;meditation app;2025-03-05
14243;1200;grocery list;2025-03-01
14244;654;language learning;2025-06-23
14245;711;music player;2025-03-03
14246;1235;photo editor;2025-05-22
14247;1502;grocery list;2025-04-17
14248;1355;meditation app;2025-04-14
14249;341;music player;2025-05-02
14250;510;recipe app;2025-02-27
14251;1701;weather app;2025-03-21
14252;1833;free games;2025-04-10
14253;1292;fitness tracker;2025-01-15
14254;1746;learn english;2025-04-16
14255;869;chat app;2025-03-04
14256;554;budget app;2025-01-30
14257;537;music player;2025-01-24
14258;767;language learning;2025-06-26
14259;402;note taking;2025-06-26
14260;704;fitness tracker;2025-04-17
14261;434;language learning;2025-02-13
14262;1638;task manager;2025-05-23
14263;860;fitness tracker;2025-02-25
14264;400;vpn;2025-04-28
14265;66;crypto tracker;2025-03-12
14266;546;vpn;2025-04-03
14267;1637;learn english;2025-06-17
14268;1932;crypto tracker;2025-02-22
14269;555;crypto tracker;2025-02-07
14270;173;photo editor;2025-01-27
14271;957;recipe app;2025-03-09
14272;1822;travel planner;2025-03-09
14273;601;travel planner;2025-03-27
14274;980;crypto tracker;2025-02-12
14275;1568;photo editor;2025-06-11
14276;1136;grocery list;2025-03-18
14277;368;crypto tracker;2025-04-07
14278;487;task manager;2025-01-29
14279;1842;vpn;2025-01-20
14280;331;puzzle games;2025-01-29
14281;252;video editor;2025-03-11
14282;1541;job search;2025-06-14
14283;1251;fitness tracker;2025-03-06
14284;1353;language learning;2025-03-15
14285;365;travel planner;2025-06-02
14286;1800;task manager;2025-04-24
14287;356;note taking;2025-04-23
14288;1492;chat app;2025-03-24
14289;440;puzzle games;2025-06-08
14290;1082;job search;2025-04-06
14291;1567;travel planner;2025-01-31
14292;738;weather app;2025-01-01
14293;126;meditation app;2025-03-22
14294;1658;learn english;2025-03-08
14295;755;photo editor;2025-05-16
14296;452;note taking;2025-05-03
14297;1810;travel planner;2025-02-15
14298;1879;weather app;2025-01-13
14299;696;meditation app;2025-05-23
14300;352;note taking;2025-03-25
14301;1516;chat app;2025-01-20
14302;53;task manager;2025-01-24
14303;288;note taking;2025-04-14
14304;615;weather app;2025-05-03
14305;1096;language learning;2025-02-13
14306;632;chat app;2025-01-13
14307;1676;photo editor;2025-03-10
14308;1295;video editor;2025-01-04
14309;872;video editor;2025-06-01
14310;798;learn english;2025-01-07
14311;774;puzzle games;2025-06-10
14312;847;weather app;2025-04-25
14313;1871;crypto tracker;2025-06-05
14314;210;music player;2025-01-17
14315;1063;job search;2025-06-03
14316;1958;budget app;2025-04-09
14317;693;free games;2025-04-19
14318;159;note taking;2025-04-23
14319;172;vpn;2025-05-29
14320;19;learn english;2025-01-28
14321;1845;fitness tracker;2025-03-23
14322;5;music player;2025-02-18
14323;167;video editor;2025-01-12
14324;4;note taking;2025-01-14
14325;384;job search;2025-02-12
14326;1143;puzzle games;2025-05-19
14327;852;task manager;2025-02-28
14328;1309;music player;2025-01-29
14329;1896;fitness tracker;2025-01-16
14330;1135;language learning;2025-01-21
14331;542;puzzle games;2025-05-21
14332;605;music player;2025-04-06
14333;76;meditation app;2025-06-08
14334;810;language learning;2025-06-08
14335;1239;meditation app;2025-05-10
14336;1793;note taking;2025-02-11
14337;67;budget app;2025-06-15
14338;139;crypto tracker;2025-01-22
14339;570;note taking;2025-02-04
14340;528;language learning;2025-01-04
14341;1315;job search;2025-02-27
14342;1725;job search;2025-02-13
14343;506;grocery list;2025-04-19
14344;139;vpn;2025-05-29
14345;755;fitness tracker;2025-05-13
14346;1444;recipe app;2025-06-03
14347;1452;puzzle games;2025-03-11
14348;936;recipe app;2025-06-18
14349;964;video editor;2025-02-24
14350;1834;job search;2025-06-29
14351;1567;puzzle games;2025-05-09
14352;350;travel planner;2025-02-28
14353;59;recipe app;2025-03-22
14354;1022;job search;2025-05-28
14355;961;puzzle games;2025-06-14
14356;1095;chat app;2025-04-10
14357;909;video editor;2025-01-05
14358;961;crypto tracker;2025-06-10
14359;205;budget app;2025-04-05
14360;1202;chat app;2025-06-04
14361;559;grocery list;2025-01-27
14362;649;free games;2025-03-13
14363;1674;weather app;2025-05-26
14364;115;weather app;2025-03-29
14365;1993;video editor;2025-01-07
14366;1792;music player;2025-05-16
14367;729;grocery list;2025-06-11
14368;840;puzzle games;2025-06-11
14369;1974;language learning;2025-04-19
14370;1468;free games;2025-06-08
14371;859;chat app;2025-04-02
14372;630;meditation app;2025-04-11
14373;36;job search;2025-03-25
14374;1732;photo editor;2025-02-13
14375;179;budget app;2025-01-23
14376;1025;crypto tracker;2025-02-03
14377;798;fitness tracker;2025-06-19
14378;281;language learning;2025-03-21
14379;1718;crypto tracker;2025-01-27
14380;1079;free games;2025-02-03
14381;1751;note taking;2025-03-30
14382;1193;crypto tracker;2025-01-16
14383;1028;vpn;2025-06-05
14384;1297;weather app;2025-03-24
14385;831;vpn;2025-03-03
14386;689;fitness tracker;2025-03-12
14387;1313;weather app;2025-05-01
14388;1583;meditation app;2025-06-01
14389;678;budget app;2025-04-25
14390;1481;video editor;2025-06-24
14391;1898;vpn;2025-03-24
14392;940;weather app;2025-05-05
14393;1793;note taking;2025-05-24
14394;1664;vpn;2025-02-09
14395;677;photo editor;2025-02-13
14396;350;recipe app;2025-05-22
14397;1699;crypto tracker;2025-04-18
14398;938;travel planner;2025-06-13
14399;106;photo editor;2025-06-18
14400;1008;recipe app;2025-02-13
14401;1746;fitness tracker;2025-05-03
14402;1207;fitness tracker;2025-06-09
14403;561;travel planner;2025-06-25
14404;1559;video editor;2025-03-25
14405;1797;fitness tracker;2025-02-23
14406;1611;puzzle games;2025-04-12
14407;1017;note taking;2025-06-23
14408;1789;travel planner;2025-05-25
14409;1263;budget app;2025-02-06
14410;124;weather app;2025-06-20
14411;1059;recipe app;2025-03-10
14412;78;meditation app;2025-01-01
14413;121;grocery list;2025-03-09
14414;1556;photo editor;2025-03-29
14415;1169;photo editor;2025-02-02
14416;580;music player;2025-04-17
14417;1156;recipe app;2025-05-01
14418;1821;recipe app;2025-02-26
14419;1715;grocery list;2025-03-29
14420;142;chat app;2025-06-22
14421;1929;puzzle games;2025-05-04
14422;769;weather app;2025-03-27
14423;330;puzzle games;2025-03-14
14424;855;photo editor;2025-03-21
14425;268;video editor;2025-02-12
14426;45;note taking;2025-01-16
14427;1047;vpn;2025-02-06
14428;46;language learning;2025-03-04
14429;419;note taking;2025-04-15
14430;157;photo editor;2025-05-15
14431;1227;job search;2025-05-15
14432;1016;chat app;2025-04-25
14433;295;task manager;2025-02-15
14434;1333;language learning;2025-03-31
14435;1236;chat app;2025-06-18
14436;448;task manager;2025-01-11
14437;588;learn english;2025-06-06
14438;136;job search;2025-01-22
14439;1648;language learning;2025-01-13
14440;503;chat app;2025-06-23
14441;474;budget app;2025-05-10
14442;1670;vpn;2025-03-16
14443;577;photo editor;2025-05-16
14444;1332;crypto tracker;2025-03-05
14445;860;video editor;2025-01-14
14446;1362;fitness tracker;2025-06-23
14447;33;puzzle games;2025-02-20
14448;179;weather app;2025-05-01
14449;1865;grocery list;2025-05-19
14450;99;fitness tracker;2025-06-25
14451;1861;photo editor;2025-01-09
14452;1189;weather app;2025-04-17
14453;995;video editor;2025-05-08
14454;1925;meditation app;2025-04-29
14455;932;weather app;2025-04-17
14456;701;meditation app;2025-04-07
14457;638;vpn;2025-03-31
14458;612;recipe app;2025-06-08
14459;1814;budget app;2025-02-23
14460;513;task manager;2025-01-29
14461;1257;recipe app;2025-06-28
14462;513;chat app;2025-04-02
14463;1581;learn english;2025-01-28
14464;1847;budget app;2025-02-05
14465;782;puzzle games;2025-02-22
14466;1176;recipe app;2025-04-06
14467;421;weather app;2025-01-13
14468;1101;puzzle games;2025-02-04
14469;394;weather app;2025-02-18
14470;1337;photo editor;2025-02-22
14471;748;photo editor;2025-03-21
14472;1995;task manager;2025-03-22
14473;689;free games;2025-04-29
14474;47;music player;2025-04-07
14475;513;free games;2025-04-21
14476;284;video editor;2025-01-04
14477;790;meditation app;2025-03-14
14478;1470;learn english;2025-03-23
14479;1295;learn english;2025-03-18
14480;627;task manager;2025-05-03
14481;895;fitness tracker;2025-01-28
14482;1910;video editor;2025-03-15
14483;1152;weather app;2025-03-07
14484;1354;music player;2025-04-27
14485;1428;travel planner;2025-04-27
14486;511;budget app;2025-02-14
14487;1195;crypto tracker;2025-01-14
14488;895;travel planner;2025-03-25
14489;1690;job search;2025-02-13
14490;707;fitness tracker;2025-06-20
14491;69;fitness tracker;2025-02-28
14492;1517;vpn;2025-05-10
14493;1270;chat app;2025-04-27
14494;947;learn english;2025-02-11
14495;767;grocery list;2025-02-16
14496;1100;note taking;2025-05-16
14497;1570;grocery list;2025-06-04
14498;1831;photo editor;2025-06-01
14499;1372;travel planner;2025-03-18
14500;1701;puzzle games;2025-04-02
14501;1950;photo editor;2025-04-09
14502;1390;recipe app;2025-06-09
14503;1193;photo editor;2025-06-30
14504;1435;travel planner;2025-03-12
14505;643;language learning;2025-06-18
14506;601;crypto tracker;2025-04-21
14507;515;recipe app;2025-02-06
14508;488;travel planner;2025-01-02
14509;62;note taking;2025-01-19
14510;1984;vpn;2025-02-13
14511;621;music player;2025-05-15
14512;770;job search;2025-05-18
14513;749;recipe app;2025-03-07
14514;1012;free games;2025-01-18
14515;1029;travel planner;2025-05-01
14516;1561;job search;2025-06-03
14517;1408;vpn;2025-01-12
14518;256;crypto tracker;2025-04-07
14519;925;budget app;2025-06-07
14520;1391;weather app;2025-04-19
14521;1004;music player;2025-06-14
14522;1952;recipe app;2025-01-12
14523;1522;music player;2025-05-09
14524;1429;free games;2025-01-15
14525;1634;crypto tracker;2025-06-20
14526;158;meditation app;2025-05-04
14527;1844;budget app;2025-06-12
14528;1015;weather app;2025-03-11
14529;1436;video editor;2025-01-11
14530;1379;weather app;2025-01-28
14531;848;learn english;2025-02-26
14532;1360;crypto tracker;2025-01-04
14533;1529;job search;2025-05-31
14534;1266;music player;2025-06-25
14535;1528;photo editor;2025-04-09
14536;1813;note taking;2025-03-31
14537;986;recipe app;2025-02-15
14538;1000;vpn;2025-03-15
14539;1327;fitness tracker;2025-05-09
14540;1458;chat app;2025-02-02
14541;1558;grocery list;2025-04-13
14542;1004;task manager;2025-03-28
14543;1886;photo editor;2025-04-01
14544;1393;budget app;2025-04-19
14545;1859;language learning;2025-05-14
14546;1916;task manager;2025-01-18
14547;712;vpn;2025-04-30
14548;225;recipe app;2025-04-04
14549;1712;video editor;2025-06-23
14550;853;photo editor;2025-04-18
14551;850;grocery list;2025-05-30
14552;1826;crypto tracker;2025-01-12
14553;1159;weather app;2025-04-18
14554;1914;weather app;2025-04-10
14555;514;video editor;2025-06-13
14556;29;recipe app;2025-05-26
14557;1808;vpn;2025-03-22
14558;245;video editor;2025-01-30
14559;1769;photo editor;2025-02-26
14560;425;travel planner;2025-03-27
14561;851;chat app;2025-02-17
14562;270;note taking;2025-04-06
14563;1907;photo editor;2025-05-11
14564;305;vpn;2025-04-12
14565;1244;language learning;2025-01-18
14566;1216;music player;2025-01-21
14567;1944;music player;2025-06-14
14568;1453;video editor;2025-05-26
14569;924;crypto tracker;2025-05-23
14570;1720;language learning;2025-05-29
14571;996;grocery list;2025-03-19
14572;1077;job search;2025-05-27
14573;1544;task manager;2025-06-10
14574;1243;video editor;2025-02-20
14575;175;travel planner;2025-04-19
14576;1905;weather app;2025-01-15
14577;712;fitness tracker;2025-05-07
14578;1285;budget app;2025-03-08
14579;1452;chat app;2025-04-10
14580;1169;fitness tracker;2025-02-16
14581;1561;vpn;2025-05-25
14582;1499;photo editor;2025-04-19
14583;513;music player;2025-03-02
14584;9;learn english;2025-02-04
14585;989;crypto tracker;2025-04-14
14586;1201;free games;2025-01-29
14587;1000;language learning;2025-02-22
14588;1993;learn english;2025-06-05
14589;186;travel planner;2025-05-09
14590;1766;video editor;2025-03-04
14591;956;free games;2025-05-15
14592;744;vpn;2025-02-27
14593;1664;language learning;2025-01-02
14594;861;music player;2025-02-14
14595;395;free games;2025-04-16
14596;387;vpn;2025-04-17
14597;964;chat app;2025-06-14
14598;1510;vpn;2025-05-06
14599;932;vpn;2025-04-11
14600;1271;crypto tracker;2025-02-12
14601;1570;puzzle games;2025-05-14
14602;634;photo editor;2025-01-01
14603;1637;crypto tracker;2025-01-03
14604;1717;budget app;2025-02-25
14605;1752;fitness tracker;2025-05-01
14606;417;free games;2025-02-25
14607;1541;music player;2025-03-20
14608;1571;task manager;2025-02-14
14609;1453;meditation app;2025-03-19
14610;1772;language learning;2025-02-22
14611;1533;recipe app;2025-02-02
14612;1400;weather app;2025-03-29
14613;1719;video editor;2025-01-21
14614;238;grocery list;2025-05-12
14615;1415;music player;2025-01-04
14616;1978;weather app;2025-05-19
14617;7;video editor;2025-06-22
14618;1441;travel planner;2025-03-26
14619;1036;video editor;2025-02-05
14620;1355;photo editor;2025-05-24
14621;686;chat app;2025-06-16
14622;1982;photo editor;2025-01-27
14623;193;fitness tracker;2025-05-09
14624;1561;photo editor;2025-04-30
14625;993;puzzle games;2025-01-08
14626;1658;chat app;2025-06-13
14627;802;video editor;2025-04-09
14628;806;weather app;2025-04-11
14629;1334;puzzle games;2025-03-19
14630;984;fitness tracker;2025-05-10
14631;151;weather app;2025-02-10
14632;849;recipe app;2025-05-29
14633;1056;note taking;2025-03-28
14634;21;chat app;2025-02-21
14635;1401;job search;2025-06-06
14636;101;fitness tracker;2025-06-20
14637;1360;puzzle games;2025-03-13
14638;64;weather app;2025-05-06
14639;740;chat app;2025-03-30
14640;1297;chat app;2025-06-20
14641;1521;learn english;2025-06-18
14642;412;music player;2025-03-06
14643;1515;recipe app;2025-02-02
14644;1732;meditation app;2025-06-26
14645;676;video editor;2025-04-26
14646;1701;learn english;2025-05-30
14647;1294;recipe app;2025-01-13
14648;1666;weather app;2025-01-14
14649;757;language learning;2025-05-09
14650;932;grocery list;2025-01-16
14651;935;photo editor;2025-02-02
14652;1436;language learning;2025-03-26
14653;311;crypto tracker;2025-06-09
14654;599;grocery list;2025-06-04
14655;148;task manager;2025-04-02
14656;328;puzzle games;2025-05-10
14657;488;task manager;2025-05-09
14658;1843;fitness tracker;2025-01-02
14659;1858;photo editor;2025-03-25
14660;248;note taking;2025-05-31
14661;957;meditation app;2025-05-08
14662;848;note taking;2025-05-28
14663;183;weather app;2025-04-13
14664;1487;photo editor;2025-04-15
14665;1756;vpn;2025-04-23
14666;848;vpn;2025-02-05
14667;1041;fitness tracker;2025-02-04
14668;1441;language learning;2025-01-28
14669;1720;travel planner;2025-06-17
14670;672;note taking;2025-05-25
14671;1365;free games;2025-02-03
14672;1153;crypto tracker;2025-05-24
14673;1753;note taking;2025-05-29
14674;1595;crypto tracker;2025-02-18
14675;1375;note taking;2025-03-23
14676;939;job search;2025-04-15
14677;1769;language learning;2025-01-20
14678;1479;weather app;2025-05-19
14679;1098;video editor;2025-03-29
14680;1281;recipe app;2025-01-05
14681;1592;budget app;2025-05-30
14682;1743;photo editor;2025-06-28
14683;753;puzzle games;2025-03-30
14684;1476;language learning;2025-04-24
14685;1056;chat app;2025-02-06
14686;1938;chat app;2025-05-25
14687;1428;vpn;2025-06-01
14688;1550;chat app;2025-04-09
14689;1653;free games;2025-01-30
14690;1187;crypto tracker;2025-01-23
14691;316;meditation app;2025-01-08
14692;851;language learning;2025-01-28
14693;1151;recipe app;2025-06-21
14694;471;video editor;2025-01-09
14695;1445;task manager;2025-05-07
14696;1096;budget app;2025-04-23
14697;279;free games;2025-06-21
14698;287;free games;2025-02-27
14699;1898;chat app;2025-05-21
14700;1925;grocery list;2025-01-26
14701;1933;photo editor;2025-02-10
14702;24;travel planner;2025-06-08
14703;875;language learning;2025-05-03
14704;878;weather app;2025-04-24
14705;336;free games;2025-02-21
14706;1325;meditation app;2025-02-27
14707;605;note taking;2025-05-09
14708;459;language learning;2025-04-03
14709;862;job search;2025-01-01
14710;943;learn english;2025-05-29
14711;1289;free games;2025-03-30
14712;831;recipe app;2025-05-06
14713;1650;crypto tracker;2025-02-19
14714;1207;video editor;2025-05-06
14715;980;budget app;2025-03-23
14716;534;language learning;2025-04-26
14717;413;puzzle games;2025-03-04
14718;156;language learning;2025-03-06
14719;1487;puzzle games;2025-01-02
14720;1210;recipe app;2025-03-11
14721;872;grocery list;2025-06-17
14722;1091;job search;2025-03-03
14723;1472;budget app;2025-04-01
14724;1060;task manager;2025-04-20
14725;1094;learn english;2025-01-15
14726;1741;fitness tracker;2025-03-26
14727;435;learn english;2025-02-04
14728;1982;travel planner;2025-02-15
14729;866;video editor;2025-02-02
14730;648;note taking;2025-05-07
14731;1593;task manager;2025-01-13
14732;1406;budget app;2025-05-25
14733;672;task manager;2025-01-14
14734;627;free games;2025-01-24
14735;1597;crypto tracker;2025-04-09
14736;251;recipe app;2025-06-05
14737;1613;meditation app;2025-01-04
14738;84;free games;2025-01-19
14739;1877;travel planner;2025-06-21
14740;114;budget app;2025-04-26
14741;430;task manager;2025-05-10
14742;1922;recipe app;2025-03-07
14743;804;meditation app;2025-03-01
14744;1292;crypto tracker;2025-05-08
14745;580;weather app;2025-04-13
14746;1543;travel planner;2025-03-01
14747;1680;travel planner;2025-06-12
14748;1986;budget app;2025-05-22
14749;1238;note taking;2025-01-27
14750;432;learn english;2025-05-28
14751;1088;recipe app;2025-05-28
14752;775;job search;2025-01-18
14753;1073;weather app;2025-02-06
14754;224;chat app;2025-01-04
14755;718;crypto tracker;2025-02-02
14756;1910;grocery list;2025-06-13
14757;519;fitness tracker;2025-04-02
14758;1291;photo editor;2025-01-27
14759;178;travel planner;2025-06-17
14760;86;chat app;2025-04-01
14761;1232;crypto tracker;2025-01-04
14762;1184;crypto tracker;2025-02-12
14763;1356;travel planner;2025-03-14
14764;130;fitness tracker;2025-03-22
14765;1157;meditation app;2025-06-09
14766;1280;travel planner;2025-01-10
14767;1493;weather app;2025-02-05
14768;506;grocery list;2025-05-19
14769;1454;meditation app;2025-06-23
14770;858;meditation app;2025-04-10
14771;1747;video editor;2025-01-10
14772;1296;language learning;2025-02-12
14773;1724;task manager;2025-05-28
14774;1921;recipe app;2025-01-19
14775;1832;chat app;2025-03-21
14776;35;chat app;2025-05-25
14777;1254;job search;2025-05-21
14778;447;grocery list;2025-04-29
14779;588;crypto tracker;2025-06-21
14780;1434;chat app;2025-01-06
14781;1082;learn english;2025-05-11
14782;403;video editor;2025-03-03
14783;330;travel planner;2025-06-20
14784;419;puzzle games;2025-06-25
14785;1678;meditation app;2025-06-30
14786;18;fitness tracker;2025-04-09
14787;1541;language learning;2025-03-04
14788;1045;fitness tracker;2025-01-02
14789;967;learn english;2025-03-31
14790;1912;crypto tracker;2025-05-24
14791;164;grocery list;2025-03-25
14792;241;weather app;2025-02-27
14793;1690;learn english;2025-01-20
14794;1665;job search;2025-05-11
14795;850;budget app;2025-03-29
14796;897;meditation app;2025-04-14
14797;1725;meditation app;2025-05-07
14798;147;travel planner;2025-02-04
14799;1443;grocery list;2025-05-22
14800;1243;music player;2025-01-09
14801;1792;weather app;2025-01-16
14802;1888;music player;2025-05-16
14803;1987;meditation app;2025-03-23
14804;1647;meditation app;2025-03-11
14805;69;vpn;2025-05-09
14806;1279;fitness tracker;2025-03-02
14807;1392;free games;2025-02-23
14808;856;free games;2025-04-07
14809;897;job search;2025-05-16
14810;988;learn english;2025-06-02
14811;1786;fitness tracker;2025-03-10
14812;1556;puzzle games;2025-05-01
14813;1357;fitness tracker;2025-04-07
14814;663;recipe app;2025-04-30
14815;132;chat app;2025-04-14
14816;578;travel planner;2025-04-17
14817;977;note taking;2025-06-28
14818;745;learn english;2025-06-27
14819;1526;crypto tracker;2025-03-22
14820;469;meditation app;2025-04-02
14821;1568;fitness tracker;2025-04-01
14822;909;crypto tracker;2025-03-18
14823;1389;task manager;2025-05-17
14824;300;recipe app;2025-02-05
14825;1476;video editor;2025-06-17
14826;1728;puzzle games;2025-05-27
14827;1981;budget app;2025-01-29
14828;1672;task manager;2025-04-04
14829;1943;learn english;2025-01-27
14830;1678;learn english;2025-03-22
14831;1507;video editor;2025-05-02
14832;1830;weather app;2025-03-01
14833;1113;vpn;2025-01-20
14834;655;meditation app;2025-04-20
14835;588;video editor;2025-05-07
14836;76;vpn;2025-01-16
14837;1354;video editor;2025-05-17
14838;19;puzzle games;2025-05-20
14839;415;task manager;2025-02-23
14840;139;travel planner;2025-02-27
14841;531;video editor;2025-03-24
14842;1439;budget app;2025-02-15
14843;1556;job search;2025-03-23
14844;1043;video editor;2025-01-14
14845;510;crypto tracker;2025-03-30
14846;772;chat app;2025-06-26
14847;494;chat app;2025-05-19
14848;1184;music player;2025-03-04
14849;616;puzzle games;2025-04-03
14850;284;note taking;2025-03-24
14851;926;budget app;2025-03-28
14852;158;recipe app;2025-03-28
14853;1480;job search;2025-05-16
14854;1923;music player;2025-04-14
14855;394;grocery list;2025-05-20
14856;16;chat app;2025-02-12
14857;1970;note taking;2025-06-23
14858;1514;music player;2025-04-29
14859;182;language learning;2025-01-29
14860;1363;task manager;2025-06-21
14861;799;fitness tracker;2025-06-26
14862;1048;language learning;2025-05-29
14863;1916;meditation app;2025-03-06
14864;986;video editor;2025-02-16
14865;1952;chat app;2025-06-11
14866;962;free games;2025-02-23
14867;1402;grocery list;2025-03-30
14868;1335;note taking;2025-05-01
14869;1148;meditation app;2025-06-27
14870;380;video editor;2025-05-15
14871;197;travel planner;2025-02-18
14872;1881;learn english;2025-06-06
14873;318;fitness tracker;2025-05-27
14874;1949;note taking;2025-01-24
14875;1581;fitness tracker;2025-06-29
14876;457;music player;2025-05-11
14877;1544;free games;2025-04-11
14878;380;vpn;2025-03-03
14879;1404;travel planner;2025-03-06
14880;1777;learn english;2025-05-09
14881;739;note taking;2025-03-29
14882;754;note taking;2025-01-17
14883;1728;grocery list;2025-06-06
14884;337;recipe app;2025-05-18
14885;1839;task manager;2025-03-03
14886;176;note taking;2025-01-01
14887;105;weather app;2025-03-30
14888;824;weather app;2025-01-08
14889;416;fitness tracker;2025-05-10
14890;309;video editor;2025-05-02
14891;391;recipe app;2025-06-20
14892;621;puzzle games;2025-01-03
14893;632;meditation app;2025-05-29
14894;1666;grocery list;2025-04-08
14895;738;meditation app;2025-01-26
14896;874;task manager;2025-05-30
14897;1462;video editor;2025-06-17
14898;286;photo editor;2025-02-19
14899;303;vpn;2025-01-16
14900;1075;video editor;2025-02-14
14901;1742;grocery list;2025-04-15
14902;1858;grocery list;2025-03-22
14903;791;crypto tracker;2025-06-10
14904;431;crypto tracker;2025-04-23
14905;792;budget app;2025-06-25
14906;1393;task manager;2025-05-18
14907;359;chat app;2025-01-06
14908;1181;fitness tracker;2025-04-03
14909;1115;meditation app;2025-02-15
14910;1067;puzzle games;2025-06-16
14911;1311;crypto tracker;2025-04-12
14912;957;chat app;2025-04-11
14913;429;photo editor;2025-04-12
14914;415;weather app;2025-01-05
14915;1745;grocery list;2025-03-17
14916;794;budget app;2025-01-27
14917;961;fitness tracker;2025-04-11
14918;1982;music player;2025-05-12
14919;1576;free games;2025-03-02
14920;1935;chat app;2025-06-29
14921;1824;language learning;2025-03-21
14922;1247;budget app;2025-05-12
14923;1691;crypto tracker;2025-06-20
14924;1024;crypto tracker;2025-05-27
14925;166;photo editor;2025-04-21
14926;1653;weather app;2025-03-07
14927;1748;weather app;2025-06-24
14928;71;weather app;2025-01-25
14929;126;learn english;2025-04-10
14930;844;weather app;2025-04-07
14931;884;fitness tracker;2025-02-06
14932;1074;note taking;2025-04-03
14933;1715;recipe app;2025-03-20
14934;149;crypto tracker;2025-01-01
14935;1093;recipe app;2025-04-27
14936;1261;language learning;2025-02-08
14937;334;travel planner;2025-04-01
14938;156;learn english;2025-06-12
14939;4;task manager;2025-03-21
14940;1080;video editor;2025-01-21
14941;75;language learning;2025-04-17
14942;1531;budget app;2025-06-18
14943;1619;budget app;2025-02-16
14944;1775;language learning;2025-01-02
14945;607;video editor;2025-06-01
14946;37;learn english;2025-04-24
14947;537;puzzle games;2025-06-18
14948;688;chat app;2025-05-11
14949;1699;puzzle games;2025-01-28
14950;1862;language learning;2025-02-04
14951;1847;crypto tracker;2025-03-13
14952;149;free games;2025-04-17
14953;797;job search;2025-05-20
14954;1115;crypto tracker;2025-03-23
14955;964;weather app;2025-02-07
14956;1862;photo editor;2025-04-21
14957;716;budget app;2025-02-15
14958;1867;note taking;2025-02-09
14959;1837;chat app;2025-05-15
14960;1172;chat app;2025-03-30
14961;545;note taking;2025-01-04
14962;944;photo editor;2025-01-18
14963;1316;free games;2025-06-25
14964;951;fitness tracker;2025-06-07
14965;1057;vpn;2025-01-07
14966;346;weather app;2025-06-19
14967;1350;free games;2025-03-30
14968;1309;free games;2025-04-19
14969;889;meditation app;2025-01-25
14970;518;grocery list;2025-03-28
14971;480;weather app;2025-06-18
14972;408;learn english;2025-05-08
14973;1565;photo editor;2025-03-07
14974;933;travel planner;2025-03-23
14975;731;note taking;2025-01-17
14976;350;travel planner;2025-05-22
14977;1424;fitness tracker;2025-03-16
14978;1544;travel planner;2025-02-15
14979;321;free games;2025-02-16
14980;1040;grocery list;2025-01-19
14981;731;fitness tracker;2025-01-13
14982;1043;travel planner;2025-06-24
14983;726;music player;2025-01-29
14984;1731;meditation app;2025-04-11
14985;1122;free games;2025-01-31
14986;1992;fitness tracker;2025-04-17
14987;1244;video editor;2025-02-12
14988;685;budget app;2025-03-25
14989;1555;budget app;2025-05-03
14990;1509;weather app;2025-02-04
14991;571;puzzle games;2025-01-17
14992;475;puzzle games;2025-03-17
14993;489;budget app;2025-03-05
14994;1676;fitness tracker;2025-04-04
14995;94;fitness tracker;2025-05-05
14996;514;puzzle games;2025-04-12
14997;1668;music player;2025-03-03
14998;1150;weather app;2025-05-10
14999;1967;crypto tracker;2025-03-17
15000;97;weather app;2025-05-04
15001;1316;language learning;2025-04-01
15002;527;chat app;2025-06-02
15003;1197;travel planner;2025-03-10
15004;317;grocery list;2025-04-02
15005;1511;task manager;2025-01-05
15006;392;weather app;2025-01-07
15007;1071;video editor;2025-06-13
15008;522;learn english;2025-03-15
15009;1140;video editor;2025-06-17
15010;504;music player;2025-06-01
15011;1329;budget app;2025-05-12
15012;654;free games;2025-03-27
15013;1996;budget app;2025-03-11
15014;1920;task manager;2025-05-07
15015;1354;learn english;2025-03-27
15016;1198;free games;2025-03-22
15017;242;grocery list;2025-02-02
15018;1867;chat app;2025-04-30
15019;1000;fitness tracker;2025-01-27
15020;122;puzzle games;2025-01-14
15021;990;note taking;2025-03-15
15022;527;job search;2025-05-27
15023;1415;weather app;2025-05-26
15024;220;photo editor;2025-05-01
15025;256;job search;2025-03-06
15026;1750;free games;2025-01-08
15027;411;note taking;2025-04-02
15028;808;task manager;2025-06-23
15029;1823;task manager;2025-06-26
15030;568;task manager;2025-04-12
15031;675;job search;2025-02-23
15032;981;crypto tracker;2025-03-13
15033;1227;language learning;2025-04-14
15034;773;free games;2025-04-24
15035;277;weather app;2025-04-11
15036;776;budget app;2025-03-16
15037;1744;job search;2025-03-09
15038;213;music player;2025-01-02
15039;1144;learn english;2025-05-20
15040;4;chat app;2025-04-22
15041;1059;puzzle games;2025-02-23
15042;1027;music player;2025-04-02
15043;1721;music player;2025-05-17
15044;1390;travel planner;2025-06-10
15045;578;free games;2025-03-20
15046;443;travel planner;2025-03-05
15047;1585;vpn;2025-01-30
15048;824;free games;2025-02-05
15049;811;puzzle games;2025-03-26
15050;990;meditation app;2025-04-06
15051;272;video editor;2025-04-18
15052;1149;crypto tracker;2025-05-24
15053;1916;budget app;2025-02-25
15054;1365;learn english;2025-04-20
15055;403;language learning;2025-05-01
15056;1072;photo editor;2025-04-28
15057;646;music player;2025-03-08
15058;1709;grocery list;2025-01-18
15059;509;recipe app;2025-03-04
15060;999;language learning;2025-03-10
15061;321;puzzle games;2025-05-12
15062;472;puzzle games;2025-02-26
15063;24;chat app;2025-06-09
15064;1563;vpn;2025-03-03
15065;1228;vpn;2025-02-04
15066;1517;language learning;2025-01-11
15067;1069;grocery list;2025-03-30
15068;386;fitness tracker;2025-06-03
15069;1651;grocery list;2025-04-30
15070;1802;weather app;2025-03-16
15071;1444;free games;2025-01-24
15072;173;note taking;2025-06-08
15073;1659;puzzle games;2025-05-06
15074;1712;crypto tracker;2025-04-27
15075;674;note taking;2025-05-06
15076;414;meditation app;2025-04-29
15077;76;note taking;2025-05-31
15078;1952;puzzle games;2025-01-11
15079;1180;video editor;2025-04-28
15080;1094;photo editor;2025-06-04
15081;635;vpn;2025-04-10
15082;1762;recipe app;2025-05-28
15083;982;meditation app;2025-03-01
15084;1249;language learning;2025-01-25
15085;1598;budget app;2025-06-19
15086;411;note taking;2025-01-06
15087;703;job search;2025-02-22
15088;1861;language learning;2025-05-19
15089;1852;travel planner;2025-01-25
15090;1890;budget app;2025-05-13
15091;1773;free games;2025-03-17
15092;1660;learn english;2025-06-30
15093;1382;job search;2025-03-22
15094;880;puzzle games;2025-06-13
15095;570;chat app;2025-01-09
15096;971;fitness tracker;2025-01-27
15097;1839;task manager;2025-06-19
15098;1625;task manager;2025-04-27
15099;1356;meditation app;2025-01-18
15100;1388;video editor;2025-05-28
15101;1205;learn english;2025-04-10
15102;656;task manager;2025-04-29
15103;371;weather app;2025-04-16
15104;507;crypto tracker;2025-01-18
15105;244;budget app;2025-03-09
15106;1102;recipe app;2025-04-23
15107;1139;video editor;2025-04-26
15108;1911;learn english;2025-02-07
15109;789;recipe app;2025-05-03
15110;1422;fitness tracker;2025-05-21
15111;1704;photo editor;2025-05-22
15112;1985;music player;2025-05-31
15113;1721;learn english;2025-02-12
15114;1740;job search;2025-05-24
15115;1278;grocery list;2025-05-11
15116;752;fitness tracker;2025-03-08
15117;1183;travel planner;2025-01-17
15118;1280;language learning;2025-01-07
15119;1307;task manager;2025-03-16
15120;205;vpn;2025-06-23
15121;1148;recipe app;2025-04-05
15122;396;meditation app;2025-02-28
15123;127;note taking;2025-02-24
15124;934;video editor;2025-02-22
15125;254;task manager;2025-03-24
15126;755;travel planner;2025-04-14
15127;1989;job search;2025-01-06
15128;1010;learn english;2025-04-22
15129;1539;puzzle games;2025-03-07
15130;523;grocery list;2025-01-25
15131;555;crypto tracker;2025-01-01
15132;10;budget app;2025-03-11
15133;75;meditation app;2025-04-05
15134;841;budget app;2025-02-08
15135;489;learn english;2025-01-14
15136;1489;video editor;2025-03-21
15137;1985;budget app;2025-04-24
15138;1575;puzzle games;2025-05-05
15139;326;travel planner;2025-04-16
15140;1074;fitness tracker;2025-02-15
15141;1502;grocery list;2025-05-09
15142;1356;recipe app;2025-03-20
15143;316;meditation app;2025-02-22
15144;1521;note taking;2025-03-08
15145;1206;job search;2025-05-28
15146;1686;puzzle games;2025-02-08
15147;1836;vpn;2025-01-30
15148;1633;puzzle games;2025-05-03
15149;1413;chat app;2025-04-16
15150;836;recipe app;2025-03-12
15151;913;vpn;2025-05-11
15152;1846;meditation app;2025-05-24
15153;1439;weather app;2025-06-20
15154;992;photo editor;2025-01-16
15155;1720;recipe app;2025-02-18
15156;1995;travel planner;2025-06-28
15157;293;vpn;2025-06-15
15158;1463;travel planner;2025-01-15
15159;1631;video editor;2025-06-27
15160;1652;job search;2025-04-28
15161;247;grocery list;2025-03-24
15162;400;language learning;2025-01-01
15163;1573;learn english;2025-05-02
15164;593;weather app;2025-06-29
15165;42;note taking;2025-01-16
15166;1973;fitness tracker;2025-03-31
15167;773;budget app;2025-01-12
15168;602;learn english;2025-02-21
15169;1844;learn english;2025-04-15
15170;1397;language learning;2025-05-07
15171;953;vpn;2025-02-07
15172;984;free games;2025-04-23
15173;227;music player;2025-04-25
15174;1179;meditation app;2025-01-27
15175;900;video editor;2025-02-24
15176;1519;recipe app;2025-01-03
15177;841;crypto tracker;2025-02-15
15178;1427;meditation app;2025-02-10
15179;1167;puzzle games;2025-01-07
15180;1409;crypto tracker;2025-02-23
15181;1049;grocery list;2025-06-11
15182;207;job search;2025-04-15
15183;946;language learning;2025-02-04
15184;1911;fitness tracker;2025-04-23
15185;71;music player;2025-03-31
15186;639;weather app;2025-01-19
15187;812;weather app;2025-05-28
15188;137;recipe app;2025-05-11
15189;633;video editor;2025-03-11
15190;1815;job search;2025-02-02
15191;688;video editor;2025-01-14
15192;1692;crypto tracker;2025-04-09
15193;1653;meditation app;2025-05-12
15194;323;budget app;2025-06-24
15195;419;video editor;2025-06-08
15196;44;language learning;2025-06-27
15197;1860;learn english;2025-03-23
15198;1455;vpn;2025-01-09
15199;1359;fitness tracker;2025-04-11
15200;1865;photo editor;2025-03-02
15201;528;free games;2025-06-29
15202;1278;job search;2025-02-27
15203;192;music player;2025-02-09
15204;1624;budget app;2025-04-21
15205;787;meditation app;2025-04-22
15206;832;recipe app;2025-03-15
15207;1344;free games;2025-03-25
15208;480;fitness tracker;2025-03-13
15209;322;learn english;2025-06-27
15210;1767;video editor;2025-05-25
15211;569;weather app;2025-03-27
15212;459;fitness tracker;2025-05-09
15213;1527;video editor;2025-01-19
15214;956;grocery list;2025-06-20
15215;25;vpn;2025-05-22
15216;1822;photo editor;2025-03-03
15217;1999;task manager;2025-01-09
15218;1953;recipe app;2025-04-26
15219;460;fitness tracker;2025-01-30
15220;458;language learning;2025-04-24
15221;1756;grocery list;2025-06-17
15222;1148;language learning;2025-03-17
15223;731;recipe app;2025-04-06
15224;274;video editor;2025-01-29
15225;646;learn english;2025-01-08
15226;903;free games;2025-03-31
15227;1364;vpn;2025-05-08
15228;18;vpn;2025-02-10
15229;1276;vpn;2025-01-10
15230;1152;language learning;2025-05-17
15231;1010;note taking;2025-03-16
15232;190;music player;2025-02-18
15233;704;travel planner;2025-05-30
15234;1715;grocery list;2025-05-31
15235;889;fitness tracker;2025-03-23
15236;1150;language learning;2025-06-02
15237;309;language learning;2025-03-05
15238;643;video editor;2025-01-07
15239;72;language learning;2025-06-15
15240;384;recipe app;2025-06-20
15241;709;photo editor;2025-04-04
15242;179;job search;2025-05-31
15243;1787;meditation app;2025-06-27
15244;1950;vpn;2025-01-20
15245;1774;travel planner;2025-02-21
15246;973;task manager;2025-03-06
15247;1205;recipe app;2025-02-25
15248;138;fitness tracker;2025-04-27
15249;1644;chat app;2025-03-10
15250;1568;note taking;2025-03-27
15251;1086;free games;2025-06-21
15252;136;puzzle games;2025-05-07
15253;867;fitness tracker;2025-01-29
15254;405;note taking;2025-04-17
15255;1564;photo editor;2025-04-12
15256;568;language learning;2025-01-20
15257;656;music player;2025-06-29
15258;1648;video editor;2025-03-27
15259;509;music player;2025-02-06
15260;262;note taking;2025-04-26
15261;81;task manager;2025-01-25
15262;5;learn english;2025-03-11
15263;1082;learn english;2025-02-12
15264;1194;meditation app;2025-01-19
15265;1261;grocery list;2025-05-18
15266;559;budget app;2025-05-23
15267;1232;note taking;2025-03-05
15268;917;crypto tracker;2025-05-22
15269;1365;learn english;2025-02-04
15270;1832;language learning;2025-05-12
15271;226;job search;2025-06-03
15272;512;free games;2025-01-04
15273;1068;free games;2025-03-24
15274;1055;grocery list;2025-06-01
15275;1246;free games;2025-03-26
15276;1747;task manager;2025-01-11
15277;1120;learn english;2025-03-10
15278;33;chat app;2025-02-25
15279;579;free games;2025-03-29
15280;69;grocery list;2025-01-29
15281;1424;budget app;2025-03-28
15282;772;weather app;2025-03-29
15283;1961;task manager;2025-06-18
15284;885;travel planner;2025-06-01
15285;78;fitness tracker;2025-01-28
15286;1594;weather app;2025-01-18
15287;200;video editor;2025-06-29
15288;850;travel planner;2025-03-19
15289;857;free games;2025-02-05
15290;1968;photo editor;2025-02-11
15291;1869;crypto tracker;2025-04-21
15292;1972;meditation app;2025-04-19
15293;1589;note taking;2025-02-06
15294;1036;learn english;2025-02-08
15295;1446;vpn;2025-05-25
15296;1073;chat app;2025-04-12
15297;1592;fitness tracker;2025-01-14
15298;937;note taking;2025-06-09
15299;1043;grocery list;2025-03-09
15300;1198;recipe app;2025-06-03
15301;154;fitness tracker;2025-04-10
15302;10;travel planner;2025-02-08
15303;1;weather app;2025-02-27
15304;162;note taking;2025-04-21
15305;757;video editor;2025-06-25
15306;725;job search;2025-01-31
15307;1555;video editor;2025-04-11
15308;726;job search;2025-05-12
15309;1294;learn english;2025-02-24
15310;47;crypto tracker;2025-05-28
15311;1278;vpn;2025-01-15
15312;621;weather app;2025-05-09
15313;1167;language learning;2025-03-16
15314;1330;learn english;2025-04-12
15315;555;vpn;2025-01-11
15316;1083;language learning;2025-02-06
15317;1794;travel planner;2025-03-24
15318;390;music player;2025-02-02
15319;1735;weather app;2025-01-06
15320;967;music player;2025-03-11
15321;1830;grocery list;2025-05-06
15322;790;note taking;2025-01-25
15323;1878;fitness tracker;2025-04-16
15324;203;chat app;2025-06-21
15325;1775;travel planner;2025-04-04
15326;1669;vpn;2025-05-06
15327;515;recipe app;2025-05-20
15328;813;learn english;2025-05-10
15329;1528;free games;2025-06-26
15330;662;task manager;2025-02-21
15331;1181;weather app;2025-03-21
15332;1812;budget app;2025-05-13
15333;450;vpn;2025-03-11
15334;1298;note taking;2025-02-06
15335;1384;job search;2025-05-12
15336;1087;vpn;2025-05-25
15337;1118;task manager;2025-02-01
15338;1208;fitness tracker;2025-01-04
15339;888;puzzle games;2025-04-09
15340;764;language learning;2025-06-06
15341;402;fitness tracker;2025-04-05
15342;1361;puzzle games;2025-04-17
15343;1660;music player;2025-04-28
15344;893;fitness tracker;2025-02-05
15345;492;video editor;2025-05-18
15346;484;photo editor;2025-02-14
15347;963;recipe app;2025-03-01
15348;1856;note taking;2025-02-01
15349;1091;chat app;2025-06-06
15350;1515;puzzle games;2025-06-30
15351;1542;vpn;2025-03-28
15352;1301;job search;2025-05-24
15353;1682;budget app;2025-02-11
15354;1854;music player;2025-05-12
15355;37;photo editor;2025-04-27
15356;1019;photo editor;2025-06-23
15357;1994;free games;2025-04-18
15358;267;travel planner;2025-03-17
15359;744;free games;2025-02-04
15360;1534;language learning;2025-06-19
15361;1554;travel planner;2025-03-15
15362;548;meditation app;2025-02-27
15363;1592;vpn;2025-06-20
15364;438;note taking;2025-01-25
15365;1803;crypto tracker;2025-06-28
15366;506;puzzle games;2025-01-19
15367;63;chat app;2025-02-17
15368;1946;weather app;2025-06-29
15369;254;task manager;2025-04-21
15370;1717;video editor;2025-04-30
15371;1755;travel planner;2025-06-13
15372;103;video editor;2025-04-19
15373;1311;job search;2025-03-07
15374;964;job search;2025-06-15
15375;1300;music player;2025-01-14
15376;1460;learn english;2025-01-21
15377;1356;budget app;2025-03-17
15378;4;grocery list;2025-02-28
15379;1044;note taking;2025-03-05
15380;1519;meditation app;2025-05-23
15381;356;language learning;2025-01-05
15382;1623;photo editor;2025-06-14
15383;1119;meditation app;2025-05-01
15384;1458;job search;2025-06-08
15385;1543;vpn;2025-06-14
15386;455;chat app;2025-03-14
15387;292;music player;2025-03-25
15388;434;travel planner;2025-02-27
15389;1928;puzzle games;2025-02-03
15390;275;note taking;2025-02-02
15391;738;job search;2025-05-03
15392;924;fitness tracker;2025-04-27
15393;935;note taking;2025-04-03
15394;914;recipe app;2025-01-13
15395;338;learn english;2025-06-18
15396;1648;task manager;2025-05-15
15397;1797;vpn;2025-02-17
15398;191;learn english;2025-03-14
15399;1078;crypto tracker;2025-04-21
15400;72;weather app;2025-04-07
15401;389;task manager;2025-02-28
15402;1193;language learning;2025-05-17
15403;1002;grocery list;2025-05-10
15404;1789;crypto tracker;2025-02-15
15405;1662;free games;2025-06-20
15406;585;meditation app;2025-03-26
15407;1844;travel planner;2025-05-24
15408;506;vpn;2025-06-19
15409;1031;puzzle games;2025-03-21
15410;916;job search;2025-01-15
15411;1804;language learning;2025-05-28
15412;1437;weather app;2025-06-24
15413;1208;fitness tracker;2025-05-15
15414;698;weather app;2025-02-03
15415;1322;budget app;2025-02-08
15416;1994;recipe app;2025-03-21
15417;835;photo editor;2025-04-18
15418;1460;job search;2025-06-01
15419;1947;crypto tracker;2025-04-16
15420;1529;meditation app;2025-06-15
15421;927;task manager;2025-06-20
15422;1625;photo editor;2025-05-14
15423;1560;travel planner;2025-05-13
15424;1613;video editor;2025-02-25
15425;1470;video editor;2025-01-21
15426;1789;weather app;2025-05-27
15427;667;puzzle games;2025-03-16
15428;1598;recipe app;2025-05-30
15429;277;photo editor;2025-01-30
15430;1459;grocery list;2025-03-27
15431;1533;meditation app;2025-02-14
15432;471;recipe app;2025-06-11
15433;106;photo editor;2025-06-08
15434;576;meditation app;2025-02-24
15435;1013;job search;2025-05-27
15436;866;music player;2025-04-13
15437;1382;chat app;2025-05-10
15438;1875;travel planner;2025-04-08
15439;1810;vpn;2025-03-16
15440;1569;travel planner;2025-06-09
15441;1798;job search;2025-06-23
15442;952;travel planner;2025-01-22
15443;1450;job search;2025-05-22
15444;1285;music player;2025-02-04
15445;42;budget app;2025-05-21
15446;1471;learn english;2025-01-06
15447;1616;free games;2025-01-25
15448;1521;note taking;2025-02-15
15449;1034;video editor;2025-06-20
15450;853;puzzle games;2025-01-15
15451;810;fitness tracker;2025-03-23
15452;176;recipe app;2025-05-06
15453;663;travel planner;2025-03-29
15454;221;note taking;2025-05-30
15455;1572;budget app;2025-05-25
15456;1433;language learning;2025-04-24
15457;202;free games;2025-06-19
15458;1048;free games;2025-01-01
15459;1461;note taking;2025-06-11
15460;1926;vpn;2025-05-12
15461;1423;job search;2025-02-16
15462;559;fitness tracker;2025-06-18
15463;358;job search;2025-06-22
15464;1843;crypto tracker;2025-06-27
15465;1207;language learning;2025-04-19
15466;716;music player;2025-06-08
15467;610;task manager;2025-02-20
15468;1748;budget app;2025-03-30
15469;236;meditation app;2025-02-01
15470;1201;meditation app;2025-02-09
15471;1522;recipe app;2025-01-17
15472;369;chat app;2025-03-07
15473;422;weather app;2025-03-25
15474;476;video editor;2025-04-29
15475;765;meditation app;2025-06-24
15476;992;job search;2025-04-24
15477;436;note taking;2025-02-03
15478;795;recipe app;2025-05-17
15479;1750;job search;2025-03-24
15480;99;chat app;2025-06-20
15481;143;free games;2025-03-18
15482;1452;travel planner;2025-04-23
15483;1228;photo editor;2025-03-07
15484;3;job search;2025-05-03
15485;154;fitness tracker;2025-05-11
15486;62;video editor;2025-01-22
15487;1926;travel planner;2025-06-02
15488;73;job search;2025-03-09
15489;808;language learning;2025-04-16
15490;1238;job search;2025-06-21
15491;560;job search;2025-02-08
15492;1626;photo editor;2025-04-28
15493;246;fitness tracker;2025-03-16
15494;1573;weather app;2025-04-05
15495;799;video editor;2025-05-09
15496;1345;weather app;2025-01-13
15497;447;music player;2025-03-31
15498;1551;chat app;2025-04-10
15499;1906;travel planner;2025-04-06
15500;1465;music player;2025-04-03
15501;668;grocery list;2025-04-25
15502;1491;language learning;2025-05-06
15503;424;recipe app;2025-01-03
15504;972;grocery list;2025-01-24
15505;1529;budget app;2025-06-19
15506;1023;fitness tracker;2025-05-14
15507;1411;weather app;2025-06-17
15508;1220;crypto tracker;2025-04-29
15509;1723;language learning;2025-03-10
15510;1941;video editor;2025-06-23
15511;1977;photo editor;2025-02-16
15512;1393;language learning;2025-01-23
15513;534;puzzle games;2025-06-28
15514;1309;puzzle games;2025-02-22
15515;1345;language learning;2025-06-21
15516;1909;weather app;2025-01-28
15517;1579;travel planner;2025-04-12
15518;361;meditation app;2025-03-27
15519;808;crypto tracker;2025-03-07
15520;457;travel planner;2025-01-10
15521;1195;recipe app;2025-01-17
15522;1290;puzzle games;2025-03-28
15523;806;language learning;2025-02-25
15524;34;budget app;2025-06-16
15525;807;chat app;2025-04-10
15526;298;learn english;2025-01-14
15527;735;photo editor;2025-04-10
15528;531;budget app;2025-04-25
15529;1046;meditation app;2025-06-15
15530;114;crypto tracker;2025-05-09
15531;222;photo editor;2025-02-22
15532;1518;vpn;2025-02-20
15533;1790;job search;2025-06-11
15534;1374;weather app;2025-06-04
15535;852;vpn;2025-02-10
15536;989;fitness tracker;2025-06-02
15537;650;travel planner;2025-05-20
15538;804;meditation app;2025-04-28
15539;961;budget app;2025-03-27
15540;739;crypto tracker;2025-05-13
15541;1214;travel planner;2025-01-10
15542;972;photo editor;2025-02-16
15543;1421;travel planner;2025-06-04
15544;787;puzzle games;2025-06-03
15545;1906;learn english;2025-03-25
15546;599;grocery list;2025-02-16
15547;1995;job search;2025-01-03
15548;102;music player;2025-05-27
15549;507;chat app;2025-06-28
15550;1691;learn english;2025-02-24
15551;264;language learning;2025-05-11
15552;1172;chat app;2025-05-01
15553;1670;note taking;2025-04-18
15554;41;fitness tracker;2025-01-17
15555;512;video editor;2025-05-20
15556;1730;grocery list;2025-03-15
15557;156;vpn;2025-05-08
15558;988;photo editor;2025-06-27
15559;278;puzzle games;2025-01-18
15560;1078;note taking;2025-02-14
15561;1435;vpn;2025-01-17
15562;1480;travel planner;2025-04-01
15563;1632;video editor;2025-01-22
15564;969;video editor;2025-06-20
15565;1858;vpn;2025-03-28
15566;1143;puzzle games;2025-02-10
15567;318;weather app;2025-06-27
15568;755;vpn;2025-02-03
15569;1415;grocery list;2025-03-24
15570;1140;job search;2025-06-21
15571;53;video editor;2025-02-19
15572;12;music player;2025-02-07
15573;1121;fitness tracker;2025-06-05
15574;1902;weather app;2025-03-02
15575;731;music player;2025-05-20
15576;1749;meditation app;2025-05-15
15577;1255;job search;2025-01-27
15578;768;chat app;2025-03-31
15579;1645;puzzle games;2025-06-16
15580;840;crypto tracker;2025-05-05
15581;1932;fitness tracker;2025-04-16
15582;1078;crypto tracker;2025-05-08
15583;545;video editor;2025-03-12
15584;1385;vpn;2025-03-24
15585;70;meditation app;2025-06-25
15586;310;task manager;2025-03-04
15587;211;free games;2025-02-01
15588;1128;vpn;2025-06-25
15589;101;task manager;2025-05-20
15590;101;grocery list;2025-05-03
15591;648;language learning;2025-03-21
15592;1677;vpn;2025-01-07
15593;1531;recipe app;2025-05-19
15594;228;free games;2025-03-23
15595;1085;free games;2025-01-28
15596;4;grocery list;2025-06-14
15597;1139;video editor;2025-05-05
15598;1218;job search;2025-03-08
15599;520;job search;2025-04-22
15600;163;travel planner;2025-02-24
15601;915;grocery list;2025-05-21
15602;1956;video editor;2025-04-07
15603;398;language learning;2025-06-12
15604;606;language learning;2025-03-26
15605;497;weather app;2025-03-01
15606;616;meditation app;2025-04-24
15607;567;travel planner;2025-04-15
15608;1995;weather app;2025-02-20
15609;1952;job search;2025-05-28
15610;1832;music player;2025-02-09
15611;1625;video editor;2025-02-13
15612;1029;learn english;2025-06-07
15613;1895;photo editor;2025-03-30
15614;2;fitness tracker;2025-02-25
15615;994;crypto tracker;2025-02-22
15616;1126;job search;2025-03-04
15617;591;recipe app;2025-01-13
15618;662;fitness tracker;2025-01-30
15619;1230;crypto tracker;2025-01-03
15620;655;free games;2025-03-06
15621;970;music player;2025-04-17
15622;55;puzzle games;2025-05-03
15623;1771;travel planner;2025-04-20
15624;336;puzzle games;2025-01-20
15625;553;vpn;2025-05-31
15626;997;meditation app;2025-03-02
15627;2000;video editor;2025-04-07
15628;33;travel planner;2025-05-17
15629;1539;recipe app;2025-05-29
15630;236;puzzle games;2025-05-23
15631;191;meditation app;2025-03-18
15632;993;weather app;2025-04-10
15633;893;vpn;2025-02-22
15634;1258;meditation app;2025-06-15
15635;1083;task manager;2025-03-31
15636;1074;meditation app;2025-03-18
15637;1037;puzzle games;2025-06-24
15638;1393;vpn;2025-06-17
15639;1787;vpn;2025-04-26
15640;239;weather app;2025-01-29
15641;1638;puzzle games;2025-05-18
15642;519;note taking;2025-03-09
15643;1963;puzzle games;2025-04-10
15644;133;video editor;2025-03-04
15645;1730;travel planner;2025-03-23
15646;371;recipe app;2025-05-03
15647;514;job search;2025-05-03
15648;990;note taking;2025-03-02
15649;899;fitness tracker;2025-01-21
15650;291;weather app;2025-05-10
15651;562;task manager;2025-04-27
15652;911;vpn;2025-04-09
15653;1849;photo editor;2025-06-08
15654;167;grocery list;2025-05-25
15655;1706;task manager;2025-05-01
15656;681;vpn;2025-05-07
15657;1214;grocery list;2025-02-26
15658;260;fitness tracker;2025-06-02
15659;83;free games;2025-01-16
15660;663;travel planner;2025-01-04
15661;655;crypto tracker;2025-03-31
15662;1515;learn english;2025-04-23
15663;472;language learning;2025-03-24
15664;1128;vpn;2025-03-14
15665;67;recipe app;2025-05-26
15666;138;travel planner;2025-02-27
15667;568;crypto tracker;2025-02-17
15668;595;video editor;2025-02-02
15669;1761;job search;2025-01-27
15670;276;chat app;2025-06-06
15671;480;weather app;2025-01-15
15672;1587;video editor;2025-03-28
15673;485;chat app;2025-04-06
15674;1797;chat app;2025-04-05
15675;1255;job search;2025-03-22
15676;1911;travel planner;2025-06-21
15677;1110;free games;2025-05-27
15678;811;fitness tracker;2025-05-09
15679;381;learn english;2025-06-02
15680;827;free games;2025-05-15
15681;1004;grocery list;2025-05-06
15682;1565;recipe app;2025-06-12
15683;964;task manager;2025-06-16
15684;1761;grocery list;2025-02-07
15685;1594;job search;2025-02-18
15686;953;video editor;2025-03-05
15687;98;travel planner;2025-05-01
15688;934;weather app;2025-05-29
15689;1314;task manager;2025-03-05
15690;1777;video editor;2025-04-09
15691;844;free games;2025-05-26
15692;1024;travel planner;2025-05-08
15693;1031;recipe app;2025-03-27
15694;2000;free games;2025-01-15
15695;1406;crypto tracker;2025-03-13
15696;746;budget app;2025-04-24
15697;1443;music player;2025-06-03
15698;819;fitness tracker;2025-06-06
15699;1833;free games;2025-06-25
15700;168;free games;2025-04-24
15701;1254;weather app;2025-02-16
15702;1413;music player;2025-04-14
15703;729;music player;2025-04-25
15704;1059;fitness tracker;2025-03-30
15705;594;language learning;2025-03-02
15706;33;recipe app;2025-06-09
15707;624;photo editor;2025-03-31
15708;872;job search;2025-01-31
15709;139;meditation app;2025-04-24
15710;655;chat app;2025-05-30
15711;1129;meditation app;2025-02-12
15712;570;recipe app;2025-05-22
15713;186;travel planner;2025-05-22
15714;943;budget app;2025-05-10
15715;1375;task manager;2025-03-19
15716;15;job search;2025-03-26
15717;1458;recipe app;2025-02-21
15718;1415;grocery list;2025-01-01
15719;747;chat app;2025-04-11
15720;694;puzzle games;2025-06-10
15721;978;music player;2025-04-22
15722;1069;chat app;2025-06-08
15723;1937;vpn;2025-01-09
15724;1576;meditation app;2025-06-28
15725;1995;free games;2025-03-31
15726;169;chat app;2025-01-12
15727;838;puzzle games;2025-04-17
15728;919;fitness tracker;2025-01-17
15729;1597;music player;2025-05-17
15730;219;recipe app;2025-04-10
15731;1122;weather app;2025-05-22
15732;922;free games;2025-02-16
15733;991;task manager;2025-03-27
15734;460;meditation app;2025-05-26
15735;1797;grocery list;2025-02-09
15736;229;crypto tracker;2025-05-27
15737;350;crypto tracker;2025-01-22
15738;457;job search;2025-01-27
15739;982;weather app;2025-01-01
15740;1784;video editor;2025-06-26
15741;394;travel planner;2025-01-10
15742;1698;task manager;2025-04-06
15743;1087;chat app;2025-01-09
15744;836;grocery list;2025-03-08
15745;1400;task manager;2025-02-22
15746;1763;video editor;2025-05-13
15747;1903;learn english;2025-04-19
15748;908;fitness tracker;2025-02-20
15749;1098;language learning;2025-04-19
15750;689;video editor;2025-01-12
15751;1914;language learning;2025-05-02
15752;985;vpn;2025-03-31
15753;1156;vpn;2025-04-25
15754;1607;weather app;2025-03-25
15755;596;learn english;2025-01-01
15756;653;meditation app;2025-05-04
15757;1844;music player;2025-04-01
15758;25;crypto tracker;2025-01-11
15759;367;recipe app;2025-06-26
15760;1690;grocery list;2025-06-16
15761;1260;task manager;2025-05-21
15762;133;free games;2025-06-10
15763;1108;recipe app;2025-03-25
15764;1083;meditation app;2025-02-08
15765;433;recipe app;2025-05-05
15766;1032;crypto tracker;2025-04-03
15767;1607;job search;2025-06-11
15768;306;budget app;2025-05-15
15769;44;music player;2025-03-15
15770;1928;learn english;2025-01-05
15771;1625;crypto tracker;2025-01-22
15772;758;budget app;2025-04-30
15773;1506;crypto tracker;2025-05-29
15774;502;learn english;2025-04-14
15775;777;free games;2025-05-14
15776;1375;learn english;2025-04-20
15777;1570;learn english;2025-01-23
15778;704;vpn;2025-06-11
15779;784;video editor;2025-01-23
15780;474;crypto tracker;2025-01-05
15781;1444;note taking;2025-04-23
15782;1359;vpn;2025-01-12
15783;87;budget app;2025-03-21
15784;688;grocery list;2025-03-19
15785;70;grocery list;2025-05-31
15786;283;music player;2025-06-10
15787;979;free games;2025-04-14
15788;1791;travel planner;2025-06-09
15789;1397;budget app;2025-06-16
15790;788;crypto tracker;2025-06-05
15791;1618;crypto tracker;2025-06-09
15792;496;recipe app;2025-04-22
15793;1330;vpn;2025-06-28
15794;1746;task manager;2025-01-11
15795;1885;weather app;2025-06-17
15796;807;chat app;2025-05-24
15797;446;language learning;2025-03-16
15798;998;music player;2025-02-12
15799;624;vpn;2025-03-25
15800;1580;task manager;2025-01-25
15801;993;budget app;2025-05-15
15802;1495;weather app;2025-03-02
15803;716;photo editor;2025-03-17
15804;1785;fitness tracker;2025-03-08
15805;558;puzzle games;2025-06-11
15806;1700;video editor;2025-04-13
15807;1439;weather app;2025-06-21
15808;1245;budget app;2025-01-11
15809;1495;budget app;2025-03-08
15810;732;chat app;2025-06-01
15811;1858;grocery list;2025-01-05
15812;560;grocery list;2025-05-20
15813;1637;video editor;2025-05-07
15814;1295;fitness tracker;2025-03-22
15815;214;crypto tracker;2025-01-03
15816;1408;travel planner;2025-04-07
15817;225;meditation app;2025-01-14
15818;1157;travel planner;2025-05-09
15819;1936;meditation app;2025-02-23
15820;151;job search;2025-01-04
15821;1951;travel planner;2025-05-09
15822;1984;learn english;2025-04-12
15823;1986;video editor;2025-05-17
15824;1866;grocery list;2025-01-27
15825;457;free games;2025-02-28
15826;1758;grocery list;2025-03-17
15827;778;puzzle games;2025-01-28
15828;1392;fitness tracker;2025-05-21
15829;197;vpn;2025-01-14
15830;208;language learning;2025-03-06
15831;667;note taking;2025-04-15
15832;789;music player;2025-04-05
15833;900;weather app;2025-01-29
15834;318;vpn;2025-02-26
15835;864;learn english;2025-02-02
15836;904;language learning;2025-06-01
15837;1026;meditation app;2025-04-12
15838;353;fitness tracker;2025-05-30
15839;727;job search;2025-06-13
15840;1197;crypto tracker;2025-05-06
15841;574;vpn;2025-01-10
15842;1138;budget app;2025-06-11
15843;1156;task manager;2025-06-07
15844;1605;meditation app;2025-01-31
15845;955;weather app;2025-06-16
15846;452;photo editor;2025-03-28
15847;1586;job search;2025-01-25
15848;1911;video editor;2025-01-10
15849;1831;note taking;2025-02-14
15850;784;photo editor;2025-03-09
15851;1709;note taking;2025-04-25
15852;180;video editor;2025-03-27
15853;76;note taking;2025-03-09
15854;1569;learn english;2025-04-05
15855;380;video editor;2025-03-08
15856;582;vpn;2025-06-24
15857;1351;task manager;2025-06-12
15858;294;puzzle games;2025-04-17
15859;1513;puzzle games;2025-03-15
15860;1492;vpn;2025-03-07
15861;177;travel planner;2025-01-30
15862;1711;weather app;2025-04-29
15863;1143;budget app;2025-03-07
15864;1219;task manager;2025-05-05
15865;1697;video editor;2025-02-04
15866;43;puzzle games;2025-02-18
15867;1661;grocery list;2025-02-19
15868;910;weather app;2025-06-02
15869;804;recipe app;2025-02-12
15870;640;fitness tracker;2025-05-02
15871;1373;video editor;2025-01-01
15872;1444;job search;2025-03-14
15873;1352;learn english;2025-03-21
15874;895;note taking;2025-03-11
15875;7;fitness tracker;2025-04-22
15876;1421;learn english;2025-02-18
15877;722;chat app;2025-03-14
15878;318;recipe app;2025-04-01
15879;700;language learning;2025-01-23
15880;1141;chat app;2025-02-06
15881;1674;video editor;2025-02-09
15882;1703;photo editor;2025-02-23
15883;1093;note taking;2025-02-01
15884;1768;vpn;2025-03-30
15885;149;free games;2025-05-28
15886;1367;vpn;2025-03-11
15887;1905;music player;2025-06-10
15888;742;music player;2025-05-04
15889;695;free games;2025-04-05
15890;824;grocery list;2025-05-09
15891;1308;budget app;2025-05-11
15892;1853;note taking;2025-06-15
15893;1796;task manager;2025-02-14
15894;1428;free games;2025-04-23
15895;321;job search;2025-01-19
15896;310;language learning;2025-02-18
15897;421;crypto tracker;2025-01-09
15898;1418;fitness tracker;2025-06-18
15899;1267;chat app;2025-05-06
15900;1085;learn english;2025-03-05
15901;311;video editor;2025-05-01
15902;325;meditation app;2025-03-05
15903;500;music player;2025-04-15
15904;257;meditation app;2025-04-25
15905;1876;video editor;2025-04-23
15906;597;video editor;2025-06-07
15907;688;task manager;2025-05-11
15908;1762;learn english;2025-05-29
15909;1300;crypto tracker;2025-04-09
15910;1101;meditation app;2025-06-13
15911;1447;meditation app;2025-03-17
15912;1196;music player;2025-05-28
15913;593;note taking;2025-06-05
15914;1251;chat app;2025-01-19
15915;413;video editor;2025-05-06
15916;710;job search;2025-02-10
15917;1775;language learning;2025-04-15
15918;1034;note taking;2025-06-04
15919;1975;free games;2025-06-25
15920;677;weather app;2025-04-14
15921;1330;video editor;2025-04-23
15922;1324;task manager;2025-02-23
15923;1564;fitness tracker;2025-01-09
15924;392;photo editor;2025-04-12
15925;253;chat app;2025-01-28
15926;991;meditation app;2025-06-02
15927;31;recipe app;2025-03-04
15928;620;budget app;2025-02-23
15929;1136;grocery list;2025-02-26
15930;388;chat app;2025-01-27
15931;1340;recipe app;2025-06-20
15932;1928;learn english;2025-05-12
15933;33;learn english;2025-04-12
15934;825;note taking;2025-05-19
15935;1675;free games;2025-02-10
15936;512;video editor;2025-02-04
15937;1102;budget app;2025-01-31
15938;1785;puzzle games;2025-02-26
15939;1026;task manager;2025-06-27
15940;1511;puzzle games;2025-06-14
15941;1789;vpn;2025-02-19
15942;148;learn english;2025-04-01
15943;566;weather app;2025-05-25
15944;992;grocery list;2025-01-25
15945;737;job search;2025-03-04
15946;533;photo editor;2025-03-23
15947;1188;photo editor;2025-01-06
15948;1380;language learning;2025-04-20
15949;26;task manager;2025-04-18
15950;1733;fitness tracker;2025-03-02
15951;1466;language learning;2025-04-01
15952;123;crypto tracker;2025-04-12
15953;78;music player;2025-04-16
15954;1870;fitness tracker;2025-02-06
15955;637;job search;2025-05-22
15956;1309;puzzle games;2025-02-03
15957;297;recipe app;2025-01-27
15958;1308;grocery list;2025-06-28
15959;300;video editor;2025-06-14
15960;204;weather app;2025-03-28
15961;89;video editor;2025-02-02
15962;134;budget app;2025-05-16
15963;593;budget app;2025-01-20
15964;662;job search;2025-06-07
15965;1823;travel planner;2025-05-08
15966;1891;free games;2025-04-12
15967;279;puzzle games;2025-05-15
15968;132;budget app;2025-05-25
15969;1253;job search;2025-06-14
15970;725;fitness tracker;2025-04-19
15971;1088;language learning;2025-04-18
15972;1911;vpn;2025-01-13
15973;1093;chat app;2025-04-18
15974;1132;photo editor;2025-04-11
15975;1142;fitness tracker;2025-01-30
15976;596;budget app;2025-04-24
15977;1954;weather app;2025-05-01
15978;402;budget app;2025-05-15
15979;1405;meditation app;2025-01-22
15980;1892;note taking;2025-02-20
15981;1185;free games;2025-02-19
15982;1268;free games;2025-06-04
15983;1831;music player;2025-01-07
15984;1871;budget app;2025-03-29
15985;1732;language learning;2025-02-15
15986;815;budget app;2025-05-04
15987;15;fitness tracker;2025-06-16
15988;1917;crypto tracker;2025-05-07
15989;585;task manager;2025-03-25
15990;1829;meditation app;2025-06-09
15991;1072;grocery list;2025-05-16
15992;1262;fitness tracker;2025-01-17
15993;474;fitness tracker;2025-04-29
15994;468;grocery list;2025-01-31
15995;1823;recipe app;2025-02-14
15996;313;puzzle games;2025-02-23
15997;355;music player;2025-05-28
15998;929;fitness tracker;2025-03-25
15999;525;budget app;2025-01-29
16000;608;travel planner;2025-06-21
16001;1748;weather app;2025-05-21
16002;1401;crypto tracker;2025-05-06
16003;1579;vpn;2025-03-16
16004;481;photo editor;2025-05-10
16005;1100;language learning;2025-03-21
16006;740;puzzle games;2025-03-10
16007;931;grocery list;2025-01-14
16008;118;job search;2025-06-11
16009;1703;travel planner;2025-02-14
16010;1509;note taking;2025-04-20
16011;444;language learning;2025-04-16
16012;1227;task manager;2025-03-03
16013;980;vpn;2025-04-03
16014;1308;vpn;2025-06-15
16015;35;note taking;2025-03-28
16016;1115;weather app;2025-05-19
16017;1010;vpn;2025-01-10
16018;28;job search;2025-04-29
16019;1986;budget app;2025-06-07
16020;1191;budget app;2025-02-18
16021;237;meditation app;2025-02-07
16022;195;photo editor;2025-02-28
16023;1569;vpn;2025-05-31
16024;1448;task manager;2025-01-01
16025;580;chat app;2025-02-23
16026;485;learn english;2025-04-06
16027;1379;video editor;2025-05-29
16028;862;note taking;2025-01-05
16029;237;budget app;2025-01-22
16030;640;language learning;2025-01-08
16031;186;puzzle games;2025-06-23
16032;410;chat app;2025-03-25
16033;381;free games;2025-04-22
16034;341;fitness tracker;2025-04-09
16035;112;travel planner;2025-02-23
16036;159;language learning;2025-03-12
16037;268;language learning;2025-04-13
16038;1716;weather app;2025-03-01
16039;240;language learning;2025-01-25
16040;600;budget app;2025-05-21
16041;1953;music player;2025-02-18
16042;216;free games;2025-01-17
16043;974;photo editor;2025-06-26
16044;920;learn english;2025-06-04
16045;1627;travel planner;2025-03-17
16046;649;meditation app;2025-03-06
16047;95;recipe app;2025-01-29
16048;1237;travel planner;2025-04-03
16049;60;grocery list;2025-01-19
16050;1225;free games;2025-01-02
16051;1724;recipe app;2025-04-16
16052;1580;meditation app;2025-03-01
16053;1306;vpn;2025-02-10
16054;1644;video editor;2025-02-27
16055;748;puzzle games;2025-04-05
16056;179;job search;2025-04-21
16057;489;vpn;2025-02-16
16058;541;learn english;2025-03-03
16059;1336;free games;2025-02-08
16060;1443;fitness tracker;2025-05-15
16061;1605;language learning;2025-05-03
16062;201;budget app;2025-04-12
16063;849;recipe app;2025-04-19
16064;45;fitness tracker;2025-03-17
16065;1191;fitness tracker;2025-02-19
16066;751;meditation app;2025-04-23
16067;909;crypto tracker;2025-01-21
16068;1361;crypto tracker;2025-05-29
16069;90;vpn;2025-05-01
16070;176;job search;2025-03-28
16071;393;music player;2025-02-02
16072;1461;job search;2025-06-24
16073;1279;puzzle games;2025-05-07
16074;1422;vpn;2025-02-11
16075;807;learn english;2025-03-22
16076;1080;meditation app;2025-05-14
16077;1279;task manager;2025-06-02
16078;1654;learn english;2025-04-13
16079;1671;grocery list;2025-03-05
16080;203;job search;2025-01-28
16081;650;learn english;2025-01-24
16082;137;note taking;2025-02-11
16083;1482;note taking;2025-01-30
16084;322;crypto tracker;2025-06-29
16085;1651;task manager;2025-03-21
16086;747;crypto tracker;2025-04-17
16087;901;chat app;2025-01-20
16088;1875;chat app;2025-04-24
16089;153;job search;2025-03-09
16090;190;travel planner;2025-01-01
16091;1398;video editor;2025-04-13
16092;1223;recipe app;2025-03-21
16093;1853;recipe app;2025-06-17
16094;110;grocery list;2025-04-01
16095;975;free games;2025-02-19
16096;521;free games;2025-02-01
16097;1331;photo editor;2025-05-07
16098;826;photo editor;2025-04-29
16099;60;language learning;2025-01-27
16100;423;budget app;2025-01-30
16101;213;music player;2025-04-26
16102;437;grocery list;2025-02-26
16103;1756;photo editor;2025-06-20
16104;1951;task manager;2025-06-11
16105;1697;photo editor;2025-04-27
16106;333;free games;2025-03-04
16107;1976;recipe app;2025-05-01
16108;1203;language learning;2025-04-02
16109;1956;video editor;2025-03-08
16110;26;free games;2025-01-17
16111;1167;photo editor;2025-06-20
16112;1587;recipe app;2025-03-16
16113;1753;music player;2025-04-13
16114;1481;budget app;2025-04-23
16115;1133;music player;2025-03-16
16116;154;learn english;2025-04-18
16117;1782;note taking;2025-02-22
16118;556;fitness tracker;2025-03-19
16119;1967;photo editor;2025-02-01
16120;520;job search;2025-03-23
16121;1798;crypto tracker;2025-06-18
16122;811;video editor;2025-02-06
16123;563;task manager;2025-02-07
16124;260;weather app;2025-01-16
16125;1320;video editor;2025-03-17
16126;259;photo editor;2025-01-21
16127;866;task manager;2025-03-08
16128;820;budget app;2025-02-27
16129;1062;puzzle games;2025-03-31
16130;201;recipe app;2025-06-07
16131;305;weather app;2025-03-13
16132;1883;video editor;2025-04-11
16133;653;music player;2025-01-17
16134;1732;job search;2025-03-15
16135;870;note taking;2025-03-25
16136;386;weather app;2025-01-26
16137;1939;video editor;2025-03-11
16138;1189;recipe app;2025-01-03
16139;881;budget app;2025-03-24
16140;1323;crypto tracker;2025-01-27
16141;197;chat app;2025-05-02
16142;1902;learn english;2025-02-27
16143;1315;crypto tracker;2025-06-14
16144;871;weather app;2025-06-11
16145;216;free games;2025-05-08
16146;1113;puzzle games;2025-06-25
16147;94;job search;2025-05-18
16148;878;travel planner;2025-06-25
16149;1535;recipe app;2025-04-26
16150;1532;language learning;2025-01-14
16151;229;grocery list;2025-05-15
16152;466;free games;2025-03-12
16153;219;recipe app;2025-06-12
16154;1759;note taking;2025-06-13
16155;581;job search;2025-03-20
16156;1716;job search;2025-03-03
16157;488;note taking;2025-06-29
16158;457;vpn;2025-06-17
16159;1700;puzzle games;2025-05-01
16160;510;video editor;2025-06-04
16161;979;budget app;2025-01-25
16162;1362;video editor;2025-05-09
16163;1581;vpn;2025-02-09
16164;1713;vpn;2025-03-03
16165;157;job search;2025-03-23
16166;100;note taking;2025-01-02
16167;1629;travel planner;2025-02-24
16168;971;free games;2025-01-22
16169;1868;learn english;2025-05-13
16170;671;puzzle games;2025-04-12
16171;1141;travel planner;2025-06-28
16172;917;note taking;2025-06-14
16173;37;puzzle games;2025-04-02
16174;347;travel planner;2025-01-06
16175;671;vpn;2025-01-09
16176;1227;vpn;2025-05-04
16177;1888;travel planner;2025-02-09
16178;1029;photo editor;2025-05-16
16179;547;meditation app;2025-02-09
16180;800;language learning;2025-05-10
16181;102;language learning;2025-02-22
16182;1518;puzzle games;2025-06-05
16183;1301;fitness tracker;2025-03-15
16184;158;video editor;2025-06-12
16185;195;photo editor;2025-06-02
16186;710;note taking;2025-01-10
16187;1664;language learning;2025-02-15
16188;1515;job search;2025-05-12
16189;1324;puzzle games;2025-01-07
16190;1046;grocery list;2025-06-17
16191;111;language learning;2025-05-09
16192;1637;chat app;2025-01-23
16193;1561;learn english;2025-02-08
16194;1967;learn english;2025-04-28
16195;1919;travel planner;2025-03-27
16196;1235;music player;2025-05-22
16197;305;fitness tracker;2025-02-23
16198;495;photo editor;2025-02-17
16199;675;language learning;2025-05-05
16200;1021;music player;2025-03-30
16201;5;chat app;2025-05-13
16202;1744;vpn;2025-04-20
16203;253;video editor;2025-02-14
16204;1412;meditation app;2025-06-29
16205;238;note taking;2025-01-24
16206;389;note taking;2025-02-14
16207;1018;job search;2025-02-18
16208;295;chat app;2025-03-22
16209;1333;job search;2025-03-01
16210;1433;job search;2025-03-07
16211;369;learn english;2025-06-23
16212;1835;crypto tracker;2025-02-08
16213;25;puzzle games;2025-03-06
16214;380;budget app;2025-04-23
16215;1217;weather app;2025-05-04
16216;535;learn english;2025-04-05
16217;1331;task manager;2025-04-27
16218;135;puzzle games;2025-06-07
16219;589;music player;2025-03-29
16220;104;recipe app;2025-05-26
16221;279;recipe app;2025-02-27
16222;1951;free games;2025-05-28
16223;746;vpn;2025-06-26
16224;1738;grocery list;2025-05-06
16225;1013;puzzle games;2025-06-30
16226;1243;weather app;2025-04-12
16227;605;fitness tracker;2025-05-06
16228;432;meditation app;2025-05-30
16229;714;meditation app;2025-02-08
16230;456;task manager;2025-06-10
16231;204;video editor;2025-06-24
16232;1608;photo editor;2025-02-02
16233;1194;music player;2025-01-22
16234;491;recipe app;2025-01-27
16235;209;photo editor;2025-03-03
16236;1343;chat app;2025-01-13
16237;219;free games;2025-05-02
16238;673;chat app;2025-04-06
16239;1937;budget app;2025-02-15
16240;1779;note taking;2025-04-14
16241;1996;travel planner;2025-03-13
16242;1956;task manager;2025-03-15
16243;1458;learn english;2025-02-13
16244;433;music player;2025-02-02
16245;372;weather app;2025-02-13
16246;1857;budget app;2025-05-23
16247;992;weather app;2025-05-15
16248;1542;recipe app;2025-06-30
16249;1762;job search;2025-01-16
16250;1928;travel planner;2025-03-19
16251;425;travel planner;2025-01-27
16252;510;job search;2025-01-04
16253;1079;vpn;2025-05-24
16254;1799;meditation app;2025-05-13
16255;421;job search;2025-06-08
16256;348;learn english;2025-02-27
16257;1946;learn english;2025-04-19
16258;1671;grocery list;2025-02-17
16259;288;language learning;2025-06-16
16260;111;task manager;2025-01-02
16261;1265;puzzle games;2025-02-23
16262;915;photo editor;2025-04-06
16263;219;puzzle games;2025-03-01
16264;153;meditation app;2025-05-20
16265;618;note taking;2025-06-03
16266;1116;grocery list;2025-03-05
16267;1107;free games;2025-02-20
16268;910;note taking;2025-06-16
16269;897;weather app;2025-05-20
16270;253;learn english;2025-02-27
16271;1625;chat app;2025-04-25
16272;126;note taking;2025-05-28
16273;546;language learning;2025-02-13
16274;628;vpn;2025-03-22
16275;632;free games;2025-04-23
16276;1754;job search;2025-01-04
16277;32;recipe app;2025-03-01
16278;1881;vpn;2025-03-24
16279;1332;task manager;2025-05-13
16280;267;chat app;2025-03-09
16281;1131;learn english;2025-06-20
16282;255;task manager;2025-01-08
16283;1368;grocery list;2025-02-15
16284;1157;weather app;2025-05-13
16285;660;budget app;2025-02-04
16286;1494;grocery list;2025-03-13
16287;1008;job search;2025-06-01
16288;1998;grocery list;2025-02-12
16289;1970;recipe app;2025-05-12
16290;996;vpn;2025-02-26
16291;952;photo editor;2025-04-06
16292;873;crypto tracker;2025-01-26
16293;658;weather app;2025-02-25
16294;1523;budget app;2025-04-25
16295;1581;free games;2025-04-08
16296;842;video editor;2025-06-24
16297;1827;job search;2025-01-16
16298;1321;language learning;2025-02-24
16299;1568;weather app;2025-01-24
16300;205;travel planner;2025-01-18
16301;1472;video editor;2025-06-28
16302;192;learn english;2025-06-01
16303;681;recipe app;2025-02-26
16304;53;puzzle games;2025-03-04
16305;1004;chat app;2025-01-30
16306;1723;chat app;2025-03-07
16307;1404;budget app;2025-02-28
16308;999;job search;2025-06-09
16309;159;meditation app;2025-01-03
16310;1586;chat app;2025-05-05
16311;1172;chat app;2025-01-08
16312;849;learn english;2025-05-18
16313;1190;music player;2025-01-14
16314;1836;free games;2025-03-15
16315;1884;vpn;2025-05-13
16316;266;budget app;2025-05-03
16317;295;learn english;2025-04-11
16318;374;note taking;2025-04-25
16319;1995;crypto tracker;2025-02-02
16320;612;video editor;2025-05-24
16321;553;job search;2025-03-04
16322;302;vpn;2025-03-24
16323;125;video editor;2025-03-26
16324;1710;music player;2025-05-28
16325;1353;puzzle games;2025-01-07
16326;687;weather app;2025-04-09
16327;1653;meditation app;2025-06-09
16328;1302;learn english;2025-02-03
16329;50;meditation app;2025-02-10
16330;1857;budget app;2025-06-09
16331;708;job search;2025-05-21
16332;1665;puzzle games;2025-01-06
16333;1735;weather app;2025-03-22
16334;1425;recipe app;2025-01-03
16335;1885;grocery list;2025-01-26
16336;1165;puzzle games;2025-04-17
16337;1106;note taking;2025-03-13
16338;660;video editor;2025-03-25
16339;1949;meditation app;2025-06-28
16340;1474;grocery list;2025-01-21
16341;1689;meditation app;2025-03-09
16342;603;fitness tracker;2025-01-09
16343;1987;recipe app;2025-03-08
16344;114;vpn;2025-01-22
16345;1995;vpn;2025-06-26
16346;1364;recipe app;2025-04-18
16347;992;note taking;2025-01-03
16348;1156;fitness tracker;2025-01-13
16349;240;language learning;2025-06-15
16350;1021;recipe app;2025-06-03
16351;1508;puzzle games;2025-06-23
16352;498;budget app;2025-01-07
16353;147;weather app;2025-03-07
16354;1770;photo editor;2025-03-19
16355;1789;budget app;2025-03-31
16356;1511;grocery list;2025-01-14
16357;794;job search;2025-01-05
16358;1170;photo editor;2025-03-07
16359;1605;note taking;2025-04-21
16360;736;crypto tracker;2025-05-13
16361;528;free games;2025-01-13
16362;28;budget app;2025-03-17
16363;77;free games;2025-03-16
16364;1461;video editor;2025-03-07
16365;1740;vpn;2025-03-06
16366;1277;meditation app;2025-04-09
16367;1083;chat app;2025-03-17
16368;1499;grocery list;2025-04-23
16369;719;fitness tracker;2025-04-03
16370;833;free games;2025-03-14
16371;1834;grocery list;2025-05-29
16372;1240;music player;2025-03-14
16373;812;video editor;2025-02-04
16374;648;meditation app;2025-04-19
16375;124;photo editor;2025-02-19
16376;1087;budget app;2025-06-28
16377;964;puzzle games;2025-03-26
16378;1513;photo editor;2025-01-23
16379;1039;learn english;2025-02-13
16380;1368;learn english;2025-04-09
16381;723;fitness tracker;2025-06-24
16382;1348;vpn;2025-01-16
16383;1141;learn english;2025-04-05
16384;1160;recipe app;2025-06-04
16385;47;crypto tracker;2025-03-03
16386;223;recipe app;2025-01-06
16387;900;photo editor;2025-05-08
16388;526;photo editor;2025-06-11
16389;887;note taking;2025-05-04
16390;1945;job search;2025-06-19
16391;794;chat app;2025-01-26
16392;1282;budget app;2025-06-26
16393;1972;weather app;2025-02-10
16394;1435;weather app;2025-02-01
16395;1196;meditation app;2025-04-13
16396;967;budget app;2025-02-11
16397;742;crypto tracker;2025-04-07
16398;205;video editor;2025-05-11
16399;521;crypto tracker;2025-03-13
16400;778;travel planner;2025-04-18
16401;580;vpn;2025-06-14
16402;1035;puzzle games;2025-02-16
16403;515;crypto tracker;2025-01-22
16404;1929;grocery list;2025-02-28
16405;380;task manager;2025-01-18
16406;1776;photo editor;2025-03-03
16407;1770;meditation app;2025-06-11
16408;261;note taking;2025-06-24
16409;1395;note taking;2025-05-07
16410;1912;puzzle games;2025-02-10
16411;1600;travel planner;2025-04-28
16412;1533;recipe app;2025-05-28
16413;190;note taking;2025-03-18
16414;1990;task manager;2025-05-28
16415;627;free games;2025-01-02
16416;1177;crypto tracker;2025-04-09
16417;696;grocery list;2025-03-07
16418;1838;language learning;2025-03-02
16419;1807;travel planner;2025-02-09
16420;1320;crypto tracker;2025-05-24
16421;1519;task manager;2025-05-07
16422;1148;free games;2025-06-14
16423;1962;job search;2025-03-04
16424;980;language learning;2025-06-20
16425;1308;job search;2025-04-18
16426;1645;note taking;2025-05-27
16427;963;chat app;2025-04-26
16428;1088;budget app;2025-03-24
16429;509;note taking;2025-02-07
16430;719;learn english;2025-05-25
16431;205;grocery list;2025-04-27
16432;252;video editor;2025-02-02
16433;1735;grocery list;2025-05-27
16434;915;crypto tracker;2025-04-24
16435;892;meditation app;2025-04-21
16436;871;language learning;2025-01-15
16437;1418;puzzle games;2025-01-21
16438;1205;learn english;2025-06-03
16439;389;vpn;2025-02-11
16440;780;note taking;2025-02-02
16441;702;travel planner;2025-06-18
16442;1329;puzzle games;2025-02-23
16443;232;meditation app;2025-04-22
16444;1771;travel planner;2025-05-08
16445;1732;free games;2025-05-16
16446;1626;vpn;2025-04-18
16447;1541;meditation app;2025-03-23
16448;1178;learn english;2025-01-07
16449;1287;vpn;2025-06-17
16450;894;chat app;2025-06-01
16451;1336;video editor;2025-05-05
16452;96;crypto tracker;2025-03-13
16453;1608;meditation app;2025-05-03
16454;1979;job search;2025-01-29
16455;557;budget app;2025-04-01
16456;1649;meditation app;2025-04-30
16457;1935;budget app;2025-02-04
16458;1986;vpn;2025-01-05
16459;1428;photo editor;2025-04-03
16460;755;crypto tracker;2025-03-07
16461;1266;crypto tracker;2025-01-10
16462;1311;puzzle games;2025-06-27
16463;1276;grocery list;2025-03-24
16464;939;recipe app;2025-02-03
16465;759;language learning;2025-06-11
16466;444;job search;2025-03-08
16467;1946;note taking;2025-05-21
16468;552;vpn;2025-03-28
16469;1501;recipe app;2025-06-21
16470;1341;job search;2025-04-10
16471;1930;video editor;2025-02-23
16472;496;recipe app;2025-06-26
16473;557;fitness tracker;2025-01-01
16474;1452;recipe app;2025-01-07
16475;1158;recipe app;2025-02-25
16476;1599;free games;2025-06-25
16477;921;fitness tracker;2025-05-01
16478;1902;job search;2025-02-03
16479;1082;music player;2025-05-02
16480;797;travel planner;2025-03-25
16481;1377;task manager;2025-05-23
16482;1020;budget app;2025-05-23
16483;1191;note taking;2025-02-10
16484;1507;video editor;2025-04-14
16485;47;weather app;2025-04-15
16486;1895;video editor;2025-06-06
16487;1107;free games;2025-06-12
16488;384;meditation app;2025-04-22
16489;1396;crypto tracker;2025-03-09
16490;1108;fitness tracker;2025-06-14
16491;1853;puzzle games;2025-03-15
16492;403;vpn;2025-01-12
16493;116;job search;2025-06-04
16494;1702;language learning;2025-01-27
16495;886;vpn;2025-02-27
16496;980;job search;2025-04-30
16497;1395;task manager;2025-03-07
16498;286;note taking;2025-05-06
16499;218;video editor;2025-03-15
16500;1156;photo editor;2025-05-31
16501;229;language learning;2025-02-19
16502;1936;video editor;2025-05-29
16503;684;free games;2025-06-25
16504;965;fitness tracker;2025-03-29
16505;1244;fitness tracker;2025-03-30
16506;74;learn english;2025-04-10
16507;1242;photo editor;2025-03-31
16508;875;puzzle games;2025-05-02
16509;1086;budget app;2025-05-03
16510;1280;task manager;2025-02-06
16511;427;budget app;2025-05-03
16512;1372;budget app;2025-01-06
16513;1073;photo editor;2025-02-20
16514;442;crypto tracker;2025-05-29
16515;38;music player;2025-02-23
16516;1940;job search;2025-03-18
16517;475;fitness tracker;2025-04-21
16518;1176;fitness tracker;2025-03-13
16519;1277;crypto tracker;2025-01-26
16520;1131;free games;2025-01-24
16521;1427;language learning;2025-06-22
16522;1183;vpn;2025-06-06
16523;1256;learn english;2025-01-31
16524;1321;fitness tracker;2025-05-27
16525;1735;crypto tracker;2025-04-18
16526;1846;note taking;2025-01-11
16527;507;photo editor;2025-01-28
16528;1111;music player;2025-05-22
16529;947;puzzle games;2025-01-25
16530;539;video editor;2025-04-02
16531;1209;vpn;2025-01-25
16532;169;music player;2025-01-08
16533;1659;chat app;2025-03-01
16534;1153;budget app;2025-04-05
16535;1235;language learning;2025-04-21
16536;1393;video editor;2025-06-15
16537;1188;note taking;2025-02-09
16538;445;travel planner;2025-03-16
16539;1694;chat app;2025-05-23
16540;1384;chat app;2025-05-04
16541;732;crypto tracker;2025-02-10
16542;1086;task manager;2025-03-18
16543;789;weather app;2025-05-02
16544;1474;job search;2025-03-03
16545;628;grocery list;2025-06-11
16546;1594;recipe app;2025-01-14
16547;1506;weather app;2025-01-03
16548;1672;fitness tracker;2025-04-25
16549;973;music player;2025-06-25
16550;1624;photo editor;2025-04-27
16551;1179;chat app;2025-01-20
16552;822;fitness tracker;2025-04-02
16553;96;recipe app;2025-04-01
16554;406;fitness tracker;2025-04-19
16555;909;puzzle games;2025-06-05
16556;299;note taking;2025-06-17
16557;1298;crypto tracker;2025-06-22
16558;1586;task manager;2025-03-04
16559;1416;meditation app;2025-02-06
16560;809;grocery list;2025-04-29
16561;1562;job search;2025-05-31
16562;1813;weather app;2025-05-11
16563;1802;task manager;2025-05-26
16564;1705;note taking;2025-06-02
16565;163;fitness tracker;2025-05-15
16566;1982;video editor;2025-04-24
16567;340;task manager;2025-05-05
16568;984;note taking;2025-05-08
16569;1615;grocery list;2025-04-09
16570;1883;puzzle games;2025-01-22
16571;107;crypto tracker;2025-01-05
16572;908;language learning;2025-06-30
16573;1786;fitness tracker;2025-06-02
16574;773;puzzle games;2025-04-08
16575;643;fitness tracker;2025-03-14
16576;206;recipe app;2025-05-05
16577;452;photo editor;2025-06-20
16578;1053;budget app;2025-02-06
16579;38;crypto tracker;2025-01-06
16580;541;photo editor;2025-06-30
16581;1835;free games;2025-04-28
16582;1651;learn english;2025-05-26
16583;142;music player;2025-06-02
16584;1589;note taking;2025-03-05
16585;1612;weather app;2025-04-27
16586;116;fitness tracker;2025-04-19
16587;747;meditation app;2025-05-16
16588;1891;learn english;2025-03-16
16589;1271;language learning;2025-02-26
16590;1640;vpn;2025-03-23
16591;62;photo editor;2025-05-30
16592;430;vpn;2025-02-23
16593;1849;photo editor;2025-06-19
16594;163;free games;2025-01-30
16595;1474;recipe app;2025-05-11
16596;619;vpn;2025-04-12
16597;908;weather app;2025-01-24
16598;1665;weather app;2025-05-03
16599;118;budget app;2025-06-28
16600;1467;photo editor;2025-06-20
16601;1420;meditation app;2025-03-12
16602;1162;chat app;2025-01-24
16603;1854;meditation app;2025-04-03
16604;850;free games;2025-05-08
16605;478;free games;2025-02-17
16606;1933;learn english;2025-06-30
16607;1912;meditation app;2025-02-24
16608;929;chat app;2025-03-02
16609;1708;puzzle games;2025-05-04
16610;1662;budget app;2025-01-22
16611;1724;free games;2025-01-26
16612;1353;crypto tracker;2025-05-25
16613;352;video editor;2025-02-10
16614;158;grocery list;2025-06-07
16615;1747;fitness tracker;2025-02-10
16616;1945;note taking;2025-01-04
16617;1;video editor;2025-01-20
16618;428;task manager;2025-04-08
16619;686;note taking;2025-06-27
16620;1216;video editor;2025-04-14
16621;109;fitness tracker;2025-06-16
16622;642;photo editor;2025-03-11
16623;512;recipe app;2025-05-19
16624;1479;budget app;2025-03-12
16625;1698;job search;2025-01-22
16626;132;grocery list;2025-01-08
16627;1611;budget app;2025-03-19
16628;695;budget app;2025-01-22
16629;1832;recipe app;2025-03-04
16630;1890;photo editor;2025-01-29
16631;1172;recipe app;2025-06-06
16632;1981;video editor;2025-01-15
16633;1701;music player;2025-05-04
16634;832;puzzle games;2025-02-18
16635;1637;note taking;2025-05-07
16636;993;puzzle games;2025-04-22
16637;855;budget app;2025-03-25
16638;526;task manager;2025-03-27
16639;771;music player;2025-03-23
16640;968;vpn;2025-01-03
16641;1715;note taking;2025-02-13
16642;368;crypto tracker;2025-04-13
16643;1772;note taking;2025-01-15
16644;793;travel planner;2025-03-09
16645;1358;task manager;2025-04-17
16646;1551;learn english;2025-05-06
16647;692;note taking;2025-01-28
16648;1513;task manager;2025-02-10
16649;1022;job search;2025-01-28
16650;1625;learn english;2025-03-18
16651;1151;grocery list;2025-01-25
16652;784;budget app;2025-04-05
16653;1976;grocery list;2025-01-06
16654;1940;photo editor;2025-05-26
16655;1023;recipe app;2025-04-01
16656;1865;job search;2025-01-11
16657;1141;fitness tracker;2025-04-13
16658;1008;grocery list;2025-04-08
16659;1742;recipe app;2025-01-12
16660;538;note taking;2025-03-16
16661;188;crypto tracker;2025-03-13
16662;1530;music player;2025-06-09
16663;1993;note taking;2025-02-07
16664;1534;language learning;2025-05-07
16665;1620;free games;2025-05-16
16666;1104;budget app;2025-06-29
16667;710;budget app;2025-01-17
16668;673;learn english;2025-02-28
16669;898;task manager;2025-06-18
16670;851;fitness tracker;2025-04-16
16671;1045;note taking;2025-06-08
16672;1941;meditation app;2025-01-12
16673;601;music player;2025-03-07
16674;129;video editor;2025-05-25
16675;1363;task manager;2025-01-30
16676;604;music player;2025-01-02
16677;912;language learning;2025-06-18
16678;1104;photo editor;2025-04-23
16679;1339;free games;2025-01-12
16680;879;grocery list;2025-01-20
16681;1847;note taking;2025-02-26
16682;873;vpn;2025-05-28
16683;968;music player;2025-06-21
16684;1909;weather app;2025-06-02
16685;1533;meditation app;2025-04-11
16686;842;learn english;2025-06-24
16687;98;recipe app;2025-03-06
16688;249;meditation app;2025-01-22
16689;661;budget app;2025-01-08
16690;1632;job search;2025-04-21
16691;29;photo editor;2025-06-26
16692;1704;meditation app;2025-03-31
16693;1552;learn english;2025-05-18
16694;1804;free games;2025-01-02
16695;1842;meditation app;2025-05-02
16696;1134;note taking;2025-02-15
16697;1039;crypto tracker;2025-04-05
16698;743;meditation app;2025-04-22
16699;211;task manager;2025-06-10
16700;877;job search;2025-05-04
16701;1637;budget app;2025-04-21
16702;877;job search;2025-02-03
16703;1410;photo editor;2025-06-04
16704;1488;fitness tracker;2025-02-15
16705;1134;weather app;2025-03-18
16706;1201;learn english;2025-03-08
16707;421;free games;2025-06-12
16708;1213;music player;2025-01-29
16709;743;fitness tracker;2025-04-26
16710;1950;fitness tracker;2025-04-04
16711;1275;job search;2025-05-17
16712;455;chat app;2025-04-19
16713;1954;meditation app;2025-03-13
16714;1608;budget app;2025-05-15
16715;1389;travel planner;2025-01-27
16716;350;budget app;2025-03-30
16717;1215;travel planner;2025-03-10
16718;1656;crypto tracker;2025-06-26
16719;953;language learning;2025-06-01
16720;1505;grocery list;2025-05-19
16721;60;photo editor;2025-02-15
16722;1375;fitness tracker;2025-03-29
16723;1547;language learning;2025-02-03
16724;125;grocery list;2025-02-25
16725;850;learn english;2025-01-04
16726;1761;grocery list;2025-05-19
16727;79;music player;2025-04-02
16728;1006;budget app;2025-01-18
16729;1741;language learning;2025-06-16
16730;345;budget app;2025-06-17
16731;816;weather app;2025-04-28
16732;128;weather app;2025-04-06
16733;1899;recipe app;2025-06-08
16734;721;puzzle games;2025-01-28
16735;652;learn english;2025-04-11
16736;898;language learning;2025-01-20
16737;893;video editor;2025-02-08
16738;1173;language learning;2025-03-30
16739;1110;language learning;2025-02-19
16740;791;budget app;2025-02-03
16741;1599;vpn;2025-03-04
16742;1765;language learning;2025-05-12
16743;1000;chat app;2025-02-06
16744;1658;budget app;2025-06-08
16745;304;fitness tracker;2025-03-25
16746;1789;note taking;2025-04-03
16747;95;grocery list;2025-01-06
16748;794;puzzle games;2025-03-10
16749;38;puzzle games;2025-04-23
16750;1146;meditation app;2025-02-22
16751;1685;grocery list;2025-05-08
16752;1867;learn english;2025-05-18
16753;1874;chat app;2025-06-12
16754;1821;crypto tracker;2025-01-31
16755;1546;budget app;2025-01-14
16756;1311;free games;2025-04-22
16757;798;recipe app;2025-05-19
16758;600;task manager;2025-03-15
16759;1967;weather app;2025-05-25
16760;474;free games;2025-01-02
16761;567;video editor;2025-01-16
16762;462;recipe app;2025-06-16
16763;1464;video editor;2025-01-01
16764;1452;grocery list;2025-06-05
16765;1427;job search;2025-01-10
16766;787;note taking;2025-05-25
16767;1766;weather app;2025-05-01
16768;764;puzzle games;2025-01-02
16769;583;crypto tracker;2025-04-30
16770;1810;puzzle games;2025-01-14
16771;1302;recipe app;2025-05-22
16772;1683;weather app;2025-01-15
16773;539;job search;2025-01-04
16774;260;job search;2025-06-17
16775;1085;travel planner;2025-01-07
16776;328;meditation app;2025-04-19
16777;539;vpn;2025-01-30
16778;386;free games;2025-06-25
16779;1934;budget app;2025-03-24
16780;1887;budget app;2025-01-31
16781;1834;puzzle games;2025-05-20
16782;1900;recipe app;2025-05-06
16783;673;crypto tracker;2025-05-04
16784;430;grocery list;2025-05-11
16785;1587;free games;2025-05-19
16786;580;fitness tracker;2025-05-05
16787;630;free games;2025-04-08
16788;328;task manager;2025-02-12
16789;1027;recipe app;2025-01-01
16790;911;fitness tracker;2025-03-30
16791;645;weather app;2025-02-17
16792;27;vpn;2025-06-27
16793;287;grocery list;2025-04-03
16794;150;recipe app;2025-04-05
16795;1840;budget app;2025-01-30
16796;387;recipe app;2025-02-10
16797;518;meditation app;2025-01-21
16798;189;meditation app;2025-05-22
16799;1045;job search;2025-06-22
16800;1559;vpn;2025-01-04
16801;1474;vpn;2025-02-01
16802;427;puzzle games;2025-06-27
16803;247;task manager;2025-06-12
16804;548;photo editor;2025-05-12
16805;51;vpn;2025-01-24
16806;1683;crypto tracker;2025-01-27
16807;261;free games;2025-01-01
16808;1009;note taking;2025-06-11
16809;1895;budget app;2025-03-12
16810;1506;vpn;2025-01-18
16811;679;video editor;2025-05-29
16812;1237;chat app;2025-02-25
16813;1643;music player;2025-05-02
16814;834;puzzle games;2025-02-07
16815;1607;language learning;2025-05-24
16816;1171;travel planner;2025-03-09
16817;918;weather app;2025-05-11
16818;954;puzzle games;2025-02-21
16819;87;travel planner;2025-02-08
16820;1382;vpn;2025-02-15
16821;1743;chat app;2025-06-04
16822;100;language learning;2025-01-14
16823;752;video editor;2025-02-20
16824;843;budget app;2025-04-23
16825;166;music player;2025-03-19
16826;1699;learn english;2025-02-22
16827;978;chat app;2025-06-06
16828;1732;crypto tracker;2025-06-07
16829;178;music player;2025-06-15
16830;641;grocery list;2025-01-18
16831;1163;weather app;2025-04-21
16832;798;travel planner;2025-03-15
16833;1782;chat app;2025-04-21
16834;610;chat app;2025-04-20
16835;717;chat app;2025-01-22
16836;1348;crypto tracker;2025-03-22
16837;1420;puzzle games;2025-03-13
16838;764;video editor;2025-05-22
16839;1558;learn english;2025-04-05
16840;65;grocery list;2025-05-30
16841;655;learn english;2025-03-17
16842;782;weather app;2025-06-17
16843;1903;learn english;2025-05-17
16844;917;puzzle games;2025-05-21
16845;1186;job search;2025-04-16
16846;1600;weather app;2025-03-03
16847;1999;budget app;2025-02-02
16848;407;free games;2025-03-13
16849;319;chat app;2025-03-03
16850;1665;weather app;2025-06-27
16851;1062;task manager;2025-06-11
16852;1555;weather app;2025-01-27
16853;1355;travel planner;2025-04-09
16854;9;music player;2025-03-25
16855;56;puzzle games;2025-06-18
16856;315;job search;2025-01-05
16857;530;free games;2025-01-07
16858;1594;crypto tracker;2025-03-04
16859;1587;grocery list;2025-04-22
16860;1903;language learning;2025-04-20
16861;1055;crypto tracker;2025-04-30
16862;83;job search;2025-06-16
16863;313;language learning;2025-01-11
16864;1512;fitness tracker;2025-04-29
16865;645;job search;2025-05-10
16866;1242;video editor;2025-04-20
16867;415;video editor;2025-05-09
16868;60;vpn;2025-02-22
16869;1989;job search;2025-02-19
16870;1086;budget app;2025-05-23
16871;1587;task manager;2025-02-07
16872;413;chat app;2025-01-12
16873;1156;meditation app;2025-01-08
16874;192;puzzle games;2025-05-29
16875;1111;fitness tracker;2025-03-17
16876;951;job search;2025-01-13
16877;1293;meditation app;2025-04-03
16878;204;task manager;2025-06-27
16879;1889;language learning;2025-02-05
16880;214;free games;2025-05-25
16881;1039;video editor;2025-02-18
16882;827;meditation app;2025-05-16
16883;1914;fitness tracker;2025-05-10
16884;1329;photo editor;2025-04-19
16885;1116;travel planner;2025-04-10
16886;24;free games;2025-04-07
16887;1588;language learning;2025-05-10
16888;1395;task manager;2025-01-17
16889;1793;fitness tracker;2025-05-05
16890;1205;budget app;2025-03-21
16891;1489;fitness tracker;2025-04-05
16892;352;grocery list;2025-06-22
16893;546;language learning;2025-03-24
16894;1032;free games;2025-04-19
16895;1119;photo editor;2025-06-23
16896;921;puzzle games;2025-02-04
16897;322;crypto tracker;2025-01-26
16898;1364;puzzle games;2025-06-06
16899;1611;meditation app;2025-06-04
16900;907;free games;2025-02-25
16901;253;budget app;2025-05-23
16902;128;task manager;2025-02-24
16903;542;grocery list;2025-01-02
16904;1266;grocery list;2025-03-30
16905;1813;note taking;2025-03-07
16906;1861;task manager;2025-04-27
16907;1129;travel planner;2025-01-12
16908;1934;note taking;2025-05-17
16909;506;chat app;2025-03-07
16910;853;recipe app;2025-05-19
16911;773;meditation app;2025-06-12
16912;278;language learning;2025-01-16
16913;375;learn english;2025-02-25
16914;144;task manager;2025-06-26
16915;61;video editor;2025-06-30
16916;866;video editor;2025-03-18
16917;115;recipe app;2025-06-13
16918;1241;travel planner;2025-05-02
16919;1302;crypto tracker;2025-02-26
16920;1312;free games;2025-05-16
16921;1022;grocery list;2025-01-03
16922;1725;chat app;2025-04-24
16923;1074;fitness tracker;2025-06-14
16924;1590;recipe app;2025-06-30
16925;1889;weather app;2025-04-23
16926;219;music player;2025-04-18
16927;1506;task manager;2025-05-16
16928;1017;free games;2025-03-15
16929;1834;photo editor;2025-03-27
16930;1611;recipe app;2025-05-05
16931;1107;learn english;2025-03-02
16932;1294;meditation app;2025-02-21
16933;1464;photo editor;2025-03-14
16934;1677;fitness tracker;2025-01-31
16935;1722;job search;2025-06-21
16936;693;language learning;2025-02-05
16937;554;job search;2025-06-02
16938;1234;note taking;2025-03-06
16939;505;chat app;2025-01-29
16940;1018;grocery list;2025-02-10
16941;921;weather app;2025-01-10
16942;721;puzzle games;2025-05-03
16943;837;video editor;2025-02-04
16944;66;task manager;2025-03-21
16945;1690;free games;2025-04-23
16946;1067;note taking;2025-04-13
16947;519;free games;2025-01-30
16948;681;meditation app;2025-04-25
16949;603;video editor;2025-04-09
16950;285;learn english;2025-06-03
16951;1259;job search;2025-05-11
16952;1357;recipe app;2025-04-20
16953;703;music player;2025-03-22
16954;1850;recipe app;2025-06-19
16955;1750;crypto tracker;2025-02-08
16956;539;recipe app;2025-05-24
16957;1615;video editor;2025-04-13
16958;931;fitness tracker;2025-06-06
16959;366;travel planner;2025-06-05
16960;113;meditation app;2025-02-11
16961;278;video editor;2025-05-01
16962;1262;note taking;2025-01-12
16963;888;free games;2025-01-26
16964;644;note taking;2025-01-27
16965;467;task manager;2025-02-11
16966;898;weather app;2025-05-23
16967;834;grocery list;2025-05-15
16968;448;weather app;2025-06-07
16969;277;chat app;2025-05-18
16970;1365;puzzle games;2025-05-15
16971;800;music player;2025-02-09
16972;734;note taking;2025-04-19
16973;1330;task manager;2025-04-18
16974;383;travel planner;2025-04-16
16975;1830;video editor;2025-01-23
16976;124;weather app;2025-04-03
16977;823;vpn;2025-05-08
16978;551;grocery list;2025-01-14
16979;1146;crypto tracker;2025-02-21
16980;1005;photo editor;2025-06-30
16981;626;travel planner;2025-02-11
16982;841;music player;2025-05-04
16983;475;vpn;2025-01-02
16984;1327;language learning;2025-01-09
16985;108;photo editor;2025-02-08
16986;1684;video editor;2025-04-16
16987;1765;crypto tracker;2025-04-10
16988;1304;budget app;2025-05-30
16989;1638;video editor;2025-01-20
16990;584;puzzle games;2025-01-10
16991;1161;photo editor;2025-01-02
16992;97;puzzle games;2025-01-28
16993;881;language learning;2025-04-02
16994;1710;travel planner;2025-03-24
16995;633;recipe app;2025-03-21
16996;1916;weather app;2025-01-10
16997;112;learn english;2025-05-02
16998;1813;task manager;2025-03-10
16999;1750;language learning;2025-02-03
17000;1341;job search;2025-03-18
17001;1766;fitness tracker;2025-01-02
17002;1867;recipe app;2025-02-16
17003;1683;music player;2025-03-29
17004;1363;grocery list;2025-05-27
17005;1038;meditation app;2025-06-25
17006;1906;chat app;2025-01-15
17007;1023;chat app;2025-02-10
17008;224;video editor;2025-04-12
17009;765;language learning;2025-05-26
17010;1816;learn english;2025-01-12
17011;1535;meditation app;2025-01-16
17012;1285;grocery list;2025-06-23
17013;1368;language learning;2025-01-17
17014;1771;learn english;2025-05-07
17015;191;chat app;2025-06-21
17016;1870;note taking;2025-01-01
17017;1310;music player;2025-04-02
17018;69;free games;2025-04-15
17019;553;fitness tracker;2025-02-07
17020;939;video editor;2025-03-07
17021;503;crypto tracker;2025-05-28
17022;1324;crypto tracker;2025-06-21
17023;848;recipe app;2025-02-05
17024;1880;video editor;2025-06-22
17025;1405;vpn;2025-01-16
17026;1736;recipe app;2025-02-19
17027;583;job search;2025-05-06
17028;1377;note taking;2025-01-21
17029;168;video editor;2025-01-04
17030;322;task manager;2025-04-06
17031;1436;travel planner;2025-04-01
17032;394;grocery list;2025-05-18
17033;1477;job search;2025-03-29
17034;736;puzzle games;2025-06-13
17035;1844;grocery list;2025-05-07
17036;1891;recipe app;2025-05-25
17037;1909;fitness tracker;2025-01-16
17038;534;photo editor;2025-06-22
17039;706;recipe app;2025-02-11
17040;1971;task manager;2025-02-12
17041;1563;weather app;2025-01-13
17042;1651;learn english;2025-04-13
17043;1892;note taking;2025-03-01
17044;42;weather app;2025-06-10
17045;1979;music player;2025-06-04
17046;1966;job search;2025-04-28
17047;1444;note taking;2025-03-17
17048;1318;crypto tracker;2025-02-28
17049;467;music player;2025-06-01
17050;1439;crypto tracker;2025-03-30
17051;1391;meditation app;2025-05-15
17052;878;job search;2025-06-27
17053;1318;crypto tracker;2025-01-14
17054;605;job search;2025-04-27
17055;266;note taking;2025-06-12
17056;1304;language learning;2025-03-12
17057;1871;puzzle games;2025-05-04
17058;308;task manager;2025-02-24
17059;1355;crypto tracker;2025-01-27
17060;1153;free games;2025-04-15
17061;923;photo editor;2025-01-06
17062;66;puzzle games;2025-05-27
17063;906;grocery list;2025-03-16
17064;598;fitness tracker;2025-06-07
17065;1041;fitness tracker;2025-05-29
17066;1168;weather app;2025-01-17
17067;777;note taking;2025-02-03
17068;249;music player;2025-05-09
17069;260;video editor;2025-04-02
17070;1037;vpn;2025-06-04
17071;963;budget app;2025-02-16
17072;583;task manager;2025-06-01
17073;147;free games;2025-03-29
17074;1318;vpn;2025-05-01
17075;1155;travel planner;2025-05-26
17076;182;vpn;2025-05-16
17077;1523;note taking;2025-02-28
17078;542;vpn;2025-04-07
17079;718;learn english;2025-06-16
17080;302;weather app;2025-03-15
17081;419;note taking;2025-03-12
17082;115;meditation app;2025-06-27
17083;55;task manager;2025-01-06
17084;849;chat app;2025-01-19
17085;1926;weather app;2025-06-01
17086;674;puzzle games;2025-06-16
17087;599;weather app;2025-03-24
17088;1911;meditation app;2025-05-19
17089;1536;note taking;2025-03-25
17090;1269;free games;2025-05-01
17091;429;learn english;2025-02-09
17092;1072;fitness tracker;2025-01-19
17093;1305;learn english;2025-01-19
17094;374;language learning;2025-03-20
17095;1306;music player;2025-01-25
17096;1991;task manager;2025-01-21
17097;655;note taking;2025-03-09
17098;1574;job search;2025-05-22
17099;1035;travel planner;2025-02-25
17100;1572;meditation app;2025-06-12
17101;1990;meditation app;2025-01-14
17102;999;budget app;2025-04-05
17103;1753;free games;2025-04-24
17104;52;puzzle games;2025-04-05
17105;1940;free games;2025-06-13
17106;824;music player;2025-04-09
17107;1370;chat app;2025-02-17
17108;909;language learning;2025-02-15
17109;1909;note taking;2025-06-18
17110;1789;chat app;2025-02-03
17111;876;recipe app;2025-04-26
17112;314;free games;2025-05-07
17113;1242;task manager;2025-01-14
17114;523;job search;2025-01-11
17115;986;task manager;2025-06-09
17116;1621;weather app;2025-04-23
17117;1238;task manager;2025-05-08
17118;1014;recipe app;2025-02-11
17119;1435;chat app;2025-06-08
17120;1207;puzzle games;2025-04-22
17121;1712;chat app;2025-04-10
17122;1159;learn english;2025-05-13
17123;616;vpn;2025-03-12
17124;549;learn english;2025-06-23
17125;1652;travel planner;2025-05-20
17126;1380;weather app;2025-05-10
17127;1873;vpn;2025-04-26
17128;1993;travel planner;2025-02-09
17129;1080;fitness tracker;2025-04-13
17130;1656;music player;2025-06-04
17131;37;learn english;2025-04-18
17132;1646;vpn;2025-01-27
17133;647;puzzle games;2025-05-28
17134;643;fitness tracker;2025-05-04
17135;1902;crypto tracker;2025-04-25
17136;1746;grocery list;2025-05-07
17137;1962;learn english;2025-04-03
17138;1317;recipe app;2025-02-27
17139;396;chat app;2025-01-19
17140;1999;meditation app;2025-05-27
17141;1927;weather app;2025-01-19
17142;1625;chat app;2025-06-14
17143;612;job search;2025-03-26
17144;1837;language learning;2025-01-17
17145;1263;video editor;2025-01-25
17146;1760;meditation app;2025-04-08
17147;739;budget app;2025-02-06
17148;231;free games;2025-01-06
17149;1610;budget app;2025-02-13
17150;1022;task manager;2025-04-19
17151;631;puzzle games;2025-05-25
17152;731;task manager;2025-06-21
17153;1875;meditation app;2025-01-15
17154;1574;free games;2025-03-31
17155;248;music player;2025-03-25
17156;466;task manager;2025-06-16
17157;110;video editor;2025-02-19
17158;196;puzzle games;2025-06-29
17159;6;recipe app;2025-02-25
17160;1817;job search;2025-04-09
17161;1225;chat app;2025-02-13
17162;1496;grocery list;2025-04-30
17163;1298;travel planner;2025-06-25
17164;344;job search;2025-03-15
17165;1384;language learning;2025-02-17
17166;367;language learning;2025-05-12
17167;1386;puzzle games;2025-05-02
17168;650;chat app;2025-01-23
17169;158;vpn;2025-02-11
17170;1369;note taking;2025-02-22
17171;1104;job search;2025-02-04
17172;1760;free games;2025-04-24
17173;666;meditation app;2025-06-04
17174;395;learn english;2025-03-21
17175;1764;crypto tracker;2025-03-06
17176;1340;puzzle games;2025-03-10
17177;1658;learn english;2025-06-01
17178;1447;travel planner;2025-04-07
17179;1352;note taking;2025-03-22
17180;1985;travel planner;2025-06-16
17181;788;fitness tracker;2025-06-12
17182;539;chat app;2025-05-22
17183;570;free games;2025-05-28
17184;1942;music player;2025-05-07
17185;915;photo editor;2025-04-01
17186;923;weather app;2025-06-20
17187;1303;video editor;2025-05-16
17188;679;free games;2025-06-15
17189;911;budget app;2025-03-24
17190;1381;learn english;2025-05-19
17191;320;vpn;2025-01-23
17192;1324;learn english;2025-01-08
17193;1921;chat app;2025-01-23
17194;1338;grocery list;2025-04-22
17195;928;music player;2025-01-05
17196;977;vpn;2025-05-29
17197;216;note taking;2025-03-13
17198;1698;vpn;2025-04-17
17199;880;photo editor;2025-06-08
17200;836;language learning;2025-04-28
17201;1406;language learning;2025-01-03
17202;1984;photo editor;2025-03-27
17203;112;note taking;2025-03-02
17204;558;free games;2025-01-21
17205;3;fitness tracker;2025-04-11
17206;1340;vpn;2025-03-29
17207;929;language learning;2025-06-27
17208;623;meditation app;2025-04-05
17209;859;language learning;2025-04-03
17210;1528;meditation app;2025-02-19
17211;1486;music player;2025-05-31
17212;1317;job search;2025-05-03
17213;1996;crypto tracker;2025-01-22
17214;1566;budget app;2025-03-28
17215;6;video editor;2025-05-14
17216;665;puzzle games;2025-01-06
17217;1623;music player;2025-03-03
17218;500;budget app;2025-06-06
17219;1605;crypto tracker;2025-04-20
17220;1559;fitness tracker;2025-01-31
17221;637;job search;2025-06-12
17222;48;video editor;2025-01-26
17223;1716;language learning;2025-03-27
17224;452;meditation app;2025-02-26
17225;1713;free games;2025-03-24
17226;418;crypto tracker;2025-02-12
17227;1113;puzzle games;2025-01-01
17228;1948;job search;2025-05-16
17229;144;video editor;2025-02-08
17230;1186;chat app;2025-01-16
17231;1914;travel planner;2025-06-16
17232;774;learn english;2025-04-01
17233;1777;budget app;2025-05-03
17234;229;budget app;2025-04-21
17235;816;learn english;2025-04-12
17236;1237;budget app;2025-02-26
17237;888;meditation app;2025-01-15
17238;680;travel planner;2025-01-16
17239;552;learn english;2025-01-31
17240;943;travel planner;2025-06-13
17241;1751;job search;2025-04-24
17242;1247;video editor;2025-06-22
17243;416;learn english;2025-06-02
17244;1179;crypto tracker;2025-04-16
17245;908;budget app;2025-05-26
17246;1905;puzzle games;2025-04-10
17247;1379;budget app;2025-05-21
17248;945;note taking;2025-06-07
17249;861;photo editor;2025-02-08
17250;307;puzzle games;2025-05-11
17251;449;free games;2025-05-12
17252;1372;job search;2025-05-19
17253;1059;crypto tracker;2025-05-01
17254;927;travel planner;2025-05-19
17255;1042;task manager;2025-02-09
17256;525;chat app;2025-04-27
17257;714;puzzle games;2025-04-14
17258;1088;language learning;2025-05-18
17259;1407;video editor;2025-02-15
17260;916;note taking;2025-05-09
17261;384;weather app;2025-01-04
17262;1788;budget app;2025-05-26
17263;1461;meditation app;2025-01-17
17264;1842;recipe app;2025-03-07
17265;1000;recipe app;2025-06-01
17266;727;free games;2025-01-30
17267;1664;chat app;2025-02-25
17268;788;meditation app;2025-02-08
17269;1489;photo editor;2025-01-17
17270;1711;recipe app;2025-04-08
17271;914;task manager;2025-01-17
17272;568;free games;2025-05-18
17273;327;grocery list;2025-02-16
17274;1941;crypto tracker;2025-04-14
17275;632;puzzle games;2025-06-14
17276;1700;learn english;2025-06-14
17277;492;meditation app;2025-01-21
17278;861;recipe app;2025-01-15
17279;1164;note taking;2025-06-21
17280;1311;fitness tracker;2025-06-19
17281;1660;chat app;2025-06-19
17282;217;vpn;2025-05-26
17283;837;weather app;2025-05-01
17284;1104;photo editor;2025-02-27
17285;242;puzzle games;2025-01-17
17286;747;learn english;2025-05-12
17287;1490;photo editor;2025-03-03
17288;781;travel planner;2025-01-06
17289;54;note taking;2025-04-23
17290;1217;budget app;2025-03-19
17291;886;crypto tracker;2025-03-14
17292;1226;note taking;2025-01-16
17293;1577;vpn;2025-06-24
17294;1650;grocery list;2025-01-17
17295;673;learn english;2025-06-04
17296;1558;weather app;2025-06-07
17297;523;music player;2025-05-07
17298;1147;travel planner;2025-01-24
17299;1773;photo editor;2025-06-09
17300;1405;fitness tracker;2025-04-22
17301;1618;grocery list;2025-06-02
17302;112;free games;2025-06-09
17303;1026;video editor;2025-06-23
17304;103;video editor;2025-05-14
17305;149;crypto tracker;2025-03-20
17306;1762;photo editor;2025-04-20
17307;1836;video editor;2025-04-10
17308;197;learn english;2025-05-03
17309;1555;meditation app;2025-06-25
17310;312;puzzle games;2025-03-13
17311;335;free games;2025-04-15
17312;1820;job search;2025-01-13
17313;1141;free games;2025-03-29
17314;1517;task manager;2025-03-30
17315;1136;music player;2025-03-13
17316;1390;free games;2025-03-07
17317;1277;job search;2025-05-05
17318;1458;travel planner;2025-06-29
17319;661;job search;2025-02-15
17320;584;free games;2025-01-09
17321;473;budget app;2025-02-20
17322;172;vpn;2025-01-17
17323;1529;task manager;2025-04-16
17324;190;meditation app;2025-03-30
17325;1208;grocery list;2025-06-05
17326;892;fitness tracker;2025-02-08
17327;1406;crypto tracker;2025-06-06
17328;623;meditation app;2025-04-18
17329;541;learn english;2025-06-06
17330;554;travel planner;2025-03-30
17331;1770;task manager;2025-02-24
17332;371;vpn;2025-01-20
17333;1227;travel planner;2025-01-10
17334;170;free games;2025-02-04
17335;1764;language learning;2025-03-01
17336;435;note taking;2025-06-09
17337;1711;music player;2025-02-07
17338;908;job search;2025-06-28
17339;1557;job search;2025-01-15
17340;1089;recipe app;2025-05-28
17341;627;fitness tracker;2025-04-19
17342;1037;fitness tracker;2025-03-02
17343;1264;vpn;2025-04-05
17344;541;chat app;2025-06-27
17345;570;note taking;2025-05-18
17346;1614;fitness tracker;2025-01-24
17347;494;task manager;2025-06-12
17348;9;learn english;2025-01-31
17349;642;recipe app;2025-05-03
17350;831;puzzle games;2025-03-12
17351;1595;learn english;2025-06-22
17352;1978;vpn;2025-01-27
17353;432;puzzle games;2025-05-20
17354;1563;vpn;2025-04-05
17355;1651;weather app;2025-02-10
17356;1855;chat app;2025-05-01
17357;741;free games;2025-05-10
17358;1553;chat app;2025-06-06
17359;1014;weather app;2025-01-31
17360;948;recipe app;2025-02-12
17361;1671;recipe app;2025-02-08
17362;1396;weather app;2025-02-07
17363;571;weather app;2025-03-06
17364;1431;music player;2025-01-25
17365;1513;chat app;2025-05-26
17366;716;job search;2025-05-28
17367;1815;video editor;2025-03-25
17368;1932;video editor;2025-02-12
17369;1130;free games;2025-05-06
17370;405;weather app;2025-04-06
17371;39;free games;2025-04-18
17372;1453;note taking;2025-06-26
17373;668;recipe app;2025-05-14
17374;91;crypto tracker;2025-05-13
17375;350;puzzle games;2025-03-16
17376;86;job search;2025-06-23
17377;1109;fitness tracker;2025-05-13
17378;777;fitness tracker;2025-04-04
17379;1505;vpn;2025-05-14
17380;903;fitness tracker;2025-05-28
17381;388;meditation app;2025-01-06
17382;1570;video editor;2025-02-10
17383;1291;vpn;2025-05-10
17384;1950;meditation app;2025-02-25
17385;780;free games;2025-05-15
17386;124;vpn;2025-04-01
17387;1103;music player;2025-06-23
17388;279;video editor;2025-02-06
17389;1548;chat app;2025-06-30
17390;1361;photo editor;2025-04-15
17391;943;vpn;2025-01-06
17392;131;photo editor;2025-04-05
17393;406;music player;2025-06-12
17394;1928;meditation app;2025-01-07
17395;1589;chat app;2025-03-18
17396;1571;learn english;2025-03-15
17397;1920;meditation app;2025-05-03
17398;1895;recipe app;2025-04-08
17399;1744;grocery list;2025-05-11
17400;1427;video editor;2025-02-24
17401;1508;job search;2025-01-23
17402;485;meditation app;2025-06-01
17403;1204;grocery list;2025-05-01
17404;17;task manager;2025-01-08
17405;1765;recipe app;2025-03-05
17406;1037;fitness tracker;2025-05-19
17407;1915;travel planner;2025-05-21
17408;1513;photo editor;2025-02-15
17409;1443;music player;2025-06-17
17410;1604;weather app;2025-06-18
17411;1780;puzzle games;2025-04-10
17412;1641;recipe app;2025-04-26
17413;1409;vpn;2025-02-19
17414;1556;job search;2025-04-10
17415;553;crypto tracker;2025-03-27
17416;234;fitness tracker;2025-06-10
17417;672;language learning;2025-02-09
17418;1924;fitness tracker;2025-02-09
17419;25;grocery list;2025-06-18
17420;421;note taking;2025-04-15
17421;1703;note taking;2025-06-23
17422;551;music player;2025-05-31
17423;1159;language learning;2025-02-01
17424;430;task manager;2025-01-15
17425;917;photo editor;2025-05-24
17426;1389;language learning;2025-01-12
17427;1876;video editor;2025-05-26
17428;1214;chat app;2025-06-04
17429;1227;note taking;2025-03-29
17430;153;budget app;2025-04-09
17431;1348;task manager;2025-02-21
17432;1063;music player;2025-06-07
17433;289;photo editor;2025-04-08
17434;299;travel planner;2025-05-13
17435;1497;language learning;2025-01-04
17436;627;fitness tracker;2025-05-05
17437;1039;vpn;2025-06-29
17438;1015;learn english;2025-01-15
17439;503;video editor;2025-06-16
17440;391;free games;2025-04-03
17441;772;puzzle games;2025-03-27
17442;1334;video editor;2025-02-15
17443;648;budget app;2025-06-25
17444;1191;language learning;2025-06-07
17445;615;photo editor;2025-02-05
17446;439;recipe app;2025-02-13
17447;1121;task manager;2025-05-20
17448;1259;travel planner;2025-06-22
17449;1626;free games;2025-06-23
17450;1979;grocery list;2025-05-12
17451;1556;task manager;2025-04-09
17452;1562;free games;2025-05-15
17453;141;photo editor;2025-01-01
17454;943;learn english;2025-03-14
17455;1221;fitness tracker;2025-02-22
17456;1442;language learning;2025-01-07
17457;501;video editor;2025-05-11
17458;61;task manager;2025-06-16
17459;684;grocery list;2025-06-19
17460;1036;crypto tracker;2025-03-08
17461;1602;note taking;2025-02-23
17462;1643;job search;2025-02-04
17463;1597;learn english;2025-02-20
17464;356;video editor;2025-05-07
17465;1016;video editor;2025-02-24
17466;1770;grocery list;2025-02-27
17467;1589;photo editor;2025-05-31
17468;156;task manager;2025-01-15
17469;1641;crypto tracker;2025-03-01
17470;1050;crypto tracker;2025-06-28
17471;493;budget app;2025-06-01
17472;961;travel planner;2025-05-05
17473;675;language learning;2025-05-12
17474;1467;note taking;2025-02-15
17475;241;grocery list;2025-02-01
17476;1139;budget app;2025-01-17
17477;1661;task manager;2025-05-01
17478;572;meditation app;2025-02-12
17479;1226;photo editor;2025-06-27
17480;1825;weather app;2025-01-27
17481;252;fitness tracker;2025-04-09
17482;731;puzzle games;2025-06-27
17483;903;crypto tracker;2025-04-10
17484;16;chat app;2025-01-15
17485;269;chat app;2025-01-28
17486;273;photo editor;2025-05-06
17487;1081;learn english;2025-04-25
17488;1611;free games;2025-03-20
17489;364;weather app;2025-02-05
17490;1012;recipe app;2025-05-15
17491;1116;grocery list;2025-01-24
17492;1788;photo editor;2025-05-17
17493;651;puzzle games;2025-02-12
17494;50;video editor;2025-02-25
17495;50;note taking;2025-01-30
17496;781;vpn;2025-02-03
17497;1773;meditation app;2025-02-12
17498;1796;language learning;2025-01-23
17499;1134;travel planner;2025-01-27
17500;20;travel planner;2025-03-30
17501;462;learn english;2025-01-11
17502;39;photo editor;2025-04-28
17503;1233;fitness tracker;2025-03-24
17504;132;weather app;2025-04-12
17505;1777;fitness tracker;2025-02-09
17506;400;grocery list;2025-06-16
17507;37;photo editor;2025-02-25
17508;1357;meditation app;2025-01-09
17509;362;free games;2025-05-25
17510;1337;grocery list;2025-01-24
17511;1706;puzzle games;2025-03-21
17512;11;photo editor;2025-03-12
17513;795;puzzle games;2025-04-10
17514;169;weather app;2025-04-14
17515;74;meditation app;2025-05-07
17516;293;job search;2025-02-10
17517;75;crypto tracker;2025-04-04
17518;100;travel planner;2025-05-22
17519;15;video editor;2025-02-22
17520;1413;vpn;2025-02-28
17521;494;chat app;2025-04-03
17522;56;learn english;2025-04-13
17523;1455;fitness tracker;2025-04-18
17524;271;recipe app;2025-01-18
17525;74;crypto tracker;2025-05-28
17526;558;language learning;2025-01-31
17527;994;weather app;2025-01-10
17528;1800;vpn;2025-06-20
17529;153;recipe app;2025-01-26
17530;424;weather app;2025-06-18
17531;258;free games;2025-06-01
17532;811;meditation app;2025-02-21
17533;113;travel planner;2025-02-08
17534;601;free games;2025-05-03
17535;634;photo editor;2025-06-13
17536;1726;chat app;2025-03-28
17537;1162;video editor;2025-04-17
17538;692;weather app;2025-03-02
17539;1154;budget app;2025-02-26
17540;1629;language learning;2025-02-27
17541;1354;task manager;2025-04-03
17542;985;note taking;2025-02-21
17543;454;puzzle games;2025-01-26
17544;1205;recipe app;2025-05-10
17545;40;free games;2025-01-08
17546;1629;grocery list;2025-03-18
17547;209;language learning;2025-02-06
17548;1397;language learning;2025-05-05
17549;739;budget app;2025-01-24
17550;1461;crypto tracker;2025-04-21
17551;1064;weather app;2025-06-15
17552;249;note taking;2025-04-11
17553;743;free games;2025-01-05
17554;462;travel planner;2025-03-07
17555;1574;vpn;2025-04-03
17556;1047;crypto tracker;2025-04-10
17557;1762;crypto tracker;2025-06-14
17558;331;budget app;2025-01-26
17559;1029;learn english;2025-06-15
17560;1874;puzzle games;2025-01-06
17561;288;chat app;2025-02-13
17562;5;learn english;2025-04-07
17563;713;learn english;2025-06-03
17564;1070;grocery list;2025-06-04
17565;15;language learning;2025-01-05
17566;1727;puzzle games;2025-01-29
17567;1745;job search;2025-03-31
17568;67;meditation app;2025-03-29
17569;246;travel planner;2025-02-11
17570;799;meditation app;2025-05-02
17571;1299;vpn;2025-01-06
17572;575;language learning;2025-01-25
17573;1814;language learning;2025-06-15
17574;327;music player;2025-06-22
17575;1306;task manager;2025-06-10
17576;1938;crypto tracker;2025-02-20
17577;1502;puzzle games;2025-06-22
17578;884;vpn;2025-04-19
17579;1102;grocery list;2025-06-13
17580;1023;fitness tracker;2025-01-03
17581;292;free games;2025-03-07
17582;1732;grocery list;2025-05-05
17583;165;free games;2025-02-28
17584;786;recipe app;2025-02-28
17585;583;job search;2025-04-07
17586;1541;crypto tracker;2025-01-23
17587;518;crypto tracker;2025-02-06
17588;1480;job search;2025-01-30
17589;1406;travel planner;2025-04-23
17590;1921;crypto tracker;2025-03-28
17591;447;photo editor;2025-03-17
17592;745;travel planner;2025-04-05
17593;728;free games;2025-05-24
17594;1969;budget app;2025-01-13
17595;298;puzzle games;2025-01-05
17596;874;travel planner;2025-03-31
17597;625;job search;2025-02-20
17598;1995;recipe app;2025-04-19
17599;1867;note taking;2025-02-04
17600;1662;meditation app;2025-06-26
17601;285;travel planner;2025-03-07
17602;417;video editor;2025-06-11
17603;191;budget app;2025-06-06
17604;51;travel planner;2025-05-14
17605;1926;fitness tracker;2025-03-08
17606;663;budget app;2025-06-15
17607;1069;learn english;2025-03-09
17608;1454;video editor;2025-06-20
17609;609;meditation app;2025-01-11
17610;309;chat app;2025-04-18
17611;13;meditation app;2025-03-17
17612;231;job search;2025-01-16
17613;1607;video editor;2025-01-04
17614;343;fitness tracker;2025-04-03
17615;348;recipe app;2025-03-24
17616;1860;chat app;2025-06-19
17617;1349;photo editor;2025-02-18
17618;522;photo editor;2025-04-26
17619;863;fitness tracker;2025-02-17
17620;1119;free games;2025-05-28
17621;710;crypto tracker;2025-01-18
17622;1008;vpn;2025-03-10
17623;1391;budget app;2025-01-25
17624;796;weather app;2025-04-25
17625;1258;budget app;2025-03-31
17626;1580;grocery list;2025-03-10
17627;1136;fitness tracker;2025-05-22
17628;233;meditation app;2025-02-18
17629;1257;chat app;2025-02-24
17630;1547;puzzle games;2025-04-14
17631;1267;learn english;2025-01-07
17632;1559;grocery list;2025-02-11
17633;1642;travel planner;2025-04-19
17634;1335;vpn;2025-04-22
17635;1951;learn english;2025-02-04
17636;1664;budget app;2025-04-08
17637;584;language learning;2025-03-13
17638;1477;video editor;2025-05-03
17639;771;note taking;2025-04-29
17640;1137;vpn;2025-04-08
17641;348;recipe app;2025-01-13
17642;1137;note taking;2025-04-01
17643;119;photo editor;2025-06-16
17644;1776;crypto tracker;2025-03-05
17645;1627;travel planner;2025-05-29
17646;1157;music player;2025-04-02
17647;960;free games;2025-05-29
17648;1186;fitness tracker;2025-05-12
17649;885;learn english;2025-01-03
17650;296;task manager;2025-03-30
17651;1288;recipe app;2025-01-28
17652;514;weather app;2025-05-16
17653;1385;music player;2025-03-24
17654;1400;recipe app;2025-02-06
17655;23;weather app;2025-02-17
17656;1923;grocery list;2025-04-15
17657;691;travel planner;2025-01-31
17658;1100;learn english;2025-05-25
17659;1622;task manager;2025-01-10
17660;1596;vpn;2025-02-17
17661;1086;chat app;2025-06-04
17662;1580;budget app;2025-03-28
17663;399;free games;2025-04-21
17664;1002;weather app;2025-01-04
17665;1504;grocery list;2025-02-27
17666;1663;budget app;2025-02-28
17667;1152;task manager;2025-03-16
17668;39;learn english;2025-04-21
17669;1306;job search;2025-04-29
17670;1622;language learning;2025-06-01
17671;292;photo editor;2025-05-29
17672;1772;learn english;2025-01-05
17673;673;free games;2025-05-06
17674;1805;learn english;2025-05-29
17675;939;budget app;2025-06-04
17676;725;job search;2025-03-17
17677;1990;crypto tracker;2025-03-31
17678;1918;note taking;2025-01-07
17679;1741;video editor;2025-06-01
17680;1933;learn english;2025-03-21
17681;507;task manager;2025-04-27
17682;1636;video editor;2025-05-01
17683;425;grocery list;2025-06-14
17684;626;weather app;2025-01-30
17685;1581;recipe app;2025-04-06
17686;847;job search;2025-04-19
17687;1246;recipe app;2025-06-03
17688;1874;meditation app;2025-06-09
17689;335;travel planner;2025-04-07
17690;369;video editor;2025-02-28
17691;337;job search;2025-02-25
17692;343;note taking;2025-02-28
17693;1002;budget app;2025-02-18
17694;1386;puzzle games;2025-01-21
17695;1170;budget app;2025-03-25
17696;838;language learning;2025-03-24
17697;1400;learn english;2025-03-09
17698;129;weather app;2025-03-20
17699;392;free games;2025-04-25
17700;814;task manager;2025-06-16
17701;1753;weather app;2025-02-08
17702;1945;travel planner;2025-05-10
17703;910;language learning;2025-06-27
17704;1121;photo editor;2025-06-14
17705;1297;video editor;2025-01-09
17706;1910;vpn;2025-06-10
17707;178;travel planner;2025-01-27
17708;965;free games;2025-02-10
17709;1395;note taking;2025-02-17
17710;1773;weather app;2025-04-20
17711;1535;weather app;2025-04-24
17712;513;chat app;2025-04-29
17713;511;grocery list;2025-01-12
17714;138;chat app;2025-01-20
17715;1077;note taking;2025-02-19
17716;589;photo editor;2025-02-18
17717;706;job search;2025-01-31
17718;1649;video editor;2025-05-24
17719;293;video editor;2025-02-01
17720;134;learn english;2025-03-15
17721;945;language learning;2025-02-13
17722;52;meditation app;2025-02-22
17723;523;meditation app;2025-05-18
17724;987;weather app;2025-03-30
17725;640;learn english;2025-03-13
17726;1690;recipe app;2025-03-31
17727;1626;video editor;2025-03-20
17728;926;chat app;2025-01-17
17729;1336;learn english;2025-04-12
17730;1049;grocery list;2025-03-25
17731;1214;fitness tracker;2025-04-14
17732;825;weather app;2025-05-02
17733;1305;free games;2025-01-04
17734;1118;task manager;2025-06-04
17735;550;weather app;2025-05-21
17736;399;budget app;2025-02-01
17737;611;grocery list;2025-06-20
17738;750;job search;2025-05-10
17739;1507;learn english;2025-04-14
17740;765;video editor;2025-01-03
17741;1064;task manager;2025-01-13
17742;1823;note taking;2025-01-18
17743;1041;puzzle games;2025-01-10
17744;1539;music player;2025-03-14
17745;583;language learning;2025-02-17
17746;1139;task manager;2025-02-13
17747;886;photo editor;2025-04-30
17748;421;note taking;2025-06-27
17749;774;budget app;2025-05-20
17750;937;chat app;2025-04-22
17751;1710;chat app;2025-01-21
17752;537;travel planner;2025-02-19
17753;1413;photo editor;2025-05-13
17754;175;chat app;2025-04-26
17755;1866;music player;2025-02-08
17756;1208;chat app;2025-05-14
17757;1525;free games;2025-03-20
17758;696;free games;2025-06-16
17759;470;free games;2025-06-14
17760;1075;weather app;2025-03-12
17761;1163;learn english;2025-06-17
17762;166;language learning;2025-03-15
17763;1004;video editor;2025-03-07
17764;1190;fitness tracker;2025-05-03
17765;405;grocery list;2025-06-26
17766;1995;video editor;2025-05-23
17767;1659;learn english;2025-02-22
17768;1798;weather app;2025-05-02
17769;1330;music player;2025-06-28
17770;331;job search;2025-06-28
17771;1600;grocery list;2025-01-27
17772;1144;photo editor;2025-04-04
17773;708;chat app;2025-06-18
17774;1188;fitness tracker;2025-04-04
17775;1410;task manager;2025-05-17
17776;511;budget app;2025-02-14
17777;181;chat app;2025-04-12
17778;997;photo editor;2025-04-15
17779;106;weather app;2025-03-04
17780;1032;crypto tracker;2025-01-19
17781;1872;job search;2025-05-14
17782;932;language learning;2025-01-04
17783;317;task manager;2025-05-07
17784;635;puzzle games;2025-01-04
17785;967;fitness tracker;2025-04-16
17786;1871;note taking;2025-05-16
17787;1043;photo editor;2025-01-01
17788;694;free games;2025-03-05
17789;1204;photo editor;2025-04-17
17790;985;grocery list;2025-01-20
17791;356;task manager;2025-05-11
17792;1371;weather app;2025-04-24
17793;1249;weather app;2025-06-04
17794;1328;grocery list;2025-03-26
17795;1855;travel planner;2025-02-27
17796;1929;budget app;2025-05-23
17797;1829;music player;2025-02-17
17798;1613;meditation app;2025-06-15
17799;1956;task manager;2025-01-25
17800;561;video editor;2025-05-27
17801;714;weather app;2025-06-01
17802;649;weather app;2025-04-18
17803;1209;task manager;2025-02-08
17804;498;fitness tracker;2025-01-11
17805;899;fitness tracker;2025-06-11
17806;616;task manager;2025-04-17
17807;204;photo editor;2025-03-29
17808;885;fitness tracker;2025-03-01
17809;107;language learning;2025-05-08
17810;1132;free games;2025-01-17
17811;1391;travel planner;2025-03-13
17812;790;job search;2025-01-10
17813;174;note taking;2025-06-30
17814;159;music player;2025-05-24
17815;1818;free games;2025-03-07
17816;604;meditation app;2025-01-27
17817;1817;fitness tracker;2025-01-10
17818;1151;chat app;2025-04-18
17819;263;crypto tracker;2025-05-21
17820;915;crypto tracker;2025-05-09
17821;676;language learning;2025-02-17
17822;439;meditation app;2025-05-20
17823;1325;grocery list;2025-04-19
17824;1439;photo editor;2025-05-03
17825;1898;weather app;2025-02-03
17826;1634;meditation app;2025-04-28
17827;1985;video editor;2025-01-07
17828;1441;video editor;2025-02-18
17829;1252;recipe app;2025-06-13
17830;136;weather app;2025-04-15
17831;1142;travel planner;2025-05-30
17832;101;video editor;2025-04-03
17833;1583;job search;2025-03-16
17834;153;video editor;2025-06-01
17835;1124;note taking;2025-06-14
17836;450;video editor;2025-04-14
17837;1908;weather app;2025-06-22
17838;506;job search;2025-04-06
17839;853;photo editor;2025-05-10
17840;558;vpn;2025-02-26
17841;702;job search;2025-04-26
17842;987;job search;2025-05-15
17843;742;travel planner;2025-02-05
17844;1410;puzzle games;2025-03-12
17845;1976;recipe app;2025-05-10
17846;479;video editor;2025-01-19
17847;1098;task manager;2025-06-28
17848;393;meditation app;2025-03-16
17849;640;grocery list;2025-05-25
17850;1852;fitness tracker;2025-02-18
17851;1554;puzzle games;2025-04-07
17852;77;crypto tracker;2025-02-03
17853;551;note taking;2025-03-25
17854;9;fitness tracker;2025-03-31
17855;1706;language learning;2025-05-08
17856;1312;budget app;2025-02-09
17857;247;job search;2025-05-13
17858;355;puzzle games;2025-03-27
17859;1617;travel planner;2025-05-23
17860;1120;photo editor;2025-04-12
17861;1555;learn english;2025-01-01
17862;1972;weather app;2025-04-23
17863;1477;video editor;2025-02-23
17864;1565;fitness tracker;2025-05-31
17865;598;free games;2025-02-27
17866;1709;task manager;2025-01-08
17867;623;chat app;2025-05-06
17868;524;photo editor;2025-06-10
17869;322;video editor;2025-06-06
17870;1827;grocery list;2025-01-03
17871;1050;language learning;2025-03-23
17872;654;learn english;2025-01-04
17873;1074;video editor;2025-01-27
17874;1259;travel planner;2025-04-29
17875;1880;free games;2025-05-07
17876;1737;task manager;2025-02-22
17877;1280;chat app;2025-06-23
17878;164;weather app;2025-02-02
17879;1275;crypto tracker;2025-01-09
17880;341;job search;2025-04-04
17881;1205;crypto tracker;2025-02-16
17882;736;budget app;2025-01-17
17883;1818;language learning;2025-04-06
17884;919;vpn;2025-04-04
17885;655;job search;2025-03-19
17886;1068;language learning;2025-02-24
17887;1300;music player;2025-05-23
17888;146;free games;2025-06-25
17889;1857;job search;2025-06-21
17890;1533;free games;2025-03-29
17891;808;budget app;2025-03-28
17892;645;job search;2025-02-23
17893;1072;crypto tracker;2025-01-30
17894;105;travel planner;2025-04-14
17895;14;free games;2025-04-21
17896;1901;language learning;2025-01-30
17897;836;photo editor;2025-06-18
17898;703;chat app;2025-01-21
17899;903;language learning;2025-04-14
17900;43;fitness tracker;2025-03-17
17901;598;vpn;2025-04-07
17902;1231;meditation app;2025-06-29
17903;1209;photo editor;2025-05-11
17904;174;crypto tracker;2025-02-24
17905;472;language learning;2025-06-08
17906;1998;meditation app;2025-03-26
17907;939;recipe app;2025-04-03
17908;539;language learning;2025-01-05
17909;788;grocery list;2025-02-18
17910;550;fitness tracker;2025-04-17
17911;44;vpn;2025-02-19
17912;483;task manager;2025-05-20
17913;323;crypto tracker;2025-06-05
17914;1443;travel planner;2025-04-22
17915;1206;language learning;2025-04-07
17916;1487;budget app;2025-05-20
17917;1443;learn english;2025-05-12
17918;955;recipe app;2025-05-13
17919;1139;budget app;2025-03-15
17920;222;crypto tracker;2025-06-13
17921;41;chat app;2025-04-18
17922;457;crypto tracker;2025-05-15
17923;912;note taking;2025-03-27
17924;216;music player;2025-04-10
17925;248;travel planner;2025-03-03
17926;1775;meditation app;2025-06-06
17927;116;fitness tracker;2025-02-10
17928;1342;puzzle games;2025-02-23
17929;1801;free games;2025-06-03
17930;1325;crypto tracker;2025-03-17
17931;442;photo editor;2025-06-25
17932;335;photo editor;2025-02-20
17933;563;recipe app;2025-03-26
17934;1703;meditation app;2025-06-05
17935;1251;puzzle games;2025-01-08
17936;1884;budget app;2025-05-02
17937;380;recipe app;2025-04-13
17938;794;grocery list;2025-05-05
17939;269;weather app;2025-01-15
17940;782;chat app;2025-04-18
17941;714;meditation app;2025-05-15
17942;1998;chat app;2025-04-24
17943;1430;photo editor;2025-06-15
17944;1395;vpn;2025-01-28
17945;1977;budget app;2025-03-14
17946;203;weather app;2025-04-13
17947;995;meditation app;2025-05-04
17948;1955;language learning;2025-05-05
17949;1242;vpn;2025-05-29
17950;1345;chat app;2025-02-02
17951;1474;music player;2025-03-11
17952;1783;puzzle games;2025-04-09
17953;982;chat app;2025-04-30
17954;163;travel planner;2025-04-18
17955;966;recipe app;2025-03-26
17956;1597;meditation app;2025-05-30
17957;243;music player;2025-01-08
17958;1716;puzzle games;2025-03-20
17959;686;note taking;2025-06-21
17960;49;fitness tracker;2025-05-18
17961;1444;puzzle games;2025-06-26
17962;569;crypto tracker;2025-02-22
17963;1147;task manager;2025-02-05
17964;773;travel planner;2025-04-25
17965;827;travel planner;2025-03-13
17966;1958;learn english;2025-03-02
17967;1383;language learning;2025-04-10
17968;998;note taking;2025-05-20
17969;1067;video editor;2025-05-10
17970;1238;travel planner;2025-04-11
17971;1234;free games;2025-05-13
17972;1569;job search;2025-05-13
17973;869;weather app;2025-05-25
17974;1870;photo editor;2025-03-18
17975;251;grocery list;2025-06-27
17976;491;recipe app;2025-05-30
17977;79;puzzle games;2025-03-15
17978;1250;budget app;2025-06-25
17979;577;crypto tracker;2025-03-08
17980;956;note taking;2025-02-17
17981;939;budget app;2025-04-26
17982;283;vpn;2025-03-18
17983;559;recipe app;2025-02-08
17984;984;grocery list;2025-04-16
17985;131;budget app;2025-06-04
17986;685;note taking;2025-04-28
17987;1695;fitness tracker;2025-05-21
17988;974;note taking;2025-01-15
17989;935;recipe app;2025-01-24
17990;1787;puzzle games;2025-03-04
17991;1252;learn english;2025-03-06
17992;782;free games;2025-03-03
17993;920;grocery list;2025-02-13
17994;1145;free games;2025-02-28
17995;644;video editor;2025-05-14
17996;1945;puzzle games;2025-06-05
17997;1412;learn english;2025-06-23
17998;1852;free games;2025-05-24
17999;1336;vpn;2025-05-17
18000;1014;job search;2025-04-28
18001;1;job search;2025-04-02
18002;61;learn english;2025-02-18
18003;1180;puzzle games;2025-02-25
18004;1717;puzzle games;2025-06-10
18005;356;recipe app;2025-04-11
18006;1984;meditation app;2025-06-06
18007;1906;job search;2025-06-27
18008;1581;crypto tracker;2025-06-23
18009;1659;language learning;2025-03-04
18010;189;job search;2025-05-04
18011;138;task manager;2025-04-14
18012;372;video editor;2025-04-15
18013;1498;meditation app;2025-05-16
18014;843;photo editor;2025-04-14
18015;1848;weather app;2025-02-27
18016;1568;grocery list;2025-04-11
18017;426;grocery list;2025-01-31
18018;496;free games;2025-02-20
18019;292;video editor;2025-02-03
18020;621;puzzle games;2025-05-13
18021;863;crypto tracker;2025-01-07
18022;1250;note taking;2025-04-14
18023;813;vpn;2025-03-12
18024;1162;job search;2025-04-26
18025;63;recipe app;2025-02-27
18026;808;crypto tracker;2025-03-10
18027;1974;weather app;2025-03-07
18028;1978;travel planner;2025-06-16
18029;690;crypto tracker;2025-01-27
18030;271;learn english;2025-06-17
18031;953;language learning;2025-02-13
18032;100;grocery list;2025-06-16
18033;65;photo editor;2025-06-29
18034;362;task manager;2025-06-07
18035;512;note taking;2025-05-10
18036;335;grocery list;2025-01-03
18037;1879;free games;2025-06-22
18038;1207;fitness tracker;2025-01-05
18039;728;weather app;2025-04-09
18040;659;free games;2025-03-15
18041;1297;vpn;2025-04-13
18042;1075;video editor;2025-06-08
18043;858;puzzle games;2025-01-11
18044;79;photo editor;2025-06-03
18045;347;chat app;2025-02-18
18046;184;recipe app;2025-02-04
18047;1651;crypto tracker;2025-01-04
18048;1945;note taking;2025-02-01
18049;1901;recipe app;2025-06-13
18050;935;recipe app;2025-05-12
18051;1413;note taking;2025-06-27
18052;1642;music player;2025-04-29
18053;867;task manager;2025-04-17
18054;1999;photo editor;2025-06-16
18055;1661;fitness tracker;2025-05-03
18056;920;travel planner;2025-02-20
18057;1648;weather app;2025-02-27
18058;490;recipe app;2025-04-22
18059;1923;puzzle games;2025-03-21
18060;1853;music player;2025-01-06
18061;192;grocery list;2025-03-10
18062;526;recipe app;2025-04-25
18063;807;language learning;2025-01-22
18064;849;fitness tracker;2025-05-28
18065;1723;vpn;2025-01-14
18066;1498;video editor;2025-03-14
18067;134;free games;2025-02-24
18068;160;grocery list;2025-03-20
18069;130;job search;2025-03-04
18070;1369;fitness tracker;2025-06-13
18071;836;vpn;2025-02-05
18072;435;note taking;2025-06-12
18073;877;vpn;2025-06-29
18074;1830;vpn;2025-03-14
18075;880;photo editor;2025-02-02
18076;1676;budget app;2025-02-26
18077;1559;grocery list;2025-03-13
18078;1511;video editor;2025-04-27
18079;1384;fitness tracker;2025-04-22
18080;534;crypto tracker;2025-06-22
18081;107;photo editor;2025-06-04
18082;1933;task manager;2025-06-08
18083;355;task manager;2025-06-04
18084;235;crypto tracker;2025-06-23
18085;431;recipe app;2025-02-24
18086;696;note taking;2025-02-16
18087;703;video editor;2025-02-02
18088;1699;grocery list;2025-06-21
18089;1769;video editor;2025-06-15
18090;5;job search;2025-06-27
18091;1047;photo editor;2025-03-05
18092;1602;task manager;2025-03-14
18093;1985;meditation app;2025-03-27
18094;1735;photo editor;2025-03-04
18095;1514;note taking;2025-01-12
18096;949;note taking;2025-06-08
18097;181;task manager;2025-03-23
18098;38;vpn;2025-06-28
18099;1796;grocery list;2025-02-05
18100;1372;note taking;2025-01-14
18101;1553;vpn;2025-06-21
18102;1913;recipe app;2025-03-10
18103;856;vpn;2025-01-20
18104;269;budget app;2025-04-13
18105;1264;free games;2025-06-19
18106;1285;video editor;2025-01-28
18107;197;puzzle games;2025-03-31
18108;1580;travel planner;2025-04-27
18109;448;meditation app;2025-02-09
18110;673;weather app;2025-01-01
18111;476;learn english;2025-03-22
18112;1096;note taking;2025-04-07
18113;634;weather app;2025-06-02
18114;1603;note taking;2025-03-11
18115;1827;music player;2025-05-21
18116;34;recipe app;2025-03-07
18117;1378;free games;2025-01-16
18118;1197;fitness tracker;2025-02-23
18119;221;travel planner;2025-04-01
18120;1914;budget app;2025-05-01
18121;1148;job search;2025-03-04
18122;31;recipe app;2025-06-25
18123;387;travel planner;2025-01-07
18124;1740;budget app;2025-03-03
18125;1555;note taking;2025-06-12
18126;1498;chat app;2025-02-17
18127;1528;puzzle games;2025-02-10
18128;1803;language learning;2025-02-06
18129;52;recipe app;2025-06-24
18130;747;vpn;2025-06-30
18131;710;language learning;2025-02-07
18132;1819;task manager;2025-03-19
18133;1244;job search;2025-04-06
18134;788;vpn;2025-04-24
18135;1119;weather app;2025-02-28
18136;1218;weather app;2025-06-04
18137;1189;crypto tracker;2025-02-23
18138;147;free games;2025-05-29
18139;1397;vpn;2025-01-21
18140;1989;grocery list;2025-05-10
18141;1042;vpn;2025-04-24
18142;1121;meditation app;2025-05-16
18143;1887;fitness tracker;2025-05-16
18144;1926;free games;2025-06-23
18145;1734;travel planner;2025-03-29
18146;988;fitness tracker;2025-05-11
18147;497;puzzle games;2025-04-25
18148;1062;chat app;2025-01-04
18149;1397;photo editor;2025-05-24
18150;1234;grocery list;2025-04-21
18151;1667;vpn;2025-06-11
18152;1318;travel planner;2025-06-24
18153;1071;crypto tracker;2025-04-14
18154;1549;free games;2025-04-26
18155;1544;crypto tracker;2025-03-29
18156;1780;video editor;2025-02-10
18157;1371;recipe app;2025-06-23
18158;1529;language learning;2025-06-13
18159;958;free games;2025-02-23
18160;1869;fitness tracker;2025-04-25
18161;204;grocery list;2025-06-13
18162;1040;meditation app;2025-04-02
18163;1066;meditation app;2025-03-26
18164;110;travel planner;2025-05-22
18165;1784;budget app;2025-06-20
18166;271;budget app;2025-05-05
18167;700;music player;2025-01-12
18168;517;language learning;2025-05-30
18169;1867;budget app;2025-04-29
18170;589;chat app;2025-05-29
18171;43;language learning;2025-03-08
18172;1884;grocery list;2025-03-06
18173;984;job search;2025-02-18
18174;1258;fitness tracker;2025-01-11
18175;306;crypto tracker;2025-06-11
18176;1627;note taking;2025-03-10
18177;27;job search;2025-03-02
18178;1302;learn english;2025-05-27
18179;991;photo editor;2025-05-19
18180;1337;puzzle games;2025-06-22
18181;1;learn english;2025-01-18
18182;371;budget app;2025-02-20
18183;1551;language learning;2025-05-06
18184;1864;fitness tracker;2025-06-06
18185;1395;photo editor;2025-04-12
18186;1267;note taking;2025-02-02
18187;1830;video editor;2025-01-22
18188;1308;language learning;2025-04-17
18189;1357;video editor;2025-03-12
18190;991;photo editor;2025-01-08
18191;1001;travel planner;2025-02-26
18192;710;fitness tracker;2025-04-24
18193;700;video editor;2025-04-04
18194;277;free games;2025-05-20
18195;508;learn english;2025-06-25
18196;1846;chat app;2025-01-03
18197;1335;free games;2025-01-20
18198;1509;language learning;2025-01-21
18199;1302;task manager;2025-02-26
18200;366;photo editor;2025-03-26
18201;325;travel planner;2025-01-12
18202;122;job search;2025-03-17
18203;143;language learning;2025-04-07
18204;1457;note taking;2025-02-23
18205;1945;budget app;2025-05-21
18206;774;free games;2025-03-17
18207;304;grocery list;2025-06-19
18208;482;learn english;2025-04-12
18209;1006;music player;2025-02-24
18210;268;crypto tracker;2025-04-08
18211;1714;note taking;2025-03-13
18212;972;learn english;2025-01-10
18213;780;budget app;2025-04-11
18214;126;video editor;2025-04-27
18215;1965;weather app;2025-05-06
18216;1860;meditation app;2025-05-16
18217;1089;puzzle games;2025-02-12
18218;149;note taking;2025-02-01
18219;1113;learn english;2025-01-11
18220;123;meditation app;2025-02-11
18221;1652;puzzle games;2025-01-07
18222;1032;note taking;2025-05-01
18223;1272;grocery list;2025-01-12
18224;1488;learn english;2025-06-17
18225;195;meditation app;2025-01-16
18226;1505;vpn;2025-04-11
18227;556;meditation app;2025-06-13
18228;1782;video editor;2025-03-26
18229;1105;vpn;2025-04-27
18230;1549;vpn;2025-04-26
18231;1214;free games;2025-02-27
18232;1650;weather app;2025-04-13
18233;1288;meditation app;2025-03-23
18234;1297;travel planner;2025-03-13
18235;1574;job search;2025-06-04
18236;171;free games;2025-05-30
18237;1559;puzzle games;2025-06-08
18238;1196;chat app;2025-05-04
18239;1084;crypto tracker;2025-05-19
18240;1467;language learning;2025-03-22
18241;333;chat app;2025-01-12
18242;1102;free games;2025-03-15
18243;647;chat app;2025-02-19
18244;542;chat app;2025-01-07
18245;541;puzzle games;2025-05-20
18246;357;free games;2025-04-29
18247;1739;budget app;2025-01-01
18248;49;music player;2025-04-11
18249;1952;meditation app;2025-03-31
18250;692;note taking;2025-04-25
18251;712;chat app;2025-06-07
18252;890;crypto tracker;2025-01-23
18253;1943;video editor;2025-02-23
18254;1084;music player;2025-03-29
18255;166;learn english;2025-05-01
18256;1749;music player;2025-06-12
18257;415;budget app;2025-02-19
18258;1726;vpn;2025-05-10
18259;336;photo editor;2025-05-02
18260;1642;fitness tracker;2025-04-10
18261;1960;weather app;2025-06-25
18262;509;free games;2025-05-20
18263;1571;budget app;2025-03-08
18264;1134;free games;2025-05-18
18265;1821;task manager;2025-04-20
18266;1804;photo editor;2025-01-28
18267;341;vpn;2025-05-09
18268;43;crypto tracker;2025-03-19
18269;1438;weather app;2025-01-16
18270;815;recipe app;2025-06-24
18271;1698;meditation app;2025-05-04
18272;260;photo editor;2025-01-26
18273;274;meditation app;2025-01-28
18274;1439;language learning;2025-05-13
18275;217;free games;2025-05-25
18276;1088;learn english;2025-06-18
18277;1787;meditation app;2025-04-17
18278;1844;video editor;2025-03-01
18279;1870;vpn;2025-02-02
18280;175;recipe app;2025-02-08
18281;1909;video editor;2025-05-04
18282;414;meditation app;2025-01-30
18283;149;free games;2025-04-26
18284;1567;free games;2025-04-12
18285;1094;video editor;2025-05-15
18286;1321;video editor;2025-03-12
18287;859;crypto tracker;2025-01-26
18288;596;job search;2025-03-02
18289;717;puzzle games;2025-03-21
18290;876;grocery list;2025-05-26
18291;688;chat app;2025-06-12
18292;956;crypto tracker;2025-02-17
18293;703;fitness tracker;2025-03-23
18294;941;meditation app;2025-04-08
18295;1103;travel planner;2025-05-26
18296;1311;job search;2025-05-04
18297;1662;weather app;2025-06-24
18298;1700;travel planner;2025-04-06
18299;182;language learning;2025-06-10
18300;1845;language learning;2025-01-09
18301;460;fitness tracker;2025-06-21
18302;1333;weather app;2025-06-18
18303;984;free games;2025-01-26
18304;543;free games;2025-06-07
18305;723;budget app;2025-06-23
18306;901;photo editor;2025-03-31
18307;1320;learn english;2025-06-08
18308;1250;language learning;2025-06-20
18309;1293;weather app;2025-02-06
18310;458;budget app;2025-06-16
18311;629;job search;2025-05-06
18312;310;recipe app;2025-06-01
18313;858;photo editor;2025-06-29
18314;188;vpn;2025-06-13
18315;1976;puzzle games;2025-06-30
18316;706;weather app;2025-02-28
18317;1648;task manager;2025-03-16
18318;188;language learning;2025-02-02
18319;1893;travel planner;2025-06-24
18320;1992;free games;2025-04-22
18321;380;grocery list;2025-05-11
18322;179;recipe app;2025-06-28
18323;1494;video editor;2025-04-12
18324;110;chat app;2025-01-07
18325;1988;travel planner;2025-05-17
18326;119;vpn;2025-01-22
18327;1309;task manager;2025-02-25
18328;539;chat app;2025-03-12
18329;1671;travel planner;2025-02-22
18330;835;weather app;2025-03-24
18331;892;task manager;2025-01-16
18332;1419;task manager;2025-05-08
18333;908;puzzle games;2025-06-11
18334;1883;weather app;2025-03-14
18335;998;music player;2025-03-17
18336;1848;note taking;2025-01-25
18337;1442;video editor;2025-04-29
18338;794;music player;2025-01-25
18339;1640;grocery list;2025-05-06
18340;1527;crypto tracker;2025-03-03
18341;43;puzzle games;2025-04-15
18342;586;job search;2025-03-19
18343;268;puzzle games;2025-06-13
18344;412;music player;2025-04-11
18345;1082;weather app;2025-03-19
18346;1071;job search;2025-01-07
18347;1238;fitness tracker;2025-05-30
18348;1738;recipe app;2025-01-27
18349;862;fitness tracker;2025-05-24
18350;1454;travel planner;2025-01-11
18351;1140;crypto tracker;2025-03-31
18352;543;task manager;2025-02-09
18353;774;music player;2025-04-23
18354;977;chat app;2025-02-27
18355;210;fitness tracker;2025-03-28
18356;1068;learn english;2025-02-03
18357;1373;grocery list;2025-04-30
18358;806;language learning;2025-02-27
18359;545;free games;2025-03-07
18360;1634;learn english;2025-06-09
18361;906;note taking;2025-03-08
18362;1885;meditation app;2025-04-19
18363;699;fitness tracker;2025-02-03
18364;622;language learning;2025-06-06
18365;822;task manager;2025-03-26
18366;1926;learn english;2025-04-16
18367;1214;fitness tracker;2025-01-18
18368;977;vpn;2025-01-19
18369;945;learn english;2025-03-05
18370;761;music player;2025-06-11
18371;1134;crypto tracker;2025-03-25
18372;534;meditation app;2025-01-08
18373;1458;recipe app;2025-01-02
18374;1282;free games;2025-04-01
18375;1650;meditation app;2025-03-08
18376;1399;recipe app;2025-05-15
18377;1956;budget app;2025-05-05
18378;852;video editor;2025-03-21
18379;1096;meditation app;2025-05-13
18380;611;learn english;2025-02-27
18381;1118;weather app;2025-01-31
18382;367;meditation app;2025-04-22
18383;96;job search;2025-05-18
18384;1584;weather app;2025-02-20
18385;718;puzzle games;2025-03-15
18386;1108;fitness tracker;2025-06-13
18387;1879;music player;2025-03-07
18388;743;music player;2025-03-15
18389;1692;grocery list;2025-05-18
18390;244;language learning;2025-01-04
18391;1359;chat app;2025-04-04
18392;1653;weather app;2025-03-21
18393;221;job search;2025-04-19
18394;1434;vpn;2025-03-21
18395;835;learn english;2025-03-09
18396;203;learn english;2025-06-15
18397;1569;travel planner;2025-06-17
18398;224;budget app;2025-06-17
18399;205;crypto tracker;2025-06-22
18400;1589;meditation app;2025-02-26
18401;1164;photo editor;2025-06-11
18402;347;travel planner;2025-05-10
18403;1679;weather app;2025-03-22
18404;1065;note taking;2025-03-14
18405;1147;free games;2025-06-22
18406;203;music player;2025-04-28
18407;973;photo editor;2025-02-04
18408;1816;meditation app;2025-05-06
18409;1429;learn english;2025-03-24
18410;789;task manager;2025-03-28
18411;399;puzzle games;2025-01-02
18412;1707;travel planner;2025-01-25
18413;1395;meditation app;2025-03-14
18414;556;job search;2025-05-26
18415;1864;note taking;2025-01-04
18416;1869;task manager;2025-01-01
18417;1346;chat app;2025-01-08
18418;1625;grocery list;2025-06-02
18419;1503;fitness tracker;2025-02-12
18420;1160;budget app;2025-04-14
18421;536;learn english;2025-06-04
18422;1266;language learning;2025-03-25
18423;1139;crypto tracker;2025-01-09
18424;317;travel planner;2025-03-04
18425;952;video editor;2025-03-06
18426;660;music player;2025-04-17
18427;1311;recipe app;2025-05-23
18428;928;music player;2025-05-15
18429;30;fitness tracker;2025-03-02
18430;1127;language learning;2025-03-23
18431;860;fitness tracker;2025-04-16
18432;90;free games;2025-05-22
18433;17;vpn;2025-05-29
18434;1114;free games;2025-06-21
18435;1780;learn english;2025-05-15
18436;1574;grocery list;2025-05-11
18437;28;free games;2025-06-28
18438;507;free games;2025-01-01
18439;681;chat app;2025-04-27
18440;1102;music player;2025-05-20
18441;1991;language learning;2025-05-15
18442;1508;job search;2025-06-11
18443;329;music player;2025-01-14
18444;1861;chat app;2025-01-03
18445;931;photo editor;2025-01-16
18446;1759;grocery list;2025-01-17
18447;1843;video editor;2025-05-27
18448;1512;fitness tracker;2025-02-12
18449;420;travel planner;2025-04-30
18450;776;language learning;2025-02-12
18451;232;vpn;2025-03-10
18452;142;vpn;2025-06-28
18453;139;travel planner;2025-05-24
18454;122;meditation app;2025-01-01
18455;1718;music player;2025-04-27
18456;1503;music player;2025-06-08
18457;1359;fitness tracker;2025-06-27
18458;1218;crypto tracker;2025-02-09
18459;1357;grocery list;2025-04-15
18460;444;recipe app;2025-05-18
18461;1575;weather app;2025-03-20
18462;1196;fitness tracker;2025-06-30
18463;1807;language learning;2025-02-21
18464;1146;travel planner;2025-06-13
18465;1680;grocery list;2025-05-05
18466;1321;note taking;2025-06-07
18467;664;vpn;2025-06-05
18468;182;budget app;2025-06-06
18469;289;weather app;2025-03-03
18470;737;vpn;2025-05-15
18471;1033;vpn;2025-04-27
18472;1732;music player;2025-05-12
18473;1331;weather app;2025-03-09
18474;820;chat app;2025-06-15
18475;1057;puzzle games;2025-01-25
18476;1818;video editor;2025-01-21
18477;1358;puzzle games;2025-01-07
18478;718;recipe app;2025-05-23
18479;1000;vpn;2025-02-23
18480;38;music player;2025-05-31
18481;839;photo editor;2025-03-11
18482;1474;travel planner;2025-06-03
18483;1371;budget app;2025-06-23
18484;1758;puzzle games;2025-03-18
18485;133;video editor;2025-04-30
18486;1160;recipe app;2025-06-10
18487;1349;fitness tracker;2025-06-16
18488;87;fitness tracker;2025-04-29
18489;1221;task manager;2025-06-07
18490;1398;learn english;2025-03-12
18491;673;note taking;2025-05-19
18492;166;photo editor;2025-05-24
18493;1951;puzzle games;2025-01-31
18494;970;fitness tracker;2025-05-12
18495;573;recipe app;2025-05-13
18496;617;grocery list;2025-05-04
18497;554;travel planner;2025-03-07
18498;88;budget app;2025-05-28
18499;1780;fitness tracker;2025-04-18
18500;377;grocery list;2025-05-13
18501;1987;language learning;2025-03-30
18502;1506;grocery list;2025-01-06
18503;1814;job search;2025-06-18
18504;380;free games;2025-01-15
18505;1142;free games;2025-04-02
18506;936;free games;2025-01-21
18507;1168;job search;2025-03-15
18508;1770;chat app;2025-06-18
18509;1361;recipe app;2025-04-25
18510;659;music player;2025-06-18
18511;1859;puzzle games;2025-02-02
18512;677;vpn;2025-06-28
18513;1556;vpn;2025-06-12
18514;864;task manager;2025-01-07
18515;1439;grocery list;2025-03-10
18516;870;puzzle games;2025-01-04
18517;3;learn english;2025-03-28
18518;1423;grocery list;2025-01-29
18519;262;chat app;2025-04-08
18520;1756;music player;2025-03-11
18521;1442;fitness tracker;2025-03-17
18522;1272;crypto tracker;2025-05-04
18523;1390;budget app;2025-01-02
18524;278;vpn;2025-01-30
18525;1172;budget app;2025-04-11
18526;1836;meditation app;2025-02-05
18527;632;note taking;2025-04-19
18528;104;puzzle games;2025-04-03
18529;1657;job search;2025-06-26
18530;993;fitness tracker;2025-03-15
18531;1091;job search;2025-05-05
18532;592;meditation app;2025-04-09
18533;498;budget app;2025-06-25
18534;1089;chat app;2025-03-27
18535;901;music player;2025-06-21
18536;1099;puzzle games;2025-01-08
18537;1935;puzzle games;2025-01-25
18538;1759;budget app;2025-01-10
18539;1467;video editor;2025-03-05
18540;547;meditation app;2025-03-20
18541;1286;photo editor;2025-05-10
18542;30;note taking;2025-02-04
18543;94;music player;2025-02-10
18544;399;free games;2025-03-22
18545;1600;travel planner;2025-05-03
18546;1794;vpn;2025-04-27
18547;511;chat app;2025-04-21
18548;1138;fitness tracker;2025-05-09
18549;1739;job search;2025-04-07
18550;705;meditation app;2025-04-03
18551;1491;vpn;2025-03-30
18552;285;recipe app;2025-05-11
18553;848;grocery list;2025-03-24
18554;1927;language learning;2025-05-19
18555;738;free games;2025-04-20
18556;1561;language learning;2025-03-10
18557;1982;task manager;2025-05-03
18558;1076;fitness tracker;2025-06-18
18559;821;crypto tracker;2025-05-11
18560;969;learn english;2025-02-27
18561;93;budget app;2025-01-14
18562;360;recipe app;2025-04-01
18563;535;language learning;2025-06-14
18564;543;recipe app;2025-03-05
18565;489;crypto tracker;2025-04-24
18566;1274;task manager;2025-03-31
18567;280;travel planner;2025-03-09
18568;1302;task manager;2025-03-15
18569;590;meditation app;2025-01-02
18570;588;learn english;2025-06-26
18571;1432;crypto tracker;2025-04-06
18572;73;recipe app;2025-06-20
18573;1527;language learning;2025-02-24
18574;1568;chat app;2025-05-04
18575;83;video editor;2025-06-04
18576;1863;recipe app;2025-06-16
18577;217;photo editor;2025-05-14
18578;214;travel planner;2025-04-11
18579;1328;learn english;2025-02-20
18580;1096;meditation app;2025-04-04
18581;1342;puzzle games;2025-03-31
18582;668;travel planner;2025-03-13
18583;335;fitness tracker;2025-05-28
18584;1075;learn english;2025-06-20
18585;392;weather app;2025-06-15
18586;311;crypto tracker;2025-01-20
18587;1262;puzzle games;2025-04-28
18588;1735;meditation app;2025-01-23
18589;166;task manager;2025-01-02
18590;1763;learn english;2025-06-27
18591;773;meditation app;2025-06-28
18592;1606;meditation app;2025-03-17
18593;1927;chat app;2025-04-08
18594;106;note taking;2025-05-20
18595;1278;free games;2025-06-01
18596;1065;recipe app;2025-06-04
18597;318;meditation app;2025-01-26
18598;529;weather app;2025-06-25
18599;852;travel planner;2025-03-11
18600;964;note taking;2025-06-04
18601;421;crypto tracker;2025-05-03
18602;800;task manager;2025-05-17
18603;1193;chat app;2025-05-10
18604;856;photo editor;2025-04-11
18605;1295;photo editor;2025-06-29
18606;1890;task manager;2025-06-20
18607;985;meditation app;2025-04-09
18608;629;recipe app;2025-05-15
18609;1381;budget app;2025-05-19
18610;600;chat app;2025-01-21
18611;1617;puzzle games;2025-04-17
18612;1300;recipe app;2025-02-11
18613;1487;photo editor;2025-06-27
18614;916;travel planner;2025-01-10
18615;1312;free games;2025-03-24
18616;397;photo editor;2025-02-04
18617;860;free games;2025-04-05
18618;653;job search;2025-03-18
18619;128;music player;2025-06-10
18620;1638;grocery list;2025-03-19
18621;1898;recipe app;2025-06-09
18622;753;grocery list;2025-04-24
18623;868;travel planner;2025-03-24
18624;767;travel planner;2025-01-25
18625;1312;fitness tracker;2025-04-17
18626;1057;photo editor;2025-02-28
18627;72;job search;2025-05-13
18628;496;meditation app;2025-02-23
18629;224;task manager;2025-06-27
18630;1413;weather app;2025-03-31
18631;1191;crypto tracker;2025-01-28
18632;351;weather app;2025-03-08
18633;672;travel planner;2025-02-14
18634;414;fitness tracker;2025-04-05
18635;1420;task manager;2025-01-15
18636;1976;fitness tracker;2025-03-15
18637;712;recipe app;2025-05-08
18638;159;learn english;2025-04-09
18639;367;meditation app;2025-03-11
18640;1580;chat app;2025-03-27
18641;211;crypto tracker;2025-06-02
18642;258;task manager;2025-04-16
18643;412;music player;2025-05-07
18644;1436;budget app;2025-02-09
18645;421;learn english;2025-04-29
18646;526;budget app;2025-02-03
18647;1075;photo editor;2025-01-12
18648;1971;language learning;2025-01-01
18649;1600;job search;2025-04-10
18650;476;crypto tracker;2025-03-12
18651;426;chat app;2025-03-13
18652;1393;video editor;2025-01-01
18653;372;language learning;2025-02-23
18654;504;vpn;2025-04-12
18655;569;photo editor;2025-04-14
18656;1308;fitness tracker;2025-06-01
18657;1649;grocery list;2025-06-19
18658;1931;job search;2025-01-10
18659;1663;fitness tracker;2025-03-26
18660;309;learn english;2025-04-03
18661;1477;photo editor;2025-03-10
18662;1389;weather app;2025-03-31
18663;1750;learn english;2025-05-02
18664;268;chat app;2025-06-21
18665;781;task manager;2025-04-04
18666;90;note taking;2025-06-18
18667;639;grocery list;2025-04-04
18668;348;language learning;2025-01-14
18669;1298;music player;2025-03-04
18670;684;crypto tracker;2025-06-17
18671;964;music player;2025-02-13
18672;526;budget app;2025-03-23
18673;1900;vpn;2025-03-02
18674;94;language learning;2025-01-20
18675;1969;learn english;2025-02-27
18676;1256;free games;2025-01-02
18677;546;vpn;2025-06-17
18678;1088;puzzle games;2025-02-04
18679;970;vpn;2025-06-12
18680;339;chat app;2025-03-10
18681;106;task manager;2025-05-06
18682;74;vpn;2025-04-18
18683;1152;weather app;2025-02-26
18684;685;vpn;2025-04-02
18685;823;weather app;2025-05-11
18686;760;travel planner;2025-05-23
18687;130;task manager;2025-02-09
18688;1140;note taking;2025-02-23
18689;1255;travel planner;2025-04-23
18690;609;task manager;2025-04-10
18691;1188;grocery list;2025-01-11
18692;90;vpn;2025-04-03
18693;1001;chat app;2025-02-21
18694;1859;task manager;2025-01-01
18695;944;puzzle games;2025-02-02
18696;832;language learning;2025-01-01
18697;1184;crypto tracker;2025-01-03
18698;623;note taking;2025-04-27
18699;1812;vpn;2025-01-07
18700;211;meditation app;2025-03-22
18701;32;recipe app;2025-04-16
18702;1392;language learning;2025-03-30
18703;1602;recipe app;2025-05-13
18704;1220;puzzle games;2025-06-12
18705;1980;budget app;2025-06-15
18706;815;recipe app;2025-05-17
18707;1912;language learning;2025-06-01
18708;1018;music player;2025-02-11
18709;414;fitness tracker;2025-03-16
18710;373;budget app;2025-03-06
18711;492;free games;2025-01-16
18712;818;weather app;2025-06-26
18713;132;travel planner;2025-01-27
18714;1777;budget app;2025-04-20
18715;1747;travel planner;2025-05-01
18716;1717;learn english;2025-03-05
18717;782;weather app;2025-03-29
18718;1212;photo editor;2025-06-21
18719;1633;photo editor;2025-03-19
18720;1472;music player;2025-01-13
18721;1999;music player;2025-05-21
18722;815;learn english;2025-02-04
18723;1671;music player;2025-02-25
18724;324;grocery list;2025-04-16
18725;1392;learn english;2025-03-11
18726;5;music player;2025-06-12
18727;589;recipe app;2025-03-18
18728;280;music player;2025-03-08
18729;1512;puzzle games;2025-02-09
18730;350;crypto tracker;2025-03-03
18731;46;music player;2025-03-01
18732;1416;music player;2025-06-29
18733;115;free games;2025-01-07
18734;198;chat app;2025-02-03
18735;917;task manager;2025-06-04
18736;351;grocery list;2025-06-18
18737;1377;fitness tracker;2025-03-09
18738;1357;weather app;2025-03-27
18739;126;travel planner;2025-05-06
18740;1162;learn english;2025-03-01
18741;688;weather app;2025-02-11
18742;1238;recipe app;2025-04-08
18743;239;job search;2025-04-16
18744;377;travel planner;2025-03-13
18745;1832;task manager;2025-03-12
18746;836;job search;2025-04-07
18747;586;budget app;2025-05-18
18748;1544;puzzle games;2025-04-27
18749;939;travel planner;2025-04-03
18750;442;language learning;2025-01-18
18751;1854;note taking;2025-01-01
18752;1131;chat app;2025-01-01
18753;1315;meditation app;2025-01-11
18754;1224;budget app;2025-04-11
18755;504;weather app;2025-04-07
18756;113;music player;2025-05-05
18757;1943;chat app;2025-02-01
18758;1478;recipe app;2025-04-19
18759;963;fitness tracker;2025-04-18
18760;142;job search;2025-02-20
18761;880;fitness tracker;2025-05-31
18762;299;crypto tracker;2025-03-24
18763;1663;puzzle games;2025-06-21
18764;1117;travel planner;2025-05-01
18765;1450;meditation app;2025-04-27
18766;401;grocery list;2025-02-16
18767;1416;crypto tracker;2025-02-19
18768;1939;task manager;2025-02-09
18769;132;note taking;2025-04-21
18770;341;puzzle games;2025-02-10
18771;340;fitness tracker;2025-02-11
18772;1938;task manager;2025-02-27
18773;404;task manager;2025-01-22
18774;404;task manager;2025-03-25
18775;362;fitness tracker;2025-02-25
18776;692;puzzle games;2025-01-08
18777;789;music player;2025-05-05
18778;1396;free games;2025-05-29
18779;1765;crypto tracker;2025-01-11
18780;1798;learn english;2025-03-13
18781;613;photo editor;2025-02-13
18782;638;recipe app;2025-02-11
18783;380;travel planner;2025-02-09
18784;516;vpn;2025-04-10
18785;907;free games;2025-05-14
18786;1363;travel planner;2025-02-26
18787;1179;weather app;2025-06-28
18788;1320;vpn;2025-01-09
18789;573;video editor;2025-02-10
18790;1422;puzzle games;2025-06-27
18791;388;chat app;2025-06-14
18792;1955;meditation app;2025-03-13
18793;232;vpn;2025-02-20
18794;1760;recipe app;2025-05-22
18795;1678;weather app;2025-02-23
18796;1466;task manager;2025-04-25
18797;1042;travel planner;2025-04-04
18798;1614;puzzle games;2025-01-21
18799;1498;puzzle games;2025-01-06
18800;698;weather app;2025-01-09
18801;1187;note taking;2025-03-29
18802;1150;job search;2025-04-03
18803;1169;vpn;2025-01-16
18804;1042;fitness tracker;2025-03-30
18805;1657;job search;2025-02-03
18806;461;fitness tracker;2025-06-28
18807;1395;chat app;2025-01-04
18808;12;job search;2025-01-02
18809;1146;video editor;2025-01-18
18810;1142;video editor;2025-06-04
18811;1666;crypto tracker;2025-05-09
18812;1692;crypto tracker;2025-04-11
18813;1396;meditation app;2025-03-14
18814;956;vpn;2025-02-13
18815;1522;puzzle games;2025-01-26
18816;551;grocery list;2025-03-05
18817;1516;vpn;2025-06-15
18818;780;vpn;2025-01-11
18819;1139;language learning;2025-05-27
18820;280;music player;2025-04-28
18821;1730;free games;2025-02-14
18822;682;music player;2025-06-23
18823;1400;vpn;2025-06-12
18824;1369;note taking;2025-06-10
18825;212;learn english;2025-06-20
18826;128;vpn;2025-04-01
18827;1514;video editor;2025-02-15
18828;1339;crypto tracker;2025-01-19
18829;293;video editor;2025-06-18
18830;836;meditation app;2025-04-18
18831;1836;task manager;2025-01-07
18832;1610;travel planner;2025-03-09
18833;1945;budget app;2025-03-22
18834;1165;language learning;2025-03-19
18835;991;budget app;2025-03-05
18836;411;video editor;2025-03-10
18837;350;crypto tracker;2025-03-25
18838;1556;chat app;2025-02-09
18839;49;video editor;2025-03-23
18840;555;weather app;2025-02-05
18841;836;photo editor;2025-03-17
18842;452;crypto tracker;2025-01-16
18843;1425;chat app;2025-05-03
18844;146;vpn;2025-02-08
18845;1822;note taking;2025-02-18
18846;1628;learn english;2025-01-12
18847;1247;photo editor;2025-03-27
18848;1385;video editor;2025-05-17
18849;507;free games;2025-06-08
18850;1872;vpn;2025-03-03
18851;1489;photo editor;2025-02-17
18852;335;vpn;2025-02-11
18853;1511;language learning;2025-03-12
18854;1202;meditation app;2025-03-14
18855;898;grocery list;2025-04-29
18856;127;video editor;2025-04-23
18857;1333;language learning;2025-03-16
18858;578;fitness tracker;2025-05-10
18859;848;weather app;2025-01-10
18860;956;free games;2025-04-28
18861;1074;photo editor;2025-01-11
18862;1499;photo editor;2025-01-10
18863;224;music player;2025-03-17
18864;1719;crypto tracker;2025-05-15
18865;1580;free games;2025-04-06
18866;803;puzzle games;2025-06-13
18867;609;music player;2025-01-27
18868;231;task manager;2025-05-04
18869;630;travel planner;2025-06-17
18870;41;free games;2025-03-13
18871;525;travel planner;2025-01-18
18872;1693;budget app;2025-06-18
18873;1985;budget app;2025-04-23
18874;348;chat app;2025-06-26
18875;147;crypto tracker;2025-05-26
18876;355;free games;2025-03-14
18877;1165;puzzle games;2025-02-23
18878;34;video editor;2025-03-16
18879;116;note taking;2025-01-22
18880;267;photo editor;2025-01-16
18881;939;budget app;2025-06-21
18882;1736;note taking;2025-06-25
18883;1982;chat app;2025-01-20
18884;60;vpn;2025-04-05
18885;1610;free games;2025-02-25
18886;181;vpn;2025-05-14
18887;1052;meditation app;2025-05-21
18888;649;budget app;2025-04-10
18889;851;free games;2025-04-21
18890;912;vpn;2025-06-15
18891;238;note taking;2025-01-30
18892;543;task manager;2025-02-28
18893;708;photo editor;2025-03-27
18894;826;free games;2025-05-26
18895;720;learn english;2025-03-10
18896;1474;music player;2025-04-28
18897;972;budget app;2025-06-25
18898;320;photo editor;2025-03-29
18899;1595;weather app;2025-05-19
18900;796;learn english;2025-01-27
18901;1976;recipe app;2025-02-01
18902;241;photo editor;2025-04-22
18903;357;job search;2025-01-25
18904;525;chat app;2025-04-05
18905;1263;chat app;2025-03-09
18906;230;budget app;2025-04-11
18907;216;video editor;2025-03-25
18908;22;note taking;2025-06-28
18909;1789;job search;2025-02-17
18910;1940;recipe app;2025-03-31
18911;442;learn english;2025-06-28
18912;74;job search;2025-02-21
18913;1023;photo editor;2025-02-17
18914;299;free games;2025-04-23
18915;298;recipe app;2025-01-09
18916;1118;crypto tracker;2025-03-24
18917;1667;fitness tracker;2025-03-18
18918;1898;free games;2025-05-21
18919;1060;video editor;2025-01-09
18920;1515;puzzle games;2025-04-20
18921;1381;travel planner;2025-02-02
18922;651;weather app;2025-03-02
18923;835;budget app;2025-01-26
18924;1377;free games;2025-05-30
18925;1507;puzzle games;2025-05-28
18926;487;photo editor;2025-06-01
18927;202;note taking;2025-01-16
18928;53;puzzle games;2025-06-06
18929;1399;task manager;2025-01-30
18930;338;puzzle games;2025-04-26
18931;1929;learn english;2025-05-31
18932;278;fitness tracker;2025-05-13
18933;1067;meditation app;2025-03-20
18934;1502;photo editor;2025-03-27
18935;1455;travel planner;2025-03-07
18936;1276;music player;2025-04-02
18937;543;chat app;2025-03-18
18938;1450;recipe app;2025-01-12
18939;305;language learning;2025-04-20
18940;534;fitness tracker;2025-05-03
18941;498;grocery list;2025-04-21
18942;1281;puzzle games;2025-04-11
18943;1721;video editor;2025-03-13
18944;1124;photo editor;2025-01-22
18945;77;recipe app;2025-01-18
18946;1951;fitness tracker;2025-05-25
18947;1312;music player;2025-06-28
18948;1799;meditation app;2025-02-07
18949;1678;note taking;2025-02-18
18950;40;video editor;2025-05-07
18951;965;job search;2025-06-08
18952;1059;weather app;2025-06-19
18953;790;meditation app;2025-04-28
18954;1040;photo editor;2025-01-03
18955;1011;free games;2025-05-11
18956;1416;music player;2025-03-06
18957;1968;budget app;2025-05-09
18958;1249;weather app;2025-06-12
18959;735;photo editor;2025-06-27
18960;1764;weather app;2025-02-18
18961;1521;learn english;2025-04-01
18962;931;travel planner;2025-02-15
18963;113;grocery list;2025-02-16
18964;1376;weather app;2025-04-21
18965;790;photo editor;2025-04-10
18966;1317;fitness tracker;2025-01-05
18967;169;meditation app;2025-02-08
18968;1208;recipe app;2025-01-30
18969;1392;music player;2025-04-08
18970;1320;language learning;2025-01-15
18971;1806;grocery list;2025-04-18
18972;1948;travel planner;2025-04-19
18973;1590;learn english;2025-01-23
18974;1743;free games;2025-05-22
18975;555;free games;2025-06-22
18976;491;puzzle games;2025-01-07
18977;1521;travel planner;2025-02-16
18978;1349;job search;2025-04-11
18979;1840;job search;2025-02-25
18980;1552;video editor;2025-01-06
18981;1587;task manager;2025-04-17
18982;469;chat app;2025-02-25
18983;1672;travel planner;2025-06-02
18984;1328;vpn;2025-01-12
18985;802;language learning;2025-06-29
18986;829;job search;2025-04-20
18987;18;recipe app;2025-04-01
18988;41;task manager;2025-06-15
18989;55;budget app;2025-03-28
18990;1703;budget app;2025-06-23
18991;1247;budget app;2025-05-21
18992;447;budget app;2025-04-17
18993;1282;puzzle games;2025-02-17
18994;739;budget app;2025-06-27
18995;1454;travel planner;2025-05-10
18996;1699;budget app;2025-03-31
18997;2000;vpn;2025-04-21
18998;1901;crypto tracker;2025-03-21
18999;1639;photo editor;2025-05-30
19000;1176;crypto tracker;2025-01-18
19001;1729;music player;2025-03-08
19002;433;video editor;2025-01-17
19003;804;budget app;2025-04-06
19004;27;fitness tracker;2025-06-02
19005;1302;travel planner;2025-06-06
19006;1984;budget app;2025-04-23
19007;818;photo editor;2025-05-29
19008;241;task manager;2025-01-29
19009;1520;crypto tracker;2025-06-06
19010;1797;grocery list;2025-02-23
19011;846;job search;2025-05-14
19012;540;puzzle games;2025-01-04
19013;486;music player;2025-01-24
19014;922;meditation app;2025-03-13
19015;1155;photo editor;2025-01-31
19016;1571;job search;2025-04-22
19017;899;recipe app;2025-04-06
19018;48;budget app;2025-03-13
19019;386;job search;2025-03-28
19020;1315;chat app;2025-01-27
19021;681;meditation app;2025-04-01
19022;1321;music player;2025-02-15
19023;1272;recipe app;2025-01-14
19024;1467;grocery list;2025-03-05
19025;1687;grocery list;2025-04-11
19026;74;chat app;2025-05-30
19027;121;chat app;2025-04-19
19028;1016;crypto tracker;2025-05-23
19029;880;meditation app;2025-04-03
19030;1808;language learning;2025-05-01
19031;1949;vpn;2025-02-22
19032;1582;recipe app;2025-01-20
19033;1820;recipe app;2025-03-05
19034;530;job search;2025-03-14
19035;414;puzzle games;2025-02-04
19036;1017;free games;2025-05-13
19037;215;fitness tracker;2025-01-15
19038;939;grocery list;2025-01-12
19039;1562;free games;2025-02-23
19040;1009;grocery list;2025-01-23
19041;1754;free games;2025-01-30
19042;7;weather app;2025-06-12
19043;294;free games;2025-05-09
19044;312;weather app;2025-03-07
19045;1857;learn english;2025-04-14
19046;20;puzzle games;2025-06-25
19047;1259;free games;2025-05-28
19048;951;vpn;2025-05-06
19049;1443;task manager;2025-05-17
19050;1652;vpn;2025-01-30
19051;1816;language learning;2025-04-13
19052;173;travel planner;2025-01-05
19053;1022;language learning;2025-03-08
19054;640;note taking;2025-06-03
19055;99;note taking;2025-02-27
19056;1606;travel planner;2025-03-15
19057;1526;language learning;2025-01-20
19058;890;music player;2025-02-02
19059;1413;fitness tracker;2025-04-30
19060;1413;meditation app;2025-02-03
19061;884;learn english;2025-01-05
19062;698;note taking;2025-06-15
19063;1622;budget app;2025-02-13
19064;1484;language learning;2025-01-05
19065;1528;fitness tracker;2025-05-14
19066;1331;crypto tracker;2025-04-16
19067;729;recipe app;2025-05-30
19068;292;photo editor;2025-05-16
19069;1204;recipe app;2025-04-09
19070;1108;task manager;2025-04-13
19071;1850;note taking;2025-06-09
19072;1180;chat app;2025-02-19
19073;1370;travel planner;2025-04-26
19074;563;vpn;2025-02-18
19075;1796;puzzle games;2025-01-17
19076;1091;budget app;2025-02-15
19077;478;grocery list;2025-03-17
19078;1140;meditation app;2025-04-16
19079;173;crypto tracker;2025-03-19
19080;523;weather app;2025-02-27
19081;1372;meditation app;2025-03-01
19082;774;budget app;2025-06-08
19083;1985;budget app;2025-05-12
19084;675;meditation app;2025-03-28
19085;457;meditation app;2025-06-04
19086;627;meditation app;2025-04-11
19087;1544;chat app;2025-01-27
19088;1083;chat app;2025-06-17
19089;523;fitness tracker;2025-05-27
19090;33;free games;2025-02-10
19091;585;travel planner;2025-02-12
19092;1316;job search;2025-05-18
19093;1919;recipe app;2025-02-10
19094;1735;chat app;2025-03-17
19095;819;photo editor;2025-03-23
19096;143;fitness tracker;2025-01-29
19097;1548;video editor;2025-05-06
19098;826;free games;2025-05-14
19099;1908;puzzle games;2025-04-15
19100;91;photo editor;2025-01-06
19101;775;video editor;2025-03-23
19102;1036;puzzle games;2025-04-25
19103;1029;fitness tracker;2025-06-30
19104;636;music player;2025-04-05
19105;1736;video editor;2025-04-03
19106;1132;music player;2025-05-28
19107;448;grocery list;2025-03-26
19108;514;budget app;2025-06-10
19109;1350;crypto tracker;2025-03-17
19110;1283;recipe app;2025-01-05
19111;1412;weather app;2025-05-28
19112;1128;language learning;2025-02-19
19113;1080;chat app;2025-03-06
19114;773;language learning;2025-06-04
19115;1548;free games;2025-05-14
19116;246;note taking;2025-03-17
19117;1244;task manager;2025-04-11
19118;90;music player;2025-06-04
19119;1457;language learning;2025-03-26
19120;462;fitness tracker;2025-06-25
19121;1139;weather app;2025-01-20
19122;706;chat app;2025-01-06
19123;982;free games;2025-04-30
19124;1827;puzzle games;2025-01-27
19125;1266;budget app;2025-03-16
19126;1445;task manager;2025-06-28
19127;1017;task manager;2025-04-19
19128;1933;free games;2025-01-20
19129;736;budget app;2025-05-12
19130;1456;weather app;2025-03-03
19131;1905;note taking;2025-03-23
19132;145;fitness tracker;2025-06-05
19133;1081;music player;2025-06-04
19134;1323;note taking;2025-03-30
19135;560;photo editor;2025-05-11
19136;428;chat app;2025-05-08
19137;1148;task manager;2025-01-28
19138;624;job search;2025-03-20
19139;297;vpn;2025-01-07
19140;938;crypto tracker;2025-02-26
19141;1078;music player;2025-01-12
19142;1681;chat app;2025-06-02
19143;729;budget app;2025-06-16
19144;1457;budget app;2025-04-24
19145;1042;video editor;2025-04-25
19146;915;recipe app;2025-03-27
19147;2;budget app;2025-03-24
19148;390;recipe app;2025-05-04
19149;1630;language learning;2025-01-16
19150;1336;weather app;2025-04-11
19151;1759;meditation app;2025-02-23
19152;445;language learning;2025-01-18
19153;552;fitness tracker;2025-03-06
19154;967;note taking;2025-01-22
19155;730;photo editor;2025-04-22
19156;1505;weather app;2025-02-08
19157;1262;recipe app;2025-04-22
19158;852;photo editor;2025-06-14
19159;564;task manager;2025-06-26
19160;321;note taking;2025-06-17
19161;496;video editor;2025-03-19
19162;1118;recipe app;2025-01-20
19163;909;task manager;2025-02-11
19164;1425;meditation app;2025-06-24
19165;741;job search;2025-05-02
19166;416;budget app;2025-04-10
19167;140;note taking;2025-04-11
19168;61;photo editor;2025-05-07
19169;1372;note taking;2025-01-23
19170;1220;language learning;2025-03-20
19171;53;budget app;2025-01-16
19172;1691;travel planner;2025-02-09
19173;671;video editor;2025-06-23
19174;1047;chat app;2025-06-23
19175;676;puzzle games;2025-06-17
19176;1886;video editor;2025-02-02
19177;914;task manager;2025-03-05
19178;1282;grocery list;2025-05-02
19179;979;job search;2025-04-08
19180;673;note taking;2025-01-01
19181;275;weather app;2025-03-18
19182;1923;job search;2025-02-01
19183;580;vpn;2025-01-30
19184;1815;chat app;2025-04-26
19185;559;free games;2025-02-02
19186;1089;fitness tracker;2025-04-18
19187;1677;vpn;2025-06-15
19188;1581;video editor;2025-03-29
19189;371;travel planner;2025-02-27
19190;1871;language learning;2025-05-03
19191;742;language learning;2025-02-15
19192;931;vpn;2025-03-06
19193;699;note taking;2025-01-04
19194;480;crypto tracker;2025-05-30
19195;1299;task manager;2025-05-27
19196;506;puzzle games;2025-04-25
19197;740;puzzle games;2025-04-02
19198;675;weather app;2025-04-13
19199;1345;crypto tracker;2025-06-10
19200;1924;fitness tracker;2025-02-16
19201;1405;budget app;2025-05-29
19202;537;meditation app;2025-01-09
19203;680;note taking;2025-03-08
19204;1014;language learning;2025-04-02
19205;1033;chat app;2025-06-06
19206;1355;free games;2025-01-18
19207;1936;grocery list;2025-06-17
19208;960;language learning;2025-06-26
19209;1790;puzzle games;2025-02-12
19210;1710;meditation app;2025-01-16
19211;559;weather app;2025-05-11
19212;1107;recipe app;2025-02-07
19213;1774;task manager;2025-04-26
19214;129;vpn;2025-06-26
19215;1061;weather app;2025-03-11
19216;1335;note taking;2025-02-27
19217;51;music player;2025-05-30
19218;1270;meditation app;2025-03-03
19219;1125;recipe app;2025-03-21
19220;554;fitness tracker;2025-03-13
19221;125;music player;2025-06-07
19222;1838;note taking;2025-05-18
19223;1567;free games;2025-03-19
19224;1432;video editor;2025-05-12
19225;1076;language learning;2025-06-29
19226;1483;puzzle games;2025-05-23
19227;1304;puzzle games;2025-01-12
19228;1105;meditation app;2025-04-13
19229;409;note taking;2025-06-18
19230;357;job search;2025-02-12
19231;630;meditation app;2025-04-30
19232;213;learn english;2025-03-31
19233;913;grocery list;2025-04-27
19234;397;job search;2025-05-18
19235;175;recipe app;2025-04-15
19236;252;language learning;2025-02-10
19237;134;job search;2025-02-24
19238;775;job search;2025-01-22
19239;481;task manager;2025-05-07
19240;405;photo editor;2025-03-16
19241;42;chat app;2025-01-20
19242;1166;learn english;2025-04-12
19243;871;video editor;2025-01-31
19244;869;fitness tracker;2025-03-21
19245;1530;language learning;2025-06-08
19246;1484;grocery list;2025-05-14
19247;1481;travel planner;2025-06-14
19248;1500;video editor;2025-05-03
19249;1803;language learning;2025-02-14
19250;1917;photo editor;2025-05-09
19251;284;fitness tracker;2025-03-21
19252;952;travel planner;2025-06-11
19253;1291;fitness tracker;2025-02-02
19254;528;job search;2025-04-14
19255;1336;grocery list;2025-04-19
19256;902;budget app;2025-06-25
19257;934;learn english;2025-04-11
19258;1725;meditation app;2025-01-24
19259;1307;note taking;2025-05-13
19260;1364;travel planner;2025-04-02
19261;943;puzzle games;2025-02-06
19262;684;meditation app;2025-05-18
19263;759;fitness tracker;2025-02-19
19264;1960;recipe app;2025-02-08
19265;1224;task manager;2025-01-15
19266;54;puzzle games;2025-02-18
19267;599;photo editor;2025-02-27
19268;1592;meditation app;2025-03-03
19269;515;recipe app;2025-03-10
19270;264;crypto tracker;2025-05-03
19271;1705;learn english;2025-01-17
19272;709;recipe app;2025-05-13
19273;381;fitness tracker;2025-01-17
19274;1142;learn english;2025-05-25
19275;683;photo editor;2025-04-24
19276;189;puzzle games;2025-01-01
19277;924;free games;2025-04-22
19278;935;job search;2025-06-17
19279;876;puzzle games;2025-02-20
19280;1694;learn english;2025-02-23
19281;200;language learning;2025-03-18
19282;641;weather app;2025-05-22
19283;403;chat app;2025-04-13
19284;1823;crypto tracker;2025-02-11
19285;715;recipe app;2025-01-03
19286;1752;weather app;2025-04-03
19287;502;weather app;2025-06-27
19288;1881;fitness tracker;2025-01-23
19289;68;learn english;2025-02-11
19290;691;crypto tracker;2025-06-28
19291;827;meditation app;2025-03-25
19292;1576;puzzle games;2025-01-18
19293;599;travel planner;2025-05-31
19294;1370;puzzle games;2025-04-02
19295;1739;travel planner;2025-04-25
19296;966;budget app;2025-03-01
19297;196;job search;2025-01-01
19298;739;video editor;2025-05-17
19299;1348;music player;2025-04-05
19300;1131;chat app;2025-02-17
19301;85;photo editor;2025-03-10
19302;1642;chat app;2025-03-26
19303;628;vpn;2025-04-10
19304;1648;chat app;2025-04-12
19305;1792;job search;2025-06-07
19306;1046;task manager;2025-06-25
19307;1646;weather app;2025-04-22
19308;1026;video editor;2025-03-02
19309;859;crypto tracker;2025-06-21
19310;639;crypto tracker;2025-05-29
19311;1040;learn english;2025-01-08
19312;1356;language learning;2025-02-19
19313;1540;music player;2025-04-16
19314;1761;meditation app;2025-02-19
19315;1157;music player;2025-06-12
19316;56;language learning;2025-01-06
19317;563;music player;2025-05-29
19318;604;music player;2025-06-07
19319;1249;music player;2025-01-20
19320;184;puzzle games;2025-02-14
19321;546;meditation app;2025-03-09
19322;1960;chat app;2025-06-14
19323;1559;recipe app;2025-01-13
19324;883;puzzle games;2025-06-19
19325;990;grocery list;2025-02-13
19326;123;travel planner;2025-05-29
19327;1512;chat app;2025-05-09
19328;984;music player;2025-01-31
19329;194;music player;2025-01-05
19330;442;task manager;2025-02-08
19331;1482;travel planner;2025-06-07
19332;1035;chat app;2025-05-31
19333;1550;puzzle games;2025-01-11
19334;215;vpn;2025-01-01
19335;1600;vpn;2025-06-09
19336;716;crypto tracker;2025-05-06
19337;873;photo editor;2025-04-22
19338;1145;budget app;2025-06-10
19339;796;task manager;2025-01-09
19340;1946;weather app;2025-01-10
19341;636;free games;2025-01-02
19342;1771;recipe app;2025-06-24
19343;1428;note taking;2025-04-18
19344;1067;free games;2025-01-21
19345;1647;chat app;2025-01-31
19346;1680;note taking;2025-02-24
19347;1880;weather app;2025-04-17
19348;2;vpn;2025-05-07
19349;537;chat app;2025-02-17
19350;210;learn english;2025-01-31
19351;1864;vpn;2025-03-10
19352;1177;recipe app;2025-06-08
19353;1294;puzzle games;2025-02-03
19354;1184;photo editor;2025-06-24
19355;971;puzzle games;2025-01-28
19356;1222;language learning;2025-06-09
19357;1638;budget app;2025-06-04
19358;1771;photo editor;2025-03-02
19359;777;crypto tracker;2025-01-17
19360;1004;video editor;2025-03-23
19361;1955;travel planner;2025-02-02
19362;38;vpn;2025-05-27
19363;620;grocery list;2025-06-12
19364;418;language learning;2025-01-07
19365;1846;travel planner;2025-01-07
19366;1823;photo editor;2025-04-18
19367;1689;task manager;2025-01-04
19368;220;photo editor;2025-03-29
19369;1831;chat app;2025-04-17
19370;37;puzzle games;2025-04-09
19371;598;chat app;2025-06-05
19372;614;vpn;2025-06-11
19373;1730;chat app;2025-06-17
19374;547;puzzle games;2025-05-07
19375;426;music player;2025-01-16
19376;7;travel planner;2025-04-16
19377;69;learn english;2025-04-06
19378;403;recipe app;2025-02-21
19379;1647;free games;2025-04-02
19380;452;fitness tracker;2025-03-30
19381;1977;video editor;2025-02-14
19382;1899;crypto tracker;2025-06-23
19383;1149;grocery list;2025-05-24
19384;1325;grocery list;2025-01-05
19385;1770;crypto tracker;2025-06-02
19386;1015;budget app;2025-03-09
19387;844;note taking;2025-05-22
19388;1810;recipe app;2025-03-24
19389;730;learn english;2025-06-24
19390;829;travel planner;2025-02-23
19391;334;crypto tracker;2025-01-09
19392;1728;recipe app;2025-06-13
19393;1829;meditation app;2025-06-22
19394;1953;crypto tracker;2025-01-26
19395;165;travel planner;2025-02-22
19396;757;chat app;2025-05-26
19397;202;free games;2025-03-02
19398;1051;travel planner;2025-01-19
19399;1421;language learning;2025-04-13
19400;1020;meditation app;2025-06-25
19401;55;puzzle games;2025-06-23
19402;738;music player;2025-01-19
19403;1040;recipe app;2025-06-23
19404;1033;language learning;2025-05-16
19405;1793;budget app;2025-03-08
19406;1424;chat app;2025-06-05
19407;534;music player;2025-06-01
19408;29;budget app;2025-05-12
19409;1387;task manager;2025-05-31
19410;293;recipe app;2025-05-19
19411;1697;recipe app;2025-05-04
19412;1053;chat app;2025-06-05
19413;1465;grocery list;2025-01-12
19414;393;job search;2025-01-07
19415;439;meditation app;2025-05-01
19416;423;photo editor;2025-02-09
19417;106;vpn;2025-05-22
19418;1619;grocery list;2025-04-15
19419;1161;crypto tracker;2025-05-13
19420;727;chat app;2025-06-27
19421;127;meditation app;2025-03-06
19422;1066;meditation app;2025-05-22
19423;160;chat app;2025-03-07
19424;1997;free games;2025-06-01
19425;715;learn english;2025-03-12
19426;30;recipe app;2025-01-15
19427;1523;photo editor;2025-05-22
19428;207;weather app;2025-04-09
19429;154;job search;2025-01-09
19430;5;budget app;2025-03-12
19431;1055;vpn;2025-03-19
19432;1492;learn english;2025-02-04
19433;1397;chat app;2025-06-20
19434;514;task manager;2025-01-27
19435;18;travel planner;2025-03-14
19436;1390;recipe app;2025-02-12
19437;652;recipe app;2025-03-05
19438;1434;travel planner;2025-04-09
19439;300;recipe app;2025-04-03
19440;884;photo editor;2025-03-11
19441;551;learn english;2025-02-09
19442;1359;travel planner;2025-05-19
19443;913;budget app;2025-01-17
19444;1867;budget app;2025-06-06
19445;391;music player;2025-02-01
19446;683;music player;2025-05-31
19447;524;learn english;2025-05-08
19448;1652;video editor;2025-01-29
19449;227;learn english;2025-03-20
19450;1055;weather app;2025-02-10
19451;514;budget app;2025-06-03
19452;832;recipe app;2025-02-04
19453;1908;video editor;2025-01-20
19454;270;learn english;2025-04-10
19455;1675;video editor;2025-05-25
19456;612;task manager;2025-01-23
19457;1878;budget app;2025-01-01
19458;158;photo editor;2025-02-12
19459;1454;chat app;2025-02-26
19460;1426;free games;2025-02-01
19461;860;meditation app;2025-05-29
19462;1691;language learning;2025-03-28
19463;756;language learning;2025-06-16
19464;952;weather app;2025-02-17
19465;454;grocery list;2025-06-15
19466;1636;chat app;2025-04-10
19467;1035;crypto tracker;2025-01-26
19468;601;weather app;2025-03-20
19469;577;language learning;2025-02-13
19470;359;task manager;2025-01-06
19471;1536;job search;2025-03-09
19472;1357;puzzle games;2025-06-14
19473;115;recipe app;2025-02-21
19474;1050;travel planner;2025-06-14
19475;28;recipe app;2025-06-07
19476;753;free games;2025-06-07
19477;1564;note taking;2025-02-11
19478;1075;photo editor;2025-04-22
19479;1113;weather app;2025-04-12
19480;313;recipe app;2025-04-25
19481;1008;fitness tracker;2025-01-22
19482;54;task manager;2025-05-06
19483;379;meditation app;2025-03-15
19484;1953;learn english;2025-01-13
19485;1706;vpn;2025-05-30
19486;163;vpn;2025-04-28
19487;1854;travel planner;2025-05-11
19488;1532;photo editor;2025-04-06
19489;696;recipe app;2025-01-24
19490;1131;crypto tracker;2025-06-01
19491;732;vpn;2025-02-12
19492;1276;video editor;2025-03-07
19493;506;recipe app;2025-02-05
19494;283;learn english;2025-05-04
19495;407;music player;2025-05-22
19496;626;music player;2025-03-09
19497;1592;task manager;2025-05-03
19498;1897;fitness tracker;2025-05-26
19499;1096;budget app;2025-06-19
19500;332;free games;2025-02-09
19501;1265;photo editor;2025-06-14
19502;1903;meditation app;2025-02-14
19503;787;recipe app;2025-01-28
19504;1339;weather app;2025-03-09
19505;299;budget app;2025-03-21
19506;1281;recipe app;2025-05-06
19507;1057;learn english;2025-03-04
19508;219;crypto tracker;2025-04-03
19509;1964;language learning;2025-02-05
19510;1478;vpn;2025-02-28
19511;125;chat app;2025-01-16
19512;1810;music player;2025-03-13
19513;1741;photo editor;2025-02-26
19514;33;free games;2025-01-30
19515;232;chat app;2025-01-17
19516;577;video editor;2025-03-19
19517;1706;crypto tracker;2025-02-17
19518;172;crypto tracker;2025-03-05
19519;953;job search;2025-05-09
19520;1389;free games;2025-04-06
19521;688;puzzle games;2025-02-05
19522;1514;music player;2025-05-03
19523;1978;job search;2025-01-07
19524;1931;music player;2025-04-20
19525;109;crypto tracker;2025-05-25
19526;956;language learning;2025-06-09
19527;1915;job search;2025-06-06
19528;1196;task manager;2025-04-26
19529;1426;fitness tracker;2025-03-31
19530;826;travel planner;2025-04-22
19531;1328;crypto tracker;2025-01-20
19532;131;chat app;2025-03-31
19533;32;meditation app;2025-06-26
19534;890;crypto tracker;2025-06-08
19535;1276;language learning;2025-04-26
19536;344;meditation app;2025-06-30
19537;826;chat app;2025-02-25
19538;1157;video editor;2025-05-10
19539;54;budget app;2025-04-24
19540;232;learn english;2025-06-07
19541;1769;crypto tracker;2025-05-08
19542;644;budget app;2025-06-18
19543;1944;vpn;2025-06-12
19544;377;music player;2025-01-12
19545;195;photo editor;2025-02-06
19546;1812;job search;2025-01-03
19547;1500;crypto tracker;2025-02-06
19548;264;vpn;2025-05-26
19549;1485;weather app;2025-03-02
19550;1330;music player;2025-02-23
19551;1565;grocery list;2025-01-22
19552;1656;crypto tracker;2025-03-01
19553;435;learn english;2025-04-15
19554;1833;photo editor;2025-04-21
19555;832;puzzle games;2025-06-20
19556;966;crypto tracker;2025-06-23
19557;630;video editor;2025-05-30
19558;997;budget app;2025-05-05
19559;235;learn english;2025-06-04
19560;1080;travel planner;2025-03-26
19561;1839;photo editor;2025-01-29
19562;242;vpn;2025-05-07
19563;1117;meditation app;2025-02-02
19564;492;travel planner;2025-01-16
19565;1871;chat app;2025-05-07
19566;241;recipe app;2025-06-15
19567;756;task manager;2025-04-13
19568;22;fitness tracker;2025-04-13
19569;618;music player;2025-02-23
19570;826;fitness tracker;2025-03-19
19571;695;task manager;2025-05-18
19572;1478;crypto tracker;2025-04-07
19573;1518;travel planner;2025-02-22
19574;914;photo editor;2025-03-13
19575;946;grocery list;2025-05-08
19576;710;free games;2025-05-13
19577;1373;free games;2025-04-02
19578;1324;meditation app;2025-06-10
19579;135;photo editor;2025-05-08
19580;1083;note taking;2025-06-11
19581;629;note taking;2025-01-13
19582;124;music player;2025-05-05
19583;1691;note taking;2025-05-11
19584;1234;note taking;2025-02-13
19585;566;crypto tracker;2025-03-01
19586;905;puzzle games;2025-02-22
19587;832;language learning;2025-04-20
19588;1960;budget app;2025-03-15
19589;634;grocery list;2025-04-12
19590;1610;meditation app;2025-01-30
19591;245;grocery list;2025-05-15
19592;156;video editor;2025-01-18
19593;1078;fitness tracker;2025-05-06
19594;1469;meditation app;2025-06-15
19595;452;crypto tracker;2025-04-25
19596;950;crypto tracker;2025-05-31
19597;856;meditation app;2025-05-13
19598;1518;crypto tracker;2025-04-06
19599;1435;music player;2025-04-29
19600;1835;weather app;2025-06-27
19601;497;learn english;2025-06-13
19602;1058;task manager;2025-01-27
19603;651;video editor;2025-05-07
19604;670;crypto tracker;2025-01-31
19605;1679;chat app;2025-03-27
19606;568;vpn;2025-03-29
19607;1356;meditation app;2025-06-02
19608;936;free games;2025-04-28
19609;1232;budget app;2025-05-02
19610;1830;meditation app;2025-06-14
19611;114;crypto tracker;2025-06-11
19612;1311;vpn;2025-03-28
19613;1984;chat app;2025-01-07
19614;41;photo editor;2025-05-05
19615;402;learn english;2025-03-09
19616;214;music player;2025-05-01
19617;353;vpn;2025-05-31
19618;360;learn english;2025-06-13
19619;376;travel planner;2025-06-10
19620;1136;vpn;2025-04-08
19621;918;music player;2025-03-08
19622;108;vpn;2025-04-04
19623;701;fitness tracker;2025-03-25
19624;1744;learn english;2025-05-08
19625;961;crypto tracker;2025-06-12
19626;1090;vpn;2025-04-21
19627;657;music player;2025-06-16
19628;827;crypto tracker;2025-02-09
19629;1556;note taking;2025-02-25
19630;897;crypto tracker;2025-02-09
19631;1035;music player;2025-02-09
19632;49;fitness tracker;2025-02-02
19633;106;note taking;2025-01-19
19634;8;video editor;2025-03-16
19635;1853;travel planner;2025-04-14
19636;86;meditation app;2025-02-11
19637;771;recipe app;2025-02-10
19638;1463;budget app;2025-06-25
19639;219;note taking;2025-05-12
19640;945;video editor;2025-01-13
19641;1276;video editor;2025-04-26
19642;1947;weather app;2025-04-23
19643;349;vpn;2025-01-09
19644;113;travel planner;2025-03-03
19645;330;learn english;2025-05-27
19646;702;language learning;2025-06-09
19647;400;fitness tracker;2025-01-16
19648;767;free games;2025-04-19
19649;1492;vpn;2025-01-11
19650;813;travel planner;2025-04-10
19651;1865;learn english;2025-06-22
19652;1477;recipe app;2025-05-19
19653;1065;note taking;2025-03-11
19654;1372;vpn;2025-02-02
19655;446;language learning;2025-03-06
19656;1189;note taking;2025-01-19
19657;212;free games;2025-01-09
19658;1628;fitness tracker;2025-01-09
19659;1102;travel planner;2025-04-07
19660;1007;language learning;2025-01-09
19661;610;budget app;2025-04-16
19662;295;weather app;2025-02-17
19663;198;vpn;2025-01-31
19664;1427;meditation app;2025-03-22
19665;256;puzzle games;2025-04-07
19666;969;travel planner;2025-02-15
19667;1824;travel planner;2025-04-15
19668;57;recipe app;2025-05-14
19669;882;vpn;2025-03-01
19670;166;note taking;2025-06-23
19671;1632;chat app;2025-03-11
19672;1841;fitness tracker;2025-02-15
19673;68;job search;2025-01-12
19674;1848;crypto tracker;2025-02-25
19675;162;budget app;2025-04-27
19676;937;fitness tracker;2025-02-12
19677;294;grocery list;2025-04-30
19678;520;puzzle games;2025-06-02
19679;1783;recipe app;2025-05-10
19680;1161;chat app;2025-04-13
19681;997;crypto tracker;2025-02-12
19682;1108;language learning;2025-01-09
19683;169;job search;2025-04-11
19684;1816;job search;2025-06-20
19685;1775;task manager;2025-04-26
19686;1957;chat app;2025-05-09
19687;1563;task manager;2025-01-15
19688;242;learn english;2025-01-17
19689;1652;chat app;2025-01-09
19690;1338;vpn;2025-02-14
19691;1408;travel planner;2025-02-08
19692;1936;chat app;2025-05-16
19693;456;vpn;2025-02-12
19694;303;chat app;2025-04-30
19695;1012;recipe app;2025-01-12
19696;553;crypto tracker;2025-05-15
19697;1643;free games;2025-04-12
19698;1338;weather app;2025-06-11
19699;384;note taking;2025-03-13
19700;1127;puzzle games;2025-04-13
19701;1125;note taking;2025-04-15
19702;71;note taking;2025-01-29
19703;1897;fitness tracker;2025-04-18
19704;215;language learning;2025-04-04
19705;666;crypto tracker;2025-02-03
19706;957;travel planner;2025-03-05
19707;403;travel planner;2025-05-27
19708;961;budget app;2025-02-03
19709;248;crypto tracker;2025-06-21
19710;781;photo editor;2025-04-09
19711;1255;budget app;2025-03-21
19712;970;language learning;2025-01-19
19713;104;music player;2025-06-06
19714;1756;video editor;2025-06-19
19715;1553;vpn;2025-03-09
19716;602;photo editor;2025-05-31
19717;1533;budget app;2025-03-09
19718;407;job search;2025-04-30
19719;1776;budget app;2025-02-12
19720;1266;video editor;2025-04-28
19721;1894;budget app;2025-03-26
19722;22;chat app;2025-03-24
19723;847;fitness tracker;2025-03-02
19724;1945;meditation app;2025-02-17
19725;1543;note taking;2025-04-12
19726;1368;note taking;2025-03-25
19727;1656;language learning;2025-01-03
19728;603;grocery list;2025-04-02
19729;1787;photo editor;2025-01-22
19730;1199;travel planner;2025-01-09
19731;1867;language learning;2025-03-23
19732;1542;language learning;2025-03-02
19733;361;fitness tracker;2025-06-22
19734;828;job search;2025-06-04
19735;146;learn english;2025-01-20
19736;1668;job search;2025-05-11
19737;690;learn english;2025-02-16
19738;712;puzzle games;2025-02-13
19739;1396;meditation app;2025-02-15
19740;1632;travel planner;2025-01-20
19741;831;puzzle games;2025-03-16
19742;1934;music player;2025-02-07
19743;268;puzzle games;2025-02-06
19744;1893;vpn;2025-03-05
19745;1119;note taking;2025-01-19
19746;1131;meditation app;2025-03-26
19747;1620;job search;2025-04-10
19748;178;job search;2025-04-14
19749;767;job search;2025-02-11
19750;328;note taking;2025-04-04
19751;1722;task manager;2025-05-14
19752;1767;weather app;2025-04-22
19753;887;free games;2025-05-08
19754;1199;grocery list;2025-02-25
19755;482;crypto tracker;2025-01-13
19756;1053;chat app;2025-02-19
19757;967;task manager;2025-02-25
19758;804;learn english;2025-04-01
19759;1707;travel planner;2025-02-16
19760;1745;language learning;2025-04-17
19761;1070;language learning;2025-04-08
19762;1320;task manager;2025-01-07
19763;1111;free games;2025-05-04
19764;1206;vpn;2025-04-17
19765;688;weather app;2025-01-14
19766;52;budget app;2025-02-17
19767;1663;music player;2025-05-05
19768;747;free games;2025-06-07
19769;414;video editor;2025-06-18
19770;1668;free games;2025-03-13
19771;964;free games;2025-06-08
19772;319;grocery list;2025-01-10
19773;481;weather app;2025-04-26
19774;1642;photo editor;2025-03-09
19775;291;learn english;2025-02-25
19776;1648;job search;2025-03-15
19777;921;fitness tracker;2025-05-08
19778;1696;travel planner;2025-02-28
19779;1186;fitness tracker;2025-06-11
19780;295;video editor;2025-06-30
19781;1031;puzzle games;2025-03-13
19782;1791;travel planner;2025-03-25
19783;533;fitness tracker;2025-05-08
19784;1686;video editor;2025-02-02
19785;1251;weather app;2025-03-05
19786;1925;language learning;2025-05-27
19787;1787;task manager;2025-02-24
19788;290;crypto tracker;2025-01-08
19789;1391;job search;2025-02-14
19790;1635;task manager;2025-01-22
19791;1602;puzzle games;2025-03-30
19792;1253;task manager;2025-01-27
19793;1292;video editor;2025-01-20
19794;1362;task manager;2025-01-07
19795;1208;task manager;2025-01-08
19796;1229;grocery list;2025-05-24
19797;1483;budget app;2025-03-09
19798;40;puzzle games;2025-02-23
19799;474;language learning;2025-02-15
19800;897;music player;2025-03-10
19801;1593;crypto tracker;2025-03-26
19802;1698;music player;2025-02-17
19803;992;vpn;2025-06-04
19804;531;music player;2025-04-10
19805;1001;weather app;2025-02-04
19806;1413;job search;2025-02-15
19807;380;music player;2025-01-27
19808;1640;recipe app;2025-03-31
19809;488;music player;2025-03-23
19810;103;learn english;2025-04-11
19811;1267;travel planner;2025-02-18
19812;1592;fitness tracker;2025-05-26
19813;1910;meditation app;2025-03-06
19814;741;learn english;2025-01-22
19815;1444;language learning;2025-03-28
19816;1669;photo editor;2025-04-19
19817;9;grocery list;2025-04-13
19818;356;crypto tracker;2025-06-01
19819;1605;recipe app;2025-01-28
19820;461;chat app;2025-05-29
19821;871;video editor;2025-01-02
19822;1945;recipe app;2025-04-29
19823;663;music player;2025-06-14
19824;1178;language learning;2025-04-12
19825;1524;crypto tracker;2025-05-03
19826;135;photo editor;2025-05-12
19827;176;chat app;2025-02-04
19828;1349;free games;2025-04-27
19829;318;chat app;2025-05-27
19830;244;travel planner;2025-01-23
19831;1101;note taking;2025-04-13
19832;676;vpn;2025-01-14
19833;1588;video editor;2025-02-25
19834;887;travel planner;2025-06-27
19835;1361;task manager;2025-03-29
19836;1855;photo editor;2025-04-07
19837;939;video editor;2025-06-16
19838;1790;vpn;2025-04-01
19839;1270;puzzle games;2025-05-29
19840;155;puzzle games;2025-04-08
19841;1690;video editor;2025-05-30
19842;907;language learning;2025-01-16
19843;1517;fitness tracker;2025-02-05
19844;405;language learning;2025-03-12
19845;628;travel planner;2025-05-27
19846;1625;vpn;2025-06-25
19847;214;crypto tracker;2025-03-02
19848;923;free games;2025-03-10
19849;404;note taking;2025-02-09
19850;608;puzzle games;2025-01-27
19851;1745;video editor;2025-02-09
19852;881;chat app;2025-01-31
19853;1019;meditation app;2025-05-01
19854;1565;note taking;2025-03-11
19855;303;fitness tracker;2025-02-07
19856;203;fitness tracker;2025-06-24
19857;618;music player;2025-06-15
19858;221;travel planner;2025-05-03
19859;393;task manager;2025-01-24
19860;1369;travel planner;2025-01-08
19861;1878;weather app;2025-03-07
19862;909;chat app;2025-01-27
19863;930;recipe app;2025-01-26
19864;65;fitness tracker;2025-06-01
19865;1901;vpn;2025-05-19
19866;485;grocery list;2025-03-25
19867;31;task manager;2025-02-22
19868;482;fitness tracker;2025-05-02
19869;208;free games;2025-03-18
19870;644;chat app;2025-03-24
19871;180;chat app;2025-03-23
19872;1332;video editor;2025-02-21
19873;1377;crypto tracker;2025-02-27
19874;135;meditation app;2025-01-20
19875;1240;photo editor;2025-04-08
19876;472;chat app;2025-03-31
19877;535;meditation app;2025-06-10
19878;175;vpn;2025-03-08
19879;1773;chat app;2025-03-04
19880;1919;task manager;2025-02-12
19881;663;crypto tracker;2025-01-28
19882;993;video editor;2025-05-20
19883;1171;music player;2025-06-26
19884;1381;music player;2025-01-09
19885;816;grocery list;2025-02-04
19886;1167;travel planner;2025-03-07
19887;699;grocery list;2025-06-26
19888;86;fitness tracker;2025-05-12
19889;1908;crypto tracker;2025-03-30
19890;944;learn english;2025-06-22
19891;1141;video editor;2025-05-27
19892;1955;learn english;2025-05-25
19893;1360;task manager;2025-01-22
19894;875;fitness tracker;2025-04-05
19895;1929;crypto tracker;2025-06-02
19896;1240;chat app;2025-01-28
19897;1885;crypto tracker;2025-03-24
19898;510;video editor;2025-03-28
19899;205;chat app;2025-02-25
19900;1886;task manager;2025-04-22
19901;228;weather app;2025-04-17
19902;955;crypto tracker;2025-04-09
19903;168;video editor;2025-01-26
19904;880;free games;2025-03-23
19905;559;weather app;2025-02-27
19906;928;free games;2025-05-04
19907;1541;weather app;2025-04-08
19908;962;photo editor;2025-02-02
19909;1021;note taking;2025-05-04
19910;9;video editor;2025-06-05
19911;1542;vpn;2025-03-03
19912;1648;photo editor;2025-02-14
19913;222;meditation app;2025-05-16
19914;1670;puzzle games;2025-03-19
19915;1754;free games;2025-06-19
19916;1408;language learning;2025-06-09
19917;1577;meditation app;2025-02-05
19918;1217;video editor;2025-04-25
19919;289;budget app;2025-03-11
19920;183;grocery list;2025-04-21
19921;348;puzzle games;2025-02-20
19922;134;puzzle games;2025-01-28
19923;1321;language learning;2025-04-24
19924;1131;meditation app;2025-03-22
19925;1523;grocery list;2025-04-09
19926;1414;note taking;2025-05-06
19927;1976;note taking;2025-01-04
19928;1820;learn english;2025-06-05
19929;1681;music player;2025-06-13
19930;745;vpn;2025-03-05
19931;1797;learn english;2025-04-26
19932;1996;recipe app;2025-03-25
19933;1637;free games;2025-03-08
19934;801;learn english;2025-04-22
19935;230;crypto tracker;2025-06-30
19936;480;grocery list;2025-03-11
19937;101;weather app;2025-06-04
19938;1788;meditation app;2025-02-02
19939;1732;language learning;2025-05-03
19940;689;crypto tracker;2025-03-30
19941;902;video editor;2025-05-31
19942;1295;budget app;2025-05-29
19943;603;photo editor;2025-03-08
19944;266;vpn;2025-06-18
19945;1541;budget app;2025-06-07
19946;723;language learning;2025-02-20
19947;837;budget app;2025-02-25
19948;1044;recipe app;2025-06-15
19949;660;fitness tracker;2025-05-10
19950;1548;task manager;2025-02-17
19951;389;learn english;2025-02-23
19952;305;puzzle games;2025-06-08
19953;876;job search;2025-05-12
19954;443;crypto tracker;2025-02-21
19955;1912;vpn;2025-05-18
19956;1433;vpn;2025-06-08
19957;1186;learn english;2025-06-05
19958;949;meditation app;2025-04-15
19959;507;task manager;2025-04-03
19960;1049;language learning;2025-06-30
19961;1641;travel planner;2025-02-07
19962;291;recipe app;2025-06-15
19963;1429;note taking;2025-02-28
19964;999;video editor;2025-02-20
19965;863;language learning;2025-02-15
19966;1030;job search;2025-01-25
19967;158;meditation app;2025-01-30
19968;1977;video editor;2025-04-05
19969;1764;chat app;2025-06-13
19970;702;puzzle games;2025-03-27
19971;711;chat app;2025-06-05
19972;552;vpn;2025-01-13
19973;871;travel planner;2025-05-14
19974;1261;recipe app;2025-05-09
19975;1595;music player;2025-06-05
19976;540;grocery list;2025-04-16
19977;483;budget app;2025-06-05
19978;1176;meditation app;2025-06-30
19979;309;task manager;2025-03-27
19980;667;note taking;2025-02-01
19981;915;travel planner;2025-02-22
19982;1436;puzzle games;2025-03-18
19983;1869;weather app;2025-01-22
19984;640;travel planner;2025-06-30
19985;244;note taking;2025-02-10
19986;1866;photo editor;2025-04-02
19987;517;crypto tracker;2025-01-09
19988;1188;language learning;2025-04-29
19989;1726;language learning;2025-02-07
19990;638;music player;2025-05-21
19991;1954;vpn;2025-05-07
19992;536;budget app;2025-03-21
19993;47;vpn;2025-02-10
19994;1525;job search;2025-06-12
19995;1415;meditation app;2025-01-06
19996;412;vpn;2025-03-06
19997;1887;meditation app;2025-04-21
19998;779;weather app;2025-01-13
19999;1976;meditation app;2025-06-18
20000;1806;meditation app;2025-05-27
